label,seg,start,end,ret_pct,max_dd_pct,sharpe,win_rate,n_trades,bench_pct,excess_pp
momentum_20(+),full,,,-15.6,-20.25,-1.35,16.7,37,-13.73,-1.87
reversal_5(+),full,,,-16.58,-18.9,-1.12,31.4,71,-13.73,-2.85
volatility_20(+),full,,,-11.64,-16.76,-0.75,25.0,49,-13.73,2.09
turnover_avg_5(+),full,,,-21.97,-22.48,-1.61,16.0,51,-13.73,-8.24
vol_price_div_20(+),full,,,-11.34,-13.2,-0.89,23.8,42,-13.73,2.39
ma_align_5_20_60(+),full,,,-9.74,-10.07,-0.69,24.0,51,-13.73,3.99
amihud_20(+),full,,,-10.98,-16.4,-1.18,21.4,29,-13.73,2.75
turnover_spike_20(+),full,,,-20.4,-20.74,-2.62,5.3,39,-13.73,-6.67
limit_up_count(+),full,,,-17.29,-24.46,-1.19,35.6,178,-13.73,-3.56
price_gap(+),full,,,-21.37,-28.61,-1.36,34.0,98,-13.73,-7.64
reversal_5(-),full,,,-34.58,-34.68,-2.58,30.8,80,-13.73,-20.85
momentum_20(-),full,,,-7.86,-13.32,-0.69,29.4,37,-13.73,5.87
volatility_20(-),full,,,-7.4,-9.11,-1.57,30.8,27,-13.73,6.33
