date,regime,factor,ic,n
2026-05-08,SHOCK,amihud_20,0.07922654641461281,295
2026-05-08,SHOCK,ma_align_5_20_60,0.062275046841991685,295
2026-05-08,SHOCK,momentum_20,0.06072505088603281,295
2026-05-08,SHOCK,reversal_5,-0.09993271272004631,295
2026-05-08,SHOCK,turnover_avg_5,-0.08531767803594603,295
2026-05-08,SHOCK,turnover_spike_20,-0.06281190259751913,295
2026-05-08,SHOCK,vol_price_div_20,0.06765615419430271,295
2026-05-08,SHOCK,volatility_20,-0.16324662784394225,295
2026-05-11,SHOCK,amihud_20,0.19736396556945643,297
2026-05-11,SHOCK,ma_align_5_20_60,0.11367422455588393,297
2026-05-11,SHOCK,momentum_20,0.08953407386999476,297
2026-05-11,SHOCK,reversal_5,-0.032743636550446376,297
2026-05-11,SHOCK,turnover_avg_5,-0.0006137929115393731,297
2026-05-11,SHOCK,turnover_spike_20,-0.09082715122106773,297
2026-05-11,SHOCK,vol_price_div_20,0.12863175597336554,297
2026-05-11,SHOCK,volatility_20,-0.08728593256501482,297
2026-05-12,SHOCK,amihud_20,0.22401856569084624,299
2026-05-12,SHOCK,ma_align_5_20_60,0.06879858568117007,299
2026-05-12,SHOCK,momentum_20,0.06613298604587688,299
2026-05-12,SHOCK,reversal_5,-0.06604214568291428,299
2026-05-12,SHOCK,turnover_avg_5,0.01915018957489065,299
2026-05-12,SHOCK,turnover_spike_20,-0.10400283989167984,299
2026-05-12,SHOCK,vol_price_div_20,0.07485983197457254,299
2026-05-12,SHOCK,volatility_20,-0.036796035644097516,299
2026-05-13,SHOCK,amihud_20,0.19410163500295316,299
2026-05-13,SHOCK,ma_align_5_20_60,0.01690740123439594,299
2026-05-13,SHOCK,momentum_20,0.0383933279118287,299
2026-05-13,SHOCK,reversal_5,0.03878941819492353,299
2026-05-13,SHOCK,turnover_avg_5,-0.13529598332158616,299
2026-05-13,SHOCK,turnover_spike_20,-0.05350543276367281,299
2026-05-13,SHOCK,vol_price_div_20,0.0330127381021993,299
2026-05-13,SHOCK,volatility_20,-0.14269132964273432,299
2026-05-14,SHOCK,amihud_20,0.014642995066664711,299
2026-05-14,SHOCK,ma_align_5_20_60,-0.011690264587478958,299
2026-05-14,SHOCK,momentum_20,-0.004629993342468258,299
2026-05-14,SHOCK,reversal_5,-0.119337884167574,299
2026-05-14,SHOCK,turnover_avg_5,-0.15226079686884755,299
2026-05-14,SHOCK,turnover_spike_20,0.04554174379270346,299
2026-05-14,SHOCK,vol_price_div_20,-0.018763291001289893,299
2026-05-14,SHOCK,volatility_20,-0.15997240914596958,299
2026-05-15,SHOCK,amihud_20,-0.09083950565780267,298
2026-05-15,SHOCK,ma_align_5_20_60,0.08431886014569162,298
2026-05-15,SHOCK,momentum_20,0.15012365272974912,298
2026-05-15,SHOCK,reversal_5,-0.08386603381985121,298
2026-05-15,SHOCK,turnover_avg_5,0.040322427054416944,298
2026-05-15,SHOCK,turnover_spike_20,0.11710993735926084,298
2026-05-15,SHOCK,vol_price_div_20,0.13984575124424367,298
2026-05-15,SHOCK,volatility_20,-0.0016363046043258533,298
2026-05-18,SHOCK,amihud_20,-0.15935554228996512,299
2026-05-18,SHOCK,ma_align_5_20_60,-0.02422206624597691,299
2026-05-18,SHOCK,momentum_20,0.025307264093432463,299
2026-05-18,SHOCK,reversal_5,-0.08781003410820985,299
2026-05-18,SHOCK,turnover_avg_5,-0.11741591564452754,299
2026-05-18,SHOCK,turnover_spike_20,0.23330795788973546,299
2026-05-18,SHOCK,vol_price_div_20,0.05688983003580051,299
2026-05-18,SHOCK,volatility_20,-0.09123285712577134,299
2026-05-19,SHOCK,amihud_20,-0.21175854151426024,298
2026-05-19,SHOCK,ma_align_5_20_60,-0.005844394744435404,298
2026-05-19,SHOCK,momentum_20,-0.06021815434684798,298
2026-05-19,SHOCK,reversal_5,0.07460050585568455,298
2026-05-19,SHOCK,turnover_avg_5,-0.12822332468060268,298
2026-05-19,SHOCK,turnover_spike_20,0.09486918516003637,298
2026-05-19,SHOCK,vol_price_div_20,-0.03864668033239812,298
2026-05-19,SHOCK,volatility_20,-0.023414556063003203,298
2026-05-20,SHOCK,amihud_20,-0.12611618884209236,298
2026-05-20,SHOCK,ma_align_5_20_60,0.05156214008028001,298
2026-05-20,SHOCK,momentum_20,0.0586785424638576,298
2026-05-20,SHOCK,reversal_5,-0.07500180250287437,298
2026-05-20,SHOCK,turnover_avg_5,-0.11364992617698001,298
2026-05-20,SHOCK,turnover_spike_20,0.10281656865917024,298
2026-05-20,SHOCK,vol_price_div_20,0.058208531882384444,298
2026-05-20,SHOCK,volatility_20,-0.04856475754467877,298
2026-05-21,SHOCK,amihud_20,-0.1128832758430268,299
2026-05-21,SHOCK,ma_align_5_20_60,0.1817771370393297,299
2026-05-21,SHOCK,momentum_20,0.1355963894384856,299
2026-05-21,SHOCK,reversal_5,0.04911520445009885,299
2026-05-21,SHOCK,turnover_avg_5,0.13374252752046253,299
2026-05-21,SHOCK,turnover_spike_20,0.1171161798367111,299
2026-05-21,SHOCK,vol_price_div_20,0.1466190298438094,299
2026-05-21,SHOCK,volatility_20,0.17242967185344896,299
2026-05-22,SHOCK,amihud_20,-0.09047711588449682,300
2026-05-22,SHOCK,ma_align_5_20_60,0.05063933815351415,300
2026-05-22,SHOCK,momentum_20,0.14240161317637925,300
2026-05-22,SHOCK,reversal_5,-0.07994656821211783,300
2026-05-22,SHOCK,turnover_avg_5,-0.22156051035757096,300
2026-05-22,SHOCK,turnover_spike_20,-0.047285027626487154,300
2026-05-22,SHOCK,vol_price_div_20,0.1533508483719978,300
2026-05-22,SHOCK,volatility_20,-0.15625348268195868,300
2026-05-25,SHOCK,amihud_20,0.14319705275660946,300
2026-05-25,SHOCK,ma_align_5_20_60,-0.08747100394453654,300
2026-05-25,SHOCK,momentum_20,-0.06475275626439048,300
2026-05-25,SHOCK,reversal_5,0.13557123506126464,300
2026-05-25,SHOCK,turnover_avg_5,-0.23074659795043725,300
2026-05-25,SHOCK,turnover_spike_20,-0.16412603568363004,300
2026-05-25,SHOCK,vol_price_div_20,-0.05078410073792854,300
2026-05-25,SHOCK,volatility_20,-0.23263595983414304,300
2026-05-26,SHOCK,amihud_20,0.11028481605171604,300
2026-05-26,SHOCK,ma_align_5_20_60,-0.09342961246401581,300
2026-05-26,SHOCK,momentum_20,0.02386944263119024,300
2026-05-26,SHOCK,reversal_5,0.1001247131065233,300
2026-05-26,SHOCK,turnover_avg_5,-0.22365056241372575,300
2026-05-26,SHOCK,turnover_spike_20,-0.1751767995996715,300
2026-05-26,SHOCK,vol_price_div_20,0.03262200863906708,300
2026-05-26,SHOCK,volatility_20,-0.2114057311220717,300
2026-05-27,BULL,amihud_20,0.029331005602734307,300
2026-05-27,BULL,ma_align_5_20_60,-0.06415047054763853,300
2026-05-27,BULL,momentum_20,-0.08442145750193447,300
2026-05-27,BULL,reversal_5,0.055012215702143985,300
2026-05-27,BULL,turnover_avg_5,-0.14168074831088337,300
2026-05-27,BULL,turnover_spike_20,-0.08284095727329223,300
2026-05-27,BULL,vol_price_div_20,-0.07917428342473444,300
2026-05-27,BULL,volatility_20,-0.1271419136399035,300
2026-05-28,BULL,amihud_20,-3.511151684419811e-05,300
2026-05-28,BULL,ma_align_5_20_60,-0.005780539287525901,300
2026-05-28,BULL,momentum_20,0.07411375354935108,300
2026-05-28,BULL,reversal_5,-0.1611314354223111,300
2026-05-28,BULL,turnover_avg_5,-0.23152045312525898,300
2026-05-28,BULL,turnover_spike_20,0.0548050777475705,300
2026-05-28,BULL,vol_price_div_20,0.05353840239247534,300
2026-05-28,BULL,volatility_20,-0.19270933797459117,300
2026-05-29,BULL,amihud_20,0.2085026149805841,299
2026-05-29,BULL,ma_align_5_20_60,-0.17842939159782512,299
2026-05-29,BULL,momentum_20,-0.1449574807476251,299
2026-05-29,BULL,reversal_5,0.13907970640389666,299
2026-05-29,BULL,turnover_avg_5,-0.17951561132185584,299
2026-05-29,BULL,turnover_spike_20,-0.05043433368499024,299
2026-05-29,BULL,vol_price_div_20,-0.1754488114744899,299
2026-05-29,BULL,volatility_20,-0.24252474691926107,299
2026-06-01,BULL,amihud_20,-0.05294505037113497,300
2026-06-01,BULL,ma_align_5_20_60,-0.02146856742739951,300
2026-06-01,BULL,momentum_20,0.02270337093857978,300
2026-06-01,BULL,reversal_5,0.03448710733527764,300
2026-06-01,BULL,turnover_avg_5,-0.08661810240717681,300
2026-06-01,BULL,turnover_spike_20,0.05388283888138131,300
2026-06-01,BULL,vol_price_div_20,0.003429594805362963,300
2026-06-01,BULL,volatility_20,-0.041813367419651686,300
2026-06-02,BULL,amihud_20,0.015809153787312527,298
2026-06-02,BULL,ma_align_5_20_60,-0.061626748531422734,298
2026-06-02,BULL,momentum_20,-0.03559015142343744,298
2026-06-02,BULL,reversal_5,0.13396519837363732,298
2026-06-02,BULL,turnover_avg_5,-0.04663685629852802,298
2026-06-02,BULL,turnover_spike_20,-0.053786764722566056,298
2026-06-02,BULL,vol_price_div_20,-0.06754265798385707,298
2026-06-02,BULL,volatility_20,-0.028810038485037767,298
2026-06-03,SHOCK,amihud_20,0.04870544629566587,300
2026-06-03,SHOCK,ma_align_5_20_60,-0.16986079407805454,300
2026-06-03,SHOCK,momentum_20,-0.11067104434640257,300
2026-06-03,SHOCK,reversal_5,0.01815894712163873,300
2026-06-03,SHOCK,turnover_avg_5,-0.22992329801109004,300
2026-06-03,SHOCK,turnover_spike_20,-0.11328262979010277,300
2026-06-03,SHOCK,vol_price_div_20,-0.1274539030835646,300
2026-06-03,SHOCK,volatility_20,-0.20600924655027752,300
2026-06-04,SHOCK,amihud_20,0.0664727607438211,300
2026-06-04,SHOCK,ma_align_5_20_60,-0.17050335754462034,300
2026-06-04,SHOCK,momentum_20,-0.1568371282471431,300
2026-06-04,SHOCK,reversal_5,0.05105196098224053,300
2026-06-04,SHOCK,turnover_avg_5,-0.24881551422200993,300
2026-06-04,SHOCK,turnover_spike_20,-0.15479132705630713,300
2026-06-04,SHOCK,vol_price_div_20,-0.16171251737659673,300
2026-06-04,SHOCK,volatility_20,-0.1827814251652093,300
2026-06-05,SHOCK,amihud_20,-0.14456039062917478,300
2026-06-05,SHOCK,ma_align_5_20_60,-0.07885204260583704,300
2026-06-05,SHOCK,momentum_20,-0.13512139018206998,300
2026-06-05,SHOCK,reversal_5,0.015675129240969667,300
2026-06-05,SHOCK,turnover_avg_5,-0.14378526789121676,300
2026-06-05,SHOCK,turnover_spike_20,-0.04520578919829092,300
2026-06-05,SHOCK,vol_price_div_20,-0.12225006955747901,300
2026-06-05,SHOCK,volatility_20,-0.1103363217123267,300
2026-06-08,SHOCK,amihud_20,-0.22921819282299416,300
2026-06-08,SHOCK,ma_align_5_20_60,-0.031194909593825444,300
2026-06-08,SHOCK,momentum_20,-0.1415221878084165,300
2026-06-08,SHOCK,reversal_5,0.11184464112160049,300
2026-06-08,SHOCK,turnover_avg_5,-0.15389162454337113,300
2026-06-08,SHOCK,turnover_spike_20,-0.2556989932871614,300
2026-06-08,SHOCK,vol_price_div_20,-0.15995399936138763,300
2026-06-08,SHOCK,volatility_20,-0.1261103621507678,300
2026-06-09,SHOCK,amihud_20,-0.14999027765904174,300
2026-06-09,SHOCK,ma_align_5_20_60,0.026130156839698188,300
2026-06-09,SHOCK,momentum_20,-0.15532304402016472,300
2026-06-09,SHOCK,reversal_5,0.10153724101078616,300
2026-06-09,SHOCK,turnover_avg_5,-0.05130173813238662,300
2026-06-09,SHOCK,turnover_spike_20,-0.03806913195608074,300
2026-06-09,SHOCK,vol_price_div_20,-0.16693070693096554,300
2026-06-09,SHOCK,volatility_20,-0.04634567755830988,300
2026-06-10,SHOCK,amihud_20,-0.36505225894307736,300
2026-06-10,SHOCK,ma_align_5_20_60,0.274376964685197,300
2026-06-10,SHOCK,momentum_20,0.05446219699921447,300
2026-06-10,SHOCK,reversal_5,0.014353064315230521,300
2026-06-10,SHOCK,turnover_avg_5,0.21849343797903234,300
2026-06-10,SHOCK,turnover_spike_20,-0.14978952532226297,300
2026-06-10,SHOCK,vol_price_div_20,0.0033227054315638806,300
2026-06-10,SHOCK,volatility_20,0.25768545077474325,300
2026-06-11,SHOCK,amihud_20,-0.23440104644707624,299
2026-06-11,SHOCK,ma_align_5_20_60,0.19746681762017246,299
2026-06-11,SHOCK,momentum_20,0.06788539470254462,299
2026-06-11,SHOCK,reversal_5,-0.023249179252088754,299
2026-06-11,SHOCK,turnover_avg_5,0.14567519232360054,299
2026-06-11,SHOCK,turnover_spike_20,0.005730309146956753,299
2026-06-11,SHOCK,vol_price_div_20,0.05699760408491891,299
2026-06-11,SHOCK,volatility_20,0.17247671620131125,299
2026-06-12,SHOCK,amihud_20,-0.33369811561034174,300
2026-06-12,SHOCK,ma_align_5_20_60,0.18835572948972717,300
2026-06-12,SHOCK,momentum_20,0.04393987525849433,300
2026-06-12,SHOCK,reversal_5,0.05260643243563611,300
2026-06-12,SHOCK,turnover_avg_5,0.1674620653655979,300
2026-06-12,SHOCK,turnover_spike_20,0.014031506388589271,300
2026-06-12,SHOCK,vol_price_div_20,0.020812923359403643,300
2026-06-12,SHOCK,volatility_20,0.21133682870993414,300
2026-06-15,SHOCK,amihud_20,0.03204104759913115,300
2026-06-15,SHOCK,ma_align_5_20_60,0.11844697315631925,300
2026-06-15,SHOCK,momentum_20,0.04573744282014788,300
2026-06-15,SHOCK,reversal_5,-0.023733615499658117,300
2026-06-15,SHOCK,turnover_avg_5,0.02558585974300691,300
2026-06-15,SHOCK,turnover_spike_20,-0.024735849637330946,300
2026-06-15,SHOCK,vol_price_div_20,0.02155270068211463,300
2026-06-15,SHOCK,volatility_20,0.02499007488200894,300
2026-06-16,SHOCK,amihud_20,-0.14344387979595846,300
2026-06-16,SHOCK,ma_align_5_20_60,0.12994975361385516,300
2026-06-16,SHOCK,momentum_20,0.1333266814031398,300
2026-06-16,SHOCK,reversal_5,-0.23964377283060576,300
2026-06-16,SHOCK,turnover_avg_5,0.02855366328677858,300
2026-06-16,SHOCK,turnover_spike_20,0.0821627272137448,300
2026-06-16,SHOCK,vol_price_div_20,0.11685980780887538,300
2026-06-16,SHOCK,volatility_20,0.005870734506265986,300
2026-06-17,SHOCK,amihud_20,-0.1562948824531161,300
2026-06-17,SHOCK,ma_align_5_20_60,0.07010871130868526,300
2026-06-17,SHOCK,momentum_20,0.09512690873103131,300
2026-06-17,SHOCK,reversal_5,-0.18884456228463595,300
2026-06-17,SHOCK,turnover_avg_5,-0.0779068829446753,300
2026-06-17,SHOCK,turnover_spike_20,0.09450529328221507,300
2026-06-17,SHOCK,vol_price_div_20,0.07817558740136465,300
2026-06-17,SHOCK,volatility_20,-0.14529831338088856,300
2026-06-18,SHOCK,amihud_20,-0.08478364638881108,300
2026-06-18,SHOCK,ma_align_5_20_60,0.005536467729267694,300
2026-06-18,SHOCK,momentum_20,0.08075537761770489,300
2026-06-18,SHOCK,reversal_5,-0.12325590801717029,300
2026-06-18,SHOCK,turnover_avg_5,-0.21223134133996532,300
2026-06-18,SHOCK,turnover_spike_20,-0.0454516363300243,300
2026-06-18,SHOCK,vol_price_div_20,0.026727197736509816,300
2026-06-18,SHOCK,volatility_20,-0.2546413869671635,300
2026-06-22,SHOCK,amihud_20,0.052831043196268634,300
2026-06-22,SHOCK,ma_align_5_20_60,-0.058092902875801204,300
2026-06-22,SHOCK,momentum_20,0.004659386139709698,300
2026-06-22,SHOCK,reversal_5,-0.009474145270295086,300
2026-06-22,SHOCK,turnover_avg_5,-0.26833215220884277,300
2026-06-22,SHOCK,turnover_spike_20,-0.036255299782287316,300
2026-06-22,SHOCK,vol_price_div_20,0.005611396929165335,300
2026-06-22,SHOCK,volatility_20,-0.32898861742656116,300
2026-06-23,SHOCK,amihud_20,-0.3962808915966748,300
2026-06-23,SHOCK,ma_align_5_20_60,0.1637126261948431,300
2026-06-23,SHOCK,momentum_20,0.15612959928977815,300
2026-06-23,SHOCK,reversal_5,-0.2544964681262479,300
2026-06-23,SHOCK,turnover_avg_5,-7.066745971260387e-05,300
2026-06-23,SHOCK,turnover_spike_20,0.09284393080411293,300
2026-06-23,SHOCK,vol_price_div_20,0.1478761696664321,300
2026-06-23,SHOCK,volatility_20,0.006264070296788925,300
2026-06-24,SHOCK,amihud_20,-0.017437360124912364,299
2026-06-24,SHOCK,ma_align_5_20_60,-0.018734251878845334,299
2026-06-24,SHOCK,momentum_20,0.01330804090651281,299
2026-06-24,SHOCK,reversal_5,-0.019520375408972845,299
2026-06-24,SHOCK,turnover_avg_5,-0.12030173580160142,299
2026-06-24,SHOCK,turnover_spike_20,0.11862387949814877,299
2026-06-24,SHOCK,vol_price_div_20,0.06672076958292882,299
2026-06-24,SHOCK,volatility_20,-0.15528689154323866,299
2026-06-25,SHOCK,amihud_20,0.16280505802916814,299
2026-06-25,SHOCK,ma_align_5_20_60,-0.188121056631202,299
2026-06-25,SHOCK,momentum_20,-0.18266743447702077,299
2026-06-25,SHOCK,reversal_5,0.14198066594579115,299
2026-06-25,SHOCK,turnover_avg_5,-0.14146477235623414,299
2026-06-25,SHOCK,turnover_spike_20,0.09323123300406874,299
2026-06-25,SHOCK,vol_price_div_20,-0.1446741477650651,299
2026-06-25,SHOCK,volatility_20,-0.24844565604116126,299
2026-06-26,SHOCK,amihud_20,0.18773481526109737,299
2026-06-26,SHOCK,ma_align_5_20_60,-0.2857770103422691,299
2026-06-26,SHOCK,momentum_20,-0.21568012821269444,299
2026-06-26,SHOCK,reversal_5,0.0769936357144313,299
2026-06-26,SHOCK,turnover_avg_5,-0.17267790742203146,299
2026-06-26,SHOCK,turnover_spike_20,0.028858848896256145,299
2026-06-26,SHOCK,vol_price_div_20,-0.1764201569101562,299
2026-06-26,SHOCK,volatility_20,-0.24672633463957713,299
2026-06-29,SHOCK,amihud_20,0.27257452546493316,299
2026-06-29,SHOCK,ma_align_5_20_60,-0.2551834444691003,299
2026-06-29,SHOCK,momentum_20,-0.09420522207299876,299
2026-06-29,SHOCK,reversal_5,0.0369336384395552,299
2026-06-29,SHOCK,turnover_avg_5,-0.3211445652509226,299
2026-06-29,SHOCK,turnover_spike_20,-0.0009061582962434173,299
2026-06-29,SHOCK,vol_price_div_20,-0.08969530567762529,299
2026-06-29,SHOCK,volatility_20,-0.27879507658303915,299
2026-06-30,SHOCK,amihud_20,0.32859717761115664,299
2026-06-30,SHOCK,ma_align_5_20_60,-0.35758798552840193,299
2026-06-30,SHOCK,momentum_20,-0.039099995735313725,299
2026-06-30,SHOCK,reversal_5,-0.1271417779600809,299
2026-06-30,SHOCK,turnover_avg_5,-0.45664711599656227,299
2026-06-30,SHOCK,turnover_spike_20,0.18278194155495203,299
2026-06-30,SHOCK,vol_price_div_20,-0.0153940773362991,299
2026-06-30,SHOCK,volatility_20,-0.4016740402560909,299
2026-07-01,SHOCK,amihud_20,0.30484849133321573,297
2026-07-01,SHOCK,ma_align_5_20_60,-0.3205365541688982,297
2026-07-01,SHOCK,momentum_20,-0.06473358963985523,297
2026-07-01,SHOCK,reversal_5,0.08123900368936178,297
2026-07-01,SHOCK,turnover_avg_5,-0.5290054852136608,297
2026-07-01,SHOCK,turnover_spike_20,0.07955459104050805,297
2026-07-01,SHOCK,vol_price_div_20,-0.07629617695363036,297
2026-07-01,SHOCK,volatility_20,-0.4412701608654151,297
2026-07-02,SHOCK,amihud_20,0.19413840317837983,299
2026-07-02,SHOCK,ma_align_5_20_60,-0.12924514022168357,299
2026-07-02,SHOCK,momentum_20,0.025260936903773203,299
2026-07-02,SHOCK,reversal_5,0.01576466645623956,299
2026-07-02,SHOCK,turnover_avg_5,-0.4441826221633633,299
2026-07-02,SHOCK,turnover_spike_20,0.005032434737716325,299
2026-07-02,SHOCK,vol_price_div_20,0.03461381338241566,299
2026-07-02,SHOCK,volatility_20,-0.33538326861349915,299
2026-07-03,SHOCK,amihud_20,0.26115959924127563,299
2026-07-03,SHOCK,ma_align_5_20_60,-0.2741997808181195,299
2026-07-03,SHOCK,momentum_20,-0.15141616381588827,299
2026-07-03,SHOCK,reversal_5,-0.03848670857251495,299
2026-07-03,SHOCK,turnover_avg_5,-0.42997894884278387,299
2026-07-03,SHOCK,turnover_spike_20,0.004866109050987557,299
2026-07-03,SHOCK,vol_price_div_20,-0.14832620461114374,299
2026-07-03,SHOCK,volatility_20,-0.4371195301025291,299
2026-07-06,SHOCK,amihud_20,0.25023122379197305,299
2026-07-06,SHOCK,ma_align_5_20_60,-0.22545253034617116,299
2026-07-06,SHOCK,momentum_20,-0.10128377690585852,299
2026-07-06,SHOCK,reversal_5,-0.017358780757498877,299
2026-07-06,SHOCK,turnover_avg_5,-0.4521333361914841,299
2026-07-06,SHOCK,turnover_spike_20,-0.08205877332257167,299
2026-07-06,SHOCK,vol_price_div_20,-0.12271762851430995,299
2026-07-06,SHOCK,volatility_20,-0.49665804321542406,299
2026-07-07,SHOCK,amihud_20,0.31098402156650184,298
2026-07-07,SHOCK,ma_align_5_20_60,-0.27712848822427444,298
2026-07-07,SHOCK,momentum_20,-0.1215765376498855,298
2026-07-07,SHOCK,reversal_5,-0.09955865903372388,298
2026-07-07,SHOCK,turnover_avg_5,-0.45806243387416873,298
2026-07-07,SHOCK,turnover_spike_20,-0.13426841189611613,298
2026-07-07,SHOCK,vol_price_div_20,-0.1307620373343605,298
2026-07-07,SHOCK,volatility_20,-0.5262377825307675,298
2026-07-08,SHOCK,amihud_20,0.32794194607774957,299
2026-07-08,SHOCK,ma_align_5_20_60,-0.25579397316271435,299
2026-07-08,SHOCK,momentum_20,-0.23129766588800835,299
2026-07-08,SHOCK,reversal_5,-0.32964400101729496,299
2026-07-08,SHOCK,turnover_avg_5,-0.4650614425109951,299
2026-07-08,SHOCK,turnover_spike_20,-0.03266548816698727,299
2026-07-08,SHOCK,vol_price_div_20,-0.24575503260421375,299
2026-07-08,SHOCK,volatility_20,-0.540139900354642,299
2026-07-09,SHOCK,amihud_20,0.423903785633682,299
2026-07-09,SHOCK,ma_align_5_20_60,-0.2970373773741275,299
2026-07-09,SHOCK,momentum_20,-0.09286921732057563,299
2026-07-09,SHOCK,reversal_5,-0.41075376100527533,299
2026-07-09,SHOCK,turnover_avg_5,-0.5007529022684652,299
2026-07-09,SHOCK,turnover_spike_20,-0.052425162345133405,299
2026-07-09,SHOCK,vol_price_div_20,-0.11089733582483192,299
2026-07-09,SHOCK,volatility_20,-0.5894509284716011,299
2026-07-10,SHOCK,amihud_20,0.2576114504353688,299
2026-07-10,SHOCK,ma_align_5_20_60,-0.1923030218216892,299
2026-07-10,SHOCK,momentum_20,-0.08072484168135544,299
2026-07-10,SHOCK,reversal_5,-0.3470599518054771,299
2026-07-10,SHOCK,turnover_avg_5,-0.6081111140791355,299
2026-07-10,SHOCK,turnover_spike_20,-0.08960972118005299,299
2026-07-10,SHOCK,vol_price_div_20,-0.095125650462851,299
2026-07-10,SHOCK,volatility_20,-0.5897676301998802,299
2026-07-13,SHOCK,amihud_20,0.07784338799205331,299
2026-07-13,SHOCK,ma_align_5_20_60,-0.24890431666726923,299
2026-07-13,SHOCK,momentum_20,-0.1424051566985565,299
2026-07-13,SHOCK,reversal_5,-0.25071712941337515,299
2026-07-13,SHOCK,turnover_avg_5,-0.5482859079001525,299
2026-07-13,SHOCK,turnover_spike_20,0.054944009100584786,299
2026-07-13,SHOCK,vol_price_div_20,-0.12157082497727119,299
2026-07-13,SHOCK,volatility_20,-0.48535038166380917,299
2026-07-14,SHOCK,amihud_20,-0.09668763692537206,300
2026-07-14,SHOCK,ma_align_5_20_60,-0.21168314549948292,300
2026-07-14,SHOCK,momentum_20,-0.0083101034146254,300
2026-07-14,SHOCK,reversal_5,-0.2983154766038583,300
2026-07-14,SHOCK,turnover_avg_5,-0.4894840369701549,300
2026-07-14,SHOCK,turnover_spike_20,0.003995604834684834,300
2026-07-14,SHOCK,vol_price_div_20,-0.05303488221190027,300
2026-07-14,SHOCK,volatility_20,-0.3962862208636866,300
2026-07-15,SHOCK,amihud_20,-0.27857379288367745,300
2026-07-15,SHOCK,ma_align_5_20_60,-0.18314744240510347,300
2026-07-15,SHOCK,momentum_20,-0.07717068667698404,300
2026-07-15,SHOCK,reversal_5,-0.11124371783245432,300
2026-07-15,SHOCK,turnover_avg_5,-0.36380252711725103,300
2026-07-15,SHOCK,turnover_spike_20,-0.12219959357321752,300
2026-07-15,SHOCK,vol_price_div_20,-0.12046740545307033,300
2026-07-15,SHOCK,volatility_20,-0.2457952028128331,300
2026-07-16,SHOCK,amihud_20,-0.2579239407475229,300
2026-07-16,SHOCK,ma_align_5_20_60,-0.21530468869195746,300
2026-07-16,SHOCK,momentum_20,-0.07300237158940019,300
2026-07-16,SHOCK,reversal_5,-0.039359670893159344,300
2026-07-16,SHOCK,turnover_avg_5,-0.3556883771101746,300
2026-07-16,SHOCK,turnover_spike_20,-0.04943133673604566,300
2026-07-16,SHOCK,vol_price_div_20,-0.08387717428060769,300
2026-07-16,SHOCK,volatility_20,-0.22012942842179847,300
2026-07-17,SHOCK,amihud_20,-0.3464117037770958,300
2026-07-17,SHOCK,ma_align_5_20_60,-0.23733878300193262,300
2026-07-17,SHOCK,momentum_20,-0.13348109800379915,300
2026-07-17,SHOCK,reversal_5,0.11892470757439863,300
2026-07-17,SHOCK,turnover_avg_5,-0.250251280625631,300
2026-07-17,SHOCK,turnover_spike_20,-0.15714178094018785,300
2026-07-17,SHOCK,vol_price_div_20,-0.1338368650219005,300
2026-07-17,SHOCK,volatility_20,-0.10593475614946118,300
2026-07-20,SHOCK,amihud_20,-0.11730301532651723,300
2026-07-20,SHOCK,ma_align_5_20_60,-0.2712815780093475,300
2026-07-20,SHOCK,momentum_20,-0.3689266320791006,300
2026-07-20,SHOCK,reversal_5,0.364034803115384,300
2026-07-20,SHOCK,turnover_avg_5,0.1588977551722056,300
2026-07-20,SHOCK,turnover_spike_20,-0.29465588905132567,300
2026-07-20,SHOCK,vol_price_div_20,-0.3705883895447326,300
2026-07-20,SHOCK,volatility_20,0.21797760149923465,300
2026-07-21,SHOCK,amihud_20,0.3718469523569215,300
2026-07-21,SHOCK,ma_align_5_20_60,-0.134219911670769,300
2026-07-21,SHOCK,momentum_20,-0.08838626378688429,300
2026-07-21,SHOCK,reversal_5,0.10125383092939219,300
2026-07-21,SHOCK,turnover_avg_5,0.006178315583484911,300
2026-07-21,SHOCK,turnover_spike_20,0.09324007562855545,300
2026-07-21,SHOCK,vol_price_div_20,-0.0703044269581971,300
2026-07-21,SHOCK,volatility_20,-0.08834622389920127,300
2026-07-22,BEAR,amihud_20,0.4220703981782782,300
2026-07-22,BEAR,ma_align_5_20_60,-0.18011479244856263,300
2026-07-22,BEAR,momentum_20,-0.21500702452882373,300
2026-07-22,BEAR,reversal_5,0.20685764305662338,300
2026-07-22,BEAR,turnover_avg_5,-0.06556256452857803,300
2026-07-22,BEAR,turnover_spike_20,0.06951727865181574,300
2026-07-22,BEAR,vol_price_div_20,-0.19848549293710477,300
2026-07-22,BEAR,volatility_20,-0.17086671706733897,300
2026-07-23,BEAR,amihud_20,0.2910001668920206,300
2026-07-23,BEAR,ma_align_5_20_60,-0.1802621381371528,300
2026-07-23,BEAR,momentum_20,-0.05993996359068802,300
2026-07-23,BEAR,reversal_5,0.16148214618273202,300
2026-07-23,BEAR,turnover_avg_5,-0.27272058576875524,300
2026-07-23,BEAR,turnover_spike_20,-0.20974239873092057,300
2026-07-23,BEAR,vol_price_div_20,-0.05904904890902505,300
2026-07-23,BEAR,volatility_20,-0.210987526720437,300
2026-07-24,BEAR,amihud_20,0.3738050838126095,300
2026-07-24,BEAR,ma_align_5_20_60,-0.19785725732901382,300
2026-07-24,BEAR,momentum_20,0.03849332086949,300
2026-07-24,BEAR,reversal_5,0.2155935386913119,300
2026-07-24,BEAR,turnover_avg_5,-0.11707864721593059,300
2026-07-24,BEAR,turnover_spike_20,-0.005330282039831813,300
2026-07-24,BEAR,vol_price_div_20,0.038586877474958564,300
2026-07-24,BEAR,volatility_20,-0.14655920027547067,300
2026-07-27,BEAR,amihud_20,0.4095871319416438,300
2026-07-27,BEAR,ma_align_5_20_60,-0.27940854416649274,300
2026-07-27,BEAR,momentum_20,-0.0030435924168416622,300
2026-07-27,BEAR,reversal_5,0.19082998292425182,300
2026-07-27,BEAR,turnover_avg_5,-0.11501709408452758,300
2026-07-27,BEAR,turnover_spike_20,0.05916223263444344,300
2026-07-27,BEAR,vol_price_div_20,-0.009709448767890967,300
2026-07-27,BEAR,volatility_20,-0.1550797748018758,300
2026-07-28,BEAR,amihud_20,0.24583753477127693,300
2026-07-28,BEAR,ma_align_5_20_60,-0.3501735885708248,300
2026-07-28,BEAR,momentum_20,-0.20225682658042193,300
2026-07-28,BEAR,reversal_5,-0.0015380803232029625,300
2026-07-28,BEAR,turnover_avg_5,0.17100555062033918,300
2026-07-28,BEAR,turnover_spike_20,0.09327419931011745,300
2026-07-28,BEAR,vol_price_div_20,-0.24763444462411438,300
2026-07-28,BEAR,volatility_20,0.17573449468024283,300
2026-07-29,BEAR,amihud_20,0.04652125370569872,299
2026-07-29,BEAR,ma_align_5_20_60,-0.36401266530645,299
2026-07-29,BEAR,momentum_20,-0.4372867252855038,299
2026-07-29,BEAR,reversal_5,-0.11233700709316558,299
2026-07-29,BEAR,turnover_avg_5,0.47733891318214966,299
2026-07-29,BEAR,turnover_spike_20,0.0873438468704226,299
2026-07-29,BEAR,vol_price_div_20,-0.49194627618927966,299
2026-07-29,BEAR,volatility_20,0.5215852368192025,299
2026-07-30,BEAR,amihud_20,0.16162304386320614,300
2026-07-30,BEAR,ma_align_5_20_60,-0.3994656592644572,300
2026-07-30,BEAR,momentum_20,-0.4031522212090182,300
2026-07-30,BEAR,reversal_5,-0.12650064584247908,300
2026-07-30,BEAR,turnover_avg_5,0.5788792739473042,300
2026-07-30,BEAR,turnover_spike_20,-0.19874931665804618,300
2026-07-30,BEAR,vol_price_div_20,-0.4139279252298462,300
2026-07-30,BEAR,volatility_20,0.6079818842044017,300
2026-07-31,BEAR,amihud_20,-0.07867048347556732,300
2026-07-31,BEAR,ma_align_5_20_60,-0.47632242085380383,300
2026-07-31,BEAR,momentum_20,-0.6702405820668569,300
2026-07-31,BEAR,reversal_5,0.4530426649115384,300
2026-07-31,BEAR,turnover_avg_5,0.545935745778959,300
2026-07-31,BEAR,turnover_spike_20,-0.3621058722985902,300
2026-07-31,BEAR,vol_price_div_20,-0.6512624720361849,300
2026-07-31,BEAR,volatility_20,0.6469668415456558,300
2026-08-03,BEAR,amihud_20,-0.001120019662590668,300
2026-08-03,BEAR,ma_align_5_20_60,-0.4171797138242758,300
2026-08-03,BEAR,momentum_20,-0.46660619154060756,300
2026-08-03,BEAR,reversal_5,0.05671123672429372,300
2026-08-03,BEAR,turnover_avg_5,0.49521824939732856,300
2026-08-03,BEAR,turnover_spike_20,-0.14300895504906944,300
2026-08-03,BEAR,vol_price_div_20,-0.4814546744365045,300
2026-08-03,BEAR,volatility_20,0.6075197764709137,300
2026-08-04,BEAR,amihud_20,0.08778531889964361,300
2026-08-04,BEAR,ma_align_5_20_60,-0.3710941759873244,300
2026-08-04,BEAR,momentum_20,-0.30388562463920965,300
2026-08-04,BEAR,reversal_5,0.1654860530885918,300
2026-08-04,BEAR,turnover_avg_5,0.44165242012943584,300
2026-08-04,BEAR,turnover_spike_20,-0.18733328874384805,300
2026-08-04,BEAR,vol_price_div_20,-0.2889957722644394,300
2026-08-04,BEAR,volatility_20,0.5490185272255456,300
2026-08-05,BEAR,amihud_20,0.27560750511525745,300
2026-08-05,BEAR,ma_align_5_20_60,-0.33289150338765333,300
2026-08-05,BEAR,momentum_20,-0.08631733149129836,300
2026-08-05,BEAR,reversal_5,-0.13330462170781252,300
2026-08-05,BEAR,turnover_avg_5,0.28225317733941896,300
2026-08-05,BEAR,turnover_spike_20,-0.1484474949702166,300
2026-08-05,BEAR,vol_price_div_20,-0.0471846061307319,300
2026-08-05,BEAR,volatility_20,0.3516306175225873,300
2026-08-06,BEAR,amihud_20,0.2169097863319712,300
2026-08-06,BEAR,ma_align_5_20_60,-0.17615023220100712,300
2026-08-06,BEAR,momentum_20,-0.07863899609398159,300
2026-08-06,BEAR,reversal_5,-0.09318940819561436,300
2026-08-06,BEAR,turnover_avg_5,0.17747885557268464,300
2026-08-06,BEAR,turnover_spike_20,-0.0694457453864672,300
2026-08-06,BEAR,vol_price_div_20,-0.08002965369912206,300
2026-08-06,BEAR,volatility_20,0.21740512577449136,300
2026-08-07,BEAR,amihud_20,0.4341640838553326,300
2026-08-07,BEAR,ma_align_5_20_60,-0.13347479911130306,300
2026-08-07,BEAR,momentum_20,-0.11593353283884673,300
2026-08-07,BEAR,reversal_5,-0.15720884484410683,300
2026-08-07,BEAR,turnover_avg_5,-0.02314847840294384,300
2026-08-07,BEAR,turnover_spike_20,-0.08990363579035535,300
2026-08-07,BEAR,vol_price_div_20,-0.06464823213837328,300
2026-08-07,BEAR,volatility_20,-0.014895641177264394,300
2026-08-10,BEAR,amihud_20,0.2578794524026772,300
2026-08-10,BEAR,ma_align_5_20_60,-0.3001393072904335,300
2026-08-10,BEAR,momentum_20,-0.4234770488733269,300
2026-08-10,BEAR,reversal_5,-0.2664347589178312,300
2026-08-10,BEAR,turnover_avg_5,0.10456135781691019,300
2026-08-10,BEAR,turnover_spike_20,-0.031806702857097635,300
2026-08-10,BEAR,vol_price_div_20,-0.40320542621855526,300
2026-08-10,BEAR,volatility_20,0.10174464858661485,300
2026-08-11,BEAR,amihud_20,0.2704118214712922,300
2026-08-11,BEAR,ma_align_5_20_60,-0.14801055919939116,300
2026-08-11,BEAR,momentum_20,-0.2734331197381301,300
2026-08-11,BEAR,reversal_5,-0.10228331831834771,300
2026-08-11,BEAR,turnover_avg_5,-0.06473142186659843,300
2026-08-11,BEAR,turnover_spike_20,-0.05710577734518896,300
2026-08-11,BEAR,vol_price_div_20,-0.1989895210953123,300
2026-08-11,BEAR,volatility_20,-0.0833198609539462,300
2026-08-12,BEAR,amihud_20,0.1463918650642644,300
2026-08-12,BEAR,ma_align_5_20_60,0.013425651632818506,300
2026-08-12,BEAR,momentum_20,-0.2012401032189755,300
2026-08-12,BEAR,reversal_5,0.07797449170120088,300
2026-08-12,BEAR,turnover_avg_5,-0.28483986320291105,300
2026-08-12,BEAR,turnover_spike_20,-0.06605518573041805,300
2026-08-12,BEAR,vol_price_div_20,-0.08238582259487831,300
2026-08-12,BEAR,volatility_20,-0.3460463278532369,300
2026-08-13,BEAR,amihud_20,0.24299969688541026,300
2026-08-13,BEAR,ma_align_5_20_60,0.05969881974567026,300
2026-08-13,BEAR,momentum_20,-0.16500288725719114,300
2026-08-13,BEAR,reversal_5,-0.01090728077999219,300
2026-08-13,BEAR,turnover_avg_5,-0.2946896275246138,300
2026-08-13,BEAR,turnover_spike_20,-0.13885849347593834,300
2026-08-13,BEAR,vol_price_div_20,-0.03742444909338912,300
2026-08-13,BEAR,volatility_20,-0.380113281309066,300
2026-08-14,BEAR,amihud_20,0.23793289085336813,300
2026-08-14,BEAR,ma_align_5_20_60,-0.0029143309477880335,300
2026-08-14,BEAR,momentum_20,-0.06680541822292652,300
2026-08-14,BEAR,reversal_5,0.1637355476092169,300
2026-08-14,BEAR,turnover_avg_5,-0.19793073525171892,300
2026-08-14,BEAR,turnover_spike_20,-0.1611806464982555,300
2026-08-14,BEAR,vol_price_div_20,-0.009708459540271922,300
2026-08-14,BEAR,volatility_20,-0.19037435770362118,300
2026-08-17,BEAR,amihud_20,0.17208649036165968,300
2026-08-17,BEAR,ma_align_5_20_60,0.0010165313262933645,300
2026-08-17,BEAR,momentum_20,-0.16032395951507658,300
2026-08-17,BEAR,reversal_5,0.16079453578520414,300
2026-08-17,BEAR,turnover_avg_5,-0.42108233953460855,300
2026-08-17,BEAR,turnover_spike_20,-0.2563506032794721,300
2026-08-17,BEAR,vol_price_div_20,-0.08157674763469101,300
2026-08-17,BEAR,volatility_20,-0.3778944927457503,300
2026-08-18,BEAR,amihud_20,0.26431062253242643,300
2026-08-18,BEAR,ma_align_5_20_60,-0.03767675802072099,300
2026-08-18,BEAR,momentum_20,-0.03620823239227819,300
2026-08-18,BEAR,reversal_5,0.12099461285167981,300
2026-08-18,BEAR,turnover_avg_5,-0.23039820051114446,300
2026-08-18,BEAR,turnover_spike_20,-0.19881802973565788,300
2026-08-18,BEAR,vol_price_div_20,0.013669725667709349,300
2026-08-18,BEAR,volatility_20,-0.23510537020037148,300
2026-08-19,BEAR,amihud_20,0.32983221218952846,300
2026-08-19,BEAR,ma_align_5_20_60,-0.06676278559863519,300
2026-08-19,BEAR,momentum_20,-0.003263821658055621,300
2026-08-19,BEAR,reversal_5,0.07728047298530442,300
2026-08-19,BEAR,turnover_avg_5,-0.18563827358173907,300
2026-08-19,BEAR,turnover_spike_20,-0.1161120055061679,300
2026-08-19,BEAR,vol_price_div_20,0.03616893071572253,300
2026-08-19,BEAR,volatility_20,-0.20574521057505782,300
2026-08-20,BEAR,amihud_20,0.07642739554099022,300
2026-08-20,BEAR,ma_align_5_20_60,2.0128432958240784e-06,300
2026-08-20,BEAR,momentum_20,0.14678468903349334,300
2026-08-20,BEAR,reversal_5,0.14556114476104196,300
2026-08-20,BEAR,turnover_avg_5,0.2135753244931169,300
2026-08-20,BEAR,turnover_spike_20,0.07811652767241381,300
2026-08-20,BEAR,vol_price_div_20,0.11505000401116833,300
2026-08-20,BEAR,volatility_20,0.21777226561061008,300
2026-08-21,SHOCK,amihud_20,0.3454744749800392,300
2026-08-21,SHOCK,ma_align_5_20_60,0.07270496737623736,300
2026-08-21,SHOCK,momentum_20,0.13593850504667865,300
2026-08-21,SHOCK,reversal_5,-0.16182284874339134,300
2026-08-21,SHOCK,turnover_avg_5,-0.0799418215434859,300
2026-08-21,SHOCK,turnover_spike_20,0.209774447368585,300
2026-08-21,SHOCK,vol_price_div_20,0.07515621015579675,300
2026-08-21,SHOCK,volatility_20,-0.10854148853960527,300
2026-08-24,SHOCK,amihud_20,0.18831168975471077,300
2026-08-24,SHOCK,ma_align_5_20_60,0.15375687331756607,300
2026-08-24,SHOCK,momentum_20,0.1970156033265767,300
2026-08-24,SHOCK,reversal_5,0.09057258390954913,300
2026-08-24,SHOCK,turnover_avg_5,0.3345500137890534,300
2026-08-24,SHOCK,turnover_spike_20,-0.03654308082158354,300
2026-08-24,SHOCK,vol_price_div_20,0.14673110013298415,300
2026-08-24,SHOCK,volatility_20,0.25140351590651977,300
2026-08-25,SHOCK,amihud_20,0.1537303404520915,300
2026-08-25,SHOCK,ma_align_5_20_60,0.13543263243800122,300
2026-08-25,SHOCK,momentum_20,0.1153607689340846,300
2026-08-25,SHOCK,reversal_5,0.00609635498749247,300
2026-08-25,SHOCK,turnover_avg_5,0.10181947799586022,300
2026-08-25,SHOCK,turnover_spike_20,-0.002000246891935383,300
2026-08-25,SHOCK,vol_price_div_20,0.11222428545784385,300
2026-08-25,SHOCK,volatility_20,0.019254904143832154,300
2026-08-26,SHOCK,amihud_20,0.18230647905474404,300
2026-08-26,SHOCK,ma_align_5_20_60,0.10339721426500502,300
2026-08-26,SHOCK,momentum_20,0.15187844526624814,300
2026-08-26,SHOCK,reversal_5,0.05140912178091598,300
2026-08-26,SHOCK,turnover_avg_5,0.20935105314952637,300
2026-08-26,SHOCK,turnover_spike_20,0.11454448382905202,300
2026-08-26,SHOCK,vol_price_div_20,0.1771599618094283,300
2026-08-26,SHOCK,volatility_20,0.12576103631831595,300
2026-08-27,SHOCK,amihud_20,0.1220963081840313,300
2026-08-27,SHOCK,ma_align_5_20_60,-0.12653565004178155,300
2026-08-27,SHOCK,momentum_20,-0.1777967311318974,300
2026-08-27,SHOCK,reversal_5,0.016875337990701147,300
2026-08-27,SHOCK,turnover_avg_5,-0.17099985455406563,300
2026-08-27,SHOCK,turnover_spike_20,-0.07224408239285994,300
2026-08-27,SHOCK,vol_price_div_20,-0.10078006638999078,300
2026-08-27,SHOCK,volatility_20,-0.16523888821216912,300
2026-08-28,SHOCK,amihud_20,-0.020794503522984002,299
2026-08-28,SHOCK,ma_align_5_20_60,-0.09843386774019375,299
2026-08-28,SHOCK,momentum_20,-0.1852131890625962,299
2026-08-28,SHOCK,reversal_5,0.05472674170762897,299
2026-08-28,SHOCK,turnover_avg_5,-0.10767212153829975,299
2026-08-28,SHOCK,turnover_spike_20,-0.007459812934692527,299
2026-08-28,SHOCK,vol_price_div_20,-0.16555806119275354,299
2026-08-28,SHOCK,volatility_20,-0.0927156836895776,299
2026-08-31,SHOCK,amihud_20,0.25551051475548314,299
2026-08-31,SHOCK,ma_align_5_20_60,-0.011315579215240356,299
2026-08-31,SHOCK,momentum_20,-0.10708621650392289,299
2026-08-31,SHOCK,reversal_5,-0.11684170217659015,299
2026-08-31,SHOCK,turnover_avg_5,-0.09709464205772725,299
2026-08-31,SHOCK,turnover_spike_20,0.03885078583596414,299
2026-08-31,SHOCK,vol_price_div_20,-0.1475299794426442,299
2026-08-31,SHOCK,volatility_20,-0.06412565923097023,299
2026-09-01,SHOCK,amihud_20,0.2389191688921503,300
2026-09-01,SHOCK,ma_align_5_20_60,0.045989476744316915,300
2026-09-01,SHOCK,momentum_20,-0.00713142366470257,300
2026-09-01,SHOCK,reversal_5,-0.11659411761575784,300
2026-09-01,SHOCK,turnover_avg_5,-0.00018444671928745339,300
2026-09-01,SHOCK,turnover_spike_20,0.07954564772971473,300
2026-09-01,SHOCK,vol_price_div_20,0.027466783201457776,300
2026-09-01,SHOCK,volatility_20,0.0010522351997904722,300
2026-09-02,SHOCK,amihud_20,0.17696478992916875,300
2026-09-02,SHOCK,ma_align_5_20_60,0.15248952620590642,300
2026-09-02,SHOCK,momentum_20,0.08929975829086467,300
2026-09-02,SHOCK,reversal_5,-0.17650853039903838,300
2026-09-02,SHOCK,turnover_avg_5,0.030715643131346268,300
2026-09-02,SHOCK,turnover_spike_20,0.23253082105562176,300
2026-09-02,SHOCK,vol_price_div_20,0.015213708606164649,300
2026-09-02,SHOCK,volatility_20,-0.06478936872257643,300
2026-09-03,SHOCK,amihud_20,0.36231407399240495,300
2026-09-03,SHOCK,ma_align_5_20_60,0.22927536825434672,300
2026-09-03,SHOCK,momentum_20,0.1802663721497601,300
2026-09-03,SHOCK,reversal_5,-0.13996776357822696,300
2026-09-03,SHOCK,turnover_avg_5,-0.02216178641970987,300
2026-09-03,SHOCK,turnover_spike_20,0.2772681130490547,300
2026-09-03,SHOCK,vol_price_div_20,0.11355809941497869,300
2026-09-03,SHOCK,volatility_20,-0.16121751823183925,300
2026-09-04,SHOCK,amihud_20,0.19649977866408694,300
2026-09-04,SHOCK,ma_align_5_20_60,0.0004912761097574145,300
2026-09-04,SHOCK,momentum_20,0.009364343958696517,300
2026-09-04,SHOCK,reversal_5,0.050813347353057293,300
2026-09-04,SHOCK,turnover_avg_5,-0.07247690193484406,300
2026-09-04,SHOCK,turnover_spike_20,0.06578748535543179,300
2026-09-04,SHOCK,vol_price_div_20,0.008517443113714608,300
2026-09-04,SHOCK,volatility_20,-0.200868277472076,300
2026-09-07,SHOCK,amihud_20,0.10132692614960996,300
2026-09-07,SHOCK,ma_align_5_20_60,-0.05042542992816132,300
2026-09-07,SHOCK,momentum_20,-0.15722672320066056,300
2026-09-07,SHOCK,reversal_5,0.07694801753324845,300
2026-09-07,SHOCK,turnover_avg_5,-0.2979038206877529,300
2026-09-07,SHOCK,turnover_spike_20,-0.11123481621680875,300
2026-09-07,SHOCK,vol_price_div_20,-0.12162094743973255,300
2026-09-07,SHOCK,volatility_20,-0.3645821319308375,300
2026-09-08,SHOCK,amihud_20,-0.2915304475151378,300
2026-09-08,SHOCK,ma_align_5_20_60,-0.28524413303654766,300
2026-09-08,SHOCK,momentum_20,-0.392168686412455,300
2026-09-08,SHOCK,reversal_5,0.16537054715028843,300
2026-09-08,SHOCK,turnover_avg_5,-0.3724229288402063,300
2026-09-08,SHOCK,turnover_spike_20,-0.11881047083095055,300
2026-09-08,SHOCK,vol_price_div_20,-0.3573687962616545,300
2026-09-08,SHOCK,volatility_20,-0.3775080981482553,300
2026-09-09,SHOCK,amihud_20,-0.19830880211581847,300
2026-09-09,SHOCK,ma_align_5_20_60,-0.2795668270057182,300
2026-09-09,SHOCK,momentum_20,-0.40603482730306967,300
2026-09-09,SHOCK,reversal_5,0.30028032730371174,300
2026-09-09,SHOCK,turnover_avg_5,-0.3150839682206064,300
2026-09-09,SHOCK,turnover_spike_20,-0.3196922452301233,300
2026-09-09,SHOCK,vol_price_div_20,-0.32264161362817073,300
2026-09-09,SHOCK,volatility_20,-0.3072534306797688,300
2026-09-10,SHOCK,amihud_20,-0.1616656033200599,300
2026-09-10,SHOCK,ma_align_5_20_60,-0.23369176031570318,300
2026-09-10,SHOCK,momentum_20,-0.2948246888518073,300
2026-09-10,SHOCK,reversal_5,0.3446939751260956,300
2026-09-10,SHOCK,turnover_avg_5,-0.10543800221482229,300
2026-09-10,SHOCK,turnover_spike_20,-0.29427394969260773,300
2026-09-10,SHOCK,vol_price_div_20,-0.24312266212315853,300
2026-09-10,SHOCK,volatility_20,-0.029349927321337132,300
2026-09-11,SHOCK,amihud_20,-0.17580498367159916,300
2026-09-11,SHOCK,ma_align_5_20_60,-0.2306262984541677,300
2026-09-11,SHOCK,momentum_20,-0.2628307054029855,300
2026-09-11,SHOCK,reversal_5,0.3857043155762168,300
2026-09-11,SHOCK,turnover_avg_5,-0.036698901165223195,300
2026-09-11,SHOCK,turnover_spike_20,-0.34915212921161765,300
2026-09-11,SHOCK,vol_price_div_20,-0.1839078493093655,300
2026-09-11,SHOCK,volatility_20,0.08731814415343148,300
2026-09-14,SHOCK,amihud_20,-0.007916551757725257,300
2026-09-14,SHOCK,ma_align_5_20_60,-0.07020305738731514,300
2026-09-14,SHOCK,momentum_20,-0.10810327319645256,300
2026-09-14,SHOCK,reversal_5,0.20546183384212602,300
2026-09-14,SHOCK,turnover_avg_5,0.1267328290453946,300
2026-09-14,SHOCK,turnover_spike_20,-0.19920047805151983,300
2026-09-14,SHOCK,vol_price_div_20,-0.10314740521461815,300
2026-09-14,SHOCK,volatility_20,0.28147403776001945,300
2026-09-15,SHOCK,amihud_20,0.23989882491760928,300
2026-09-15,SHOCK,ma_align_5_20_60,0.10932134199831549,300
2026-09-15,SHOCK,momentum_20,0.06948035295480297,300
2026-09-15,SHOCK,reversal_5,0.25141869693282204,300
2026-09-15,SHOCK,turnover_avg_5,0.30085899267280825,300
2026-09-15,SHOCK,turnover_spike_20,-0.05071554573710788,300
2026-09-15,SHOCK,vol_price_div_20,0.03881807931096926,300
2026-09-15,SHOCK,volatility_20,0.4266811735930466,300
2026-09-16,SHOCK,amihud_20,0.22237946067129932,300
2026-09-16,SHOCK,ma_align_5_20_60,-0.04498078065992764,300
2026-09-16,SHOCK,momentum_20,-0.06205049531181839,300
2026-09-16,SHOCK,reversal_5,0.37654710781125406,300
2026-09-16,SHOCK,turnover_avg_5,0.008801993916423905,300
2026-09-16,SHOCK,turnover_spike_20,-0.18860152012103967,300
2026-09-16,SHOCK,vol_price_div_20,-0.06942444856612678,300
2026-09-16,SHOCK,volatility_20,0.22877228431787996,300
2026-09-17,SHOCK,amihud_20,0.3689452086549381,300
2026-09-17,SHOCK,ma_align_5_20_60,0.062309375265817105,300
2026-09-17,SHOCK,momentum_20,0.03920969916011927,300
2026-09-17,SHOCK,reversal_5,0.09929986790181722,300
2026-09-17,SHOCK,turnover_avg_5,-0.05919354044018402,300
2026-09-17,SHOCK,turnover_spike_20,-0.14263869193256687,300
2026-09-17,SHOCK,vol_price_div_20,0.03474977866428259,300
2026-09-17,SHOCK,volatility_20,0.042938611957259364,300
2026-09-18,SHOCK,amihud_20,0.4841153111488457,300
2026-09-18,SHOCK,ma_align_5_20_60,0.10381354936616813,300
2026-09-18,SHOCK,momentum_20,0.022727916677016305,300
2026-09-18,SHOCK,reversal_5,-0.07904850413762278,300
2026-09-18,SHOCK,turnover_avg_5,-0.2845493829760837,300
2026-09-18,SHOCK,turnover_spike_20,-0.09623714415274291,300
2026-09-18,SHOCK,vol_price_div_20,0.019080745496299064,300
2026-09-18,SHOCK,volatility_20,-0.1827081721972136,300
2026-09-21,SHOCK,amihud_20,0.45440185638807057,300
2026-09-21,SHOCK,ma_align_5_20_60,0.11603125574291714,300
2026-09-21,SHOCK,momentum_20,0.03956142834367978,300
2026-09-21,SHOCK,reversal_5,-0.021245266582550597,300
2026-09-21,SHOCK,turnover_avg_5,-0.3530414133048176,300
2026-09-21,SHOCK,turnover_spike_20,-0.000862013217543686,300
2026-09-21,SHOCK,vol_price_div_20,0.06593897321898984,300
2026-09-21,SHOCK,volatility_20,-0.34372149262150625,300
