label,seg,start,end,ret_pct,max_dd_pct,sharpe,win_rate,n_trades
BULL动量x0(关闭),seg1,2026-03-06,2026-05-18,-11.07,-11.07,-3.86,12.5,16
BULL动量x0(关闭),seg2,2026-05-19,2026-07-24,8.0,-9.76,1.32,50.0,52
BULL动量x0(关闭),seg3,2026-07-27,2026-09-30,-8.5,-8.5,-4.81,16.7,24
BULL动量x0.5,seg1,2026-03-06,2026-05-18,-7.02,-10.83,-1.9,16.7,12
BULL动量x0.5,seg2,2026-05-19,2026-07-24,-4.85,-8.99,-1.09,26.7,30
BULL动量x0.5,seg3,2026-07-27,2026-09-30,-12.29,-13.12,-3.48,27.3,22
基准,seg1,2026-03-06,2026-05-18,-5.64,-9.51,-1.65,42.9,14
基准,seg2,2026-05-19,2026-07-24,-10.21,-11.57,-2.52,35.7,28
基准,seg3,2026-07-27,2026-09-30,-10.17,-12.08,-2.93,40.0,20
BULL动量x1.5,seg1,2026-03-06,2026-05-18,-5.64,-9.51,-1.65,42.9,14
BULL动量x1.5,seg2,2026-05-19,2026-07-24,-10.21,-11.57,-2.52,35.7,28
BULL动量x1.5,seg3,2026-07-27,2026-09-30,-10.55,-12.45,-2.94,40.0,20
