date,code,action,price,shares,cost_basis,signal,commission,pnl,pnl_pct,reason
2025-12-02,001203,BUY,29.88,300,29.88,0.4,2.24,,,
2025-12-02,000937,BUY,5.92,1600,5.92,0.364,2.37,,,
2025-12-02,000959,BUY,4.31,2300,4.31,0.307,2.48,,,
2025-12-03,000959,SELL,4.44,2300,4.31,,7.65,271.22,2.81,信号转负
2025-12-03,000688,BUY,24.24,400,24.24,0.602,2.42,,,
2025-12-04,001203,SELL,26.96,300,29.88,,6.07,-881.12,-9.76,止损: -10.5%
2025-12-04,000688,SELL,22.46,400,24.24,,6.74,-721.42,-7.37,止损: -7.7%
2025-12-04,001203,BUY,27.02,500,27.02,0.706,3.38,,,
2025-12-04,000688,BUY,22.5,400,22.5,0.497,2.25,,,
2025-12-11,001203,SELL,28.08,500,27.02,,10.53,521.92,3.94,信号转负
2025-12-11,000688,SELL,23.68,400,22.5,,7.1,462.43,5.22,信号转负
2025-12-11,000708,BUY,15.27,600,15.27,0.357,2.29,,,
2025-12-11,000959,BUY,4.3,2200,4.3,0.334,2.37,,,
2025-12-12,000937,SELL,5.44,1600,5.92,,6.53,-760.71,-7.97,止损: -7.9%
2025-12-12,000630,BUY,5.5,1700,5.5,0.332,2.34,,,
2025-12-23,000959,SELL,4.85,2200,4.3,,7.99,1181.88,12.57,信号转负
2025-12-23,000969,BUY,20.05,500,20.05,0.374,2.51,,,
2025-12-29,000630,SELL,6.1,1700,5.5,,7.78,1026.5,11.07,信号转负
2025-12-29,000975,BUY,25.07,400,25.07,0.402,2.51,,,
2026-01-09,000969,SELL,23.58,500,20.05,,8.84,1754.34,17.59,信号转负
2026-01-09,001203,BUY,27.73,300,27.73,0.467,2.08,,,
2026-01-14,001203,SELL,29.97,300,27.73,,6.74,665.95,8.09,信号转负
2026-01-14,002149,BUY,45.65,300,45.65,0.854,3.42,,,
2026-01-15,000975,SELL,27.85,400,25.07,,8.36,1106.48,11.12,信号转负
2026-01-15,000970,BUY,13.71,700,13.71,0.244,2.4,,,
2026-01-19,002149,SELL,41.61,300,45.65,,9.36,-1220.54,-8.84,止损: -8.0%
2026-01-19,002149,BUY,41.69,300,41.69,0.729,3.13,,,
2026-01-21,002149,SELL,36.74,300,41.69,,8.27,-1492.8,-11.87,止损: -8.1%
2026-01-21,000969,BUY,25.04,500,25.04,0.612,3.13,,,
2026-01-22,000426,BUY,52.32,400,52.32,0.872,5.23,,,
2026-01-22,000960,BUY,39.85,400,39.85,0.687,3.98,,,
2026-01-27,000426,SELL,63.44,400,52.32,,19.03,4426.66,21.24,止盈: 21.7%
2026-01-27,000960,SELL,43.76,400,39.85,,13.13,1549.43,9.8,止盈: 15.3%
2026-01-30,000708,SELL,15.87,600,15.27,,7.14,358.17,3.99,信号转负
2026-01-30,000603,BUY,61.08,400,61.08,1.035,6.11,,,
2026-01-30,000426,BUY,61.58,300,61.58,0.753,4.62,,,
2026-01-30,000506,BUY,25.7,700,25.7,0.705,4.5,,,
2026-02-02,000506,SELL_FAIL,23.1,700,,,,0.0,,跌停无法卖出
2026-02-03,000970,SELL,13.74,700,13.71,,7.21,8.57,0.16,组合熔断清仓
2026-02-03,000969,SELL,23.52,500,25.04,,8.82,-768.09,-6.07,组合熔断清仓
2026-02-03,000603,SELL,49.43,400,61.08,,14.83,-4676.04,-19.08,组合熔断清仓
2026-02-03,000426,SELL_FAIL,49.83,300,,,,0.0,,熔断清仓跌停无法卖出
2026-02-03,000506,SELL_FAIL,20.79,700,,,,0.0,,熔断清仓跌停无法卖出
2026-02-03,000426,SELL_FAIL,49.83,300,,,,0.0,,跌停无法卖出
2026-02-03,000506,SELL_FAIL,20.79,700,,,,0.0,,跌停无法卖出
2026-02-04,000426,SELL,52.95,300,61.58,,11.91,-2602.27,-14.02,止损: -16.5%
2026-02-04,000506,SELL,22.43,700,25.7,,11.77,-2299.46,-12.72,止损: -13.1%
