date,equity,cash,positions,regime,position_pct
2025-06-30,100000.0,100000.0,0,UNKNOWN,0.0
2025-07-01,100000.0,100000.0,0,UNKNOWN,0.0
2025-07-02,100000.0,100000.0,0,UNKNOWN,0.0
2025-07-03,100000.0,100000.0,0,UNKNOWN,0.0
2025-07-04,100000.0,100000.0,0,UNKNOWN,0.0
2025-07-07,100000.0,100000.0,0,UNKNOWN,0.0
2025-07-08,100000.0,100000.0,0,UNKNOWN,0.0
2025-07-09,100000.0,100000.0,0,UNKNOWN,0.0
2025-07-10,100000.0,100000.0,0,UNKNOWN,0.0
2025-07-11,100000.0,100000.0,0,UNKNOWN,0.0
2025-07-14,100000.0,100000.0,0,UNKNOWN,0.0
2025-07-15,100000.0,100000.0,0,UNKNOWN,0.0
2025-07-16,100000.0,100000.0,0,UNKNOWN,0.0
2025-07-17,100000.0,100000.0,0,UNKNOWN,0.0
2025-07-18,100000.0,100000.0,0,UNKNOWN,0.0
2025-07-21,100000.0,100000.0,0,UNKNOWN,0.0
2025-07-22,100000.0,100000.0,0,UNKNOWN,0.0
2025-07-23,100000.0,100000.0,0,UNKNOWN,0.0
2025-07-24,100000.0,100000.0,0,UNKNOWN,0.0
2025-07-25,100000.0,100000.0,0,UNKNOWN,0.0
2025-07-28,100000.0,100000.0,0,UNKNOWN,0.0
2025-07-29,100000.0,100000.0,0,UNKNOWN,0.0
2025-07-30,100000.0,100000.0,0,UNKNOWN,0.0
2025-07-31,100000.0,100000.0,0,UNKNOWN,0.0
2025-08-01,100000.0,100000.0,0,UNKNOWN,0.0
2025-08-04,100000.0,100000.0,0,UNKNOWN,0.0
2025-08-05,100000.0,100000.0,0,UNKNOWN,0.0
2025-08-06,100000.0,100000.0,0,UNKNOWN,0.0
2025-08-07,100000.0,100000.0,0,UNKNOWN,0.0
2025-08-08,100000.0,100000.0,0,UNKNOWN,0.0
2025-08-11,100000.0,100000.0,0,UNKNOWN,0.0
2025-08-12,100000.0,100000.0,0,UNKNOWN,0.0
2025-08-13,100000.0,100000.0,0,UNKNOWN,0.0
2025-08-14,100000.0,100000.0,0,UNKNOWN,0.0
2025-08-15,100000.0,100000.0,0,UNKNOWN,0.0
2025-08-18,100000.0,100000.0,0,UNKNOWN,0.0
2025-08-19,100000.0,100000.0,0,UNKNOWN,0.0
2025-08-20,100000.0,100000.0,0,UNKNOWN,0.0
2025-08-21,100000.0,100000.0,0,UNKNOWN,0.0
2025-08-22,100000.0,100000.0,0,UNKNOWN,0.0
2025-08-25,100000.0,100000.0,0,UNKNOWN,0.0
2025-08-26,100000.0,100000.0,0,UNKNOWN,0.0
2025-08-27,100000.0,100000.0,0,UNKNOWN,0.0
2025-08-28,100000.0,100000.0,0,UNKNOWN,0.0
2025-08-29,100000.0,100000.0,0,UNKNOWN,0.0
2025-09-01,100000.0,100000.0,0,UNKNOWN,0.0
2025-09-02,100000.0,100000.0,0,UNKNOWN,0.0
2025-09-03,100000.0,100000.0,0,UNKNOWN,0.0
2025-09-04,100000.0,100000.0,0,UNKNOWN,0.0
2025-09-05,100000.0,100000.0,0,UNKNOWN,0.0
2025-09-08,100000.0,100000.0,0,UNKNOWN,0.0
2025-09-09,100000.0,100000.0,0,UNKNOWN,0.0
2025-09-10,100000.0,100000.0,0,UNKNOWN,0.0
2025-09-11,100000.0,100000.0,0,UNKNOWN,0.0
2025-09-12,100000.0,100000.0,0,UNKNOWN,0.0
2025-09-15,100000.0,100000.0,0,UNKNOWN,0.0
2025-09-16,100000.0,100000.0,0,UNKNOWN,0.0
2025-09-17,100000.0,100000.0,0,UNKNOWN,0.0
2025-09-18,100000.0,100000.0,0,UNKNOWN,0.0
2025-09-19,100000.0,100000.0,0,SHOCK,0.0
2025-09-22,100000.0,100000.0,0,SHOCK,0.0
2025-09-23,100000.0,100000.0,0,SHOCK,0.0
2025-09-24,100000.0,100000.0,0,SHOCK,0.0
2025-09-25,100000.0,100000.0,0,SHOCK,0.0
2025-09-26,100000.0,100000.0,0,SHOCK,0.0
2025-09-29,100000.0,100000.0,0,SHOCK,0.0
2025-09-30,100000.0,100000.0,0,SHOCK,0.0
2025-10-09,100000.0,100000.0,0,SHOCK,0.0
2025-10-10,100000.0,100000.0,0,SHOCK,0.0
2025-10-13,100000.0,100000.0,0,SHOCK,0.0
2025-10-14,100000.0,100000.0,0,SHOCK,0.0
2025-10-15,100000.0,100000.0,0,SHOCK,0.0
2025-10-16,100000.0,100000.0,0,SHOCK,0.0
2025-10-17,100000.0,100000.0,0,SHOCK,0.0
2025-10-20,100000.0,100000.0,0,SHOCK,0.0
2025-10-21,100000.0,100000.0,0,SHOCK,0.0
2025-10-22,100000.0,100000.0,0,SHOCK,0.0
2025-10-23,100000.0,100000.0,0,SHOCK,0.0
2025-10-24,100000.0,100000.0,0,SHOCK,0.0
2025-10-27,100000.0,100000.0,0,SHOCK,0.0
2025-10-28,100000.0,100000.0,0,SHOCK,0.0
2025-10-29,100000.0,100000.0,0,SHOCK,0.0
2025-10-30,100000.0,100000.0,0,SHOCK,0.0
2025-10-31,100000.0,100000.0,0,SHOCK,0.0
2025-11-03,100000.0,100000.0,0,SHOCK,0.0
2025-11-04,100000.0,100000.0,0,SHOCK,0.0
2025-11-05,100000.0,100000.0,0,SHOCK,0.0
2025-11-06,100000.0,100000.0,0,SHOCK,0.0
2025-11-07,100000.0,100000.0,0,SHOCK,0.0
2025-11-10,100000.0,100000.0,0,SHOCK,0.0
2025-11-11,100000.0,100000.0,0,SHOCK,0.0
2025-11-12,100000.0,100000.0,0,SHOCK,0.0
2025-11-13,100000.0,100000.0,0,SHOCK,0.0
2025-11-14,100000.0,100000.0,0,SHOCK,0.0
2025-11-17,100000.0,100000.0,0,SHOCK,0.0
2025-11-18,100000.0,100000.0,0,SHOCK,0.0
2025-11-19,100000.0,100000.0,0,SHOCK,0.0
2025-11-20,100000.0,100000.0,0,SHOCK,0.0
2025-11-21,100000.0,100000.0,0,SHOCK,0.0
2025-11-24,100000.0,100000.0,0,SHOCK,0.0
2025-11-25,100000.0,100000.0,0,SHOCK,0.0
2025-11-26,100000.0,100000.0,0,SHOCK,0.0
2025-11-27,100000.0,100000.0,0,SHOCK,0.0
2025-11-28,100000.0,100000.0,0,SHOCK,0.0
2025-12-01,100000.0,100000.0,0,SHOCK,0.0
2025-12-02,100000.0,100000.0,0,SHOCK,0.0
2025-12-03,100000.0,100000.0,0,SHOCK,0.0
2025-12-04,100000.0,100000.0,0,SHOCK,0.0
2025-12-05,100000.0,100000.0,0,SHOCK,0.0
2025-12-08,100000.0,100000.0,0,SHOCK,0.0
2025-12-09,100000.0,100000.0,0,SHOCK,0.0
2025-12-10,100000.0,100000.0,0,SHOCK,0.0
2025-12-11,100000.0,100000.0,0,SHOCK,0.0
2025-12-12,100000.0,100000.0,0,SHOCK,0.0
2025-12-15,100000.0,100000.0,0,SHOCK,0.0
2025-12-16,100000.0,100000.0,0,SHOCK,0.0
2025-12-17,100000.0,100000.0,0,SHOCK,0.0
2025-12-18,100000.0,100000.0,0,SHOCK,0.0
2025-12-19,100000.0,100000.0,0,SHOCK,0.0
2025-12-22,100000.0,100000.0,0,SHOCK,0.0
2025-12-23,100000.0,100000.0,0,SHOCK,0.0
2025-12-24,100000.0,100000.0,0,SHOCK,0.0
2025-12-25,100000.0,100000.0,0,SHOCK,0.0
2025-12-26,100000.0,100000.0,0,SHOCK,0.0
2025-12-29,100000.0,100000.0,0,SHOCK,0.0
2025-12-30,100000.0,100000.0,0,BULL,0.0
2025-12-31,100000.0,100000.0,0,BULL,0.0
2026-01-05,100000.0,100000.0,0,BULL,0.0
2026-01-06,100000.0,100000.0,0,BULL,0.0
2026-01-07,100000.0,100000.0,0,BULL,0.0
2026-01-08,100000.0,100000.0,0,BULL,0.0
2026-01-09,100000.0,100000.0,0,BULL,0.0
2026-01-12,100000.0,100000.0,0,BULL,0.0
2026-01-13,100000.0,100000.0,0,BULL,0.0
2026-01-14,100000.0,100000.0,0,BULL,0.0
2026-01-15,100000.0,100000.0,0,BULL,0.0
2026-01-16,100000.0,100000.0,0,BULL,0.0
2026-01-19,100000.0,100000.0,0,BULL,0.0
2026-01-20,100000.0,100000.0,0,BULL,0.0
2026-01-21,100000.0,100000.0,0,BULL,0.0
2026-01-22,100000.0,100000.0,0,BULL,0.0
2026-01-23,100000.0,100000.0,0,BULL,0.0
2026-01-26,100000.0,100000.0,0,BULL,0.0
2026-01-27,100000.0,100000.0,0,BULL,0.0
2026-01-28,100000.0,100000.0,0,BULL,0.0
2026-01-29,100000.0,100000.0,0,BULL,0.0
2026-01-30,100000.0,100000.0,0,BULL,0.0
2026-02-02,100000.0,100000.0,0,BULL,0.0
2026-02-03,100000.0,100000.0,0,BULL,0.0
2026-02-04,100000.0,100000.0,0,BULL,0.0
2026-02-05,100000.0,100000.0,0,BULL,0.0
2026-02-06,100000.0,100000.0,0,BULL,0.0
2026-02-09,100000.0,100000.0,0,BULL,0.0
2026-02-10,100000.0,100000.0,0,BULL,0.0
2026-02-11,100000.0,100000.0,0,BULL,0.0
2026-02-12,100000.0,100000.0,0,BULL,0.0
2026-02-13,100000.0,100000.0,0,BULL,0.0
2026-02-24,100000.0,100000.0,0,BULL,0.0
2026-02-25,100000.0,100000.0,0,BULL,0.0
2026-02-26,104649.57,26782.57,5,BULL,74.4
2026-02-27,107834.21,37740.21,5,BULL,65.0
2026-03-02,111367.66,32993.66,5,BULL,70.4
2026-03-03,106482.66,32993.66,5,BULL,69.0
2026-03-04,109519.19,33747.19,5,BULL,69.2
2026-03-05,109138.38,35574.38,5,BULL,67.4
2026-03-06,111036.79,38668.79,5,BULL,65.2
2026-03-09,110754.79,38668.79,5,BULL,65.1
2026-03-10,112807.17,39907.17,5,BULL,64.6
2026-03-11,113595.09,44690.09,5,BULL,60.7
2026-03-12,114774.69,47850.69,5,BULL,58.3
2026-03-13,113293.33,41749.33,5,BULL,63.1
2026-03-16,113298.08,41216.08,5,BULL,63.6
2026-03-17,114943.99,40461.99,5,BULL,64.8
2026-03-18,115625.99,40461.99,5,BULL,65.0
2026-03-19,114786.14,63202.14,4,SHOCK,44.9
2026-03-20,115816.61,76059.61,3,SHOCK,34.3
2026-03-23,113208.55,76949.55,3,SHOCK,32.0
2026-03-24,113981.55,76949.55,3,SHOCK,32.5
2026-03-25,115279.55,76949.55,3,SHOCK,33.2
2026-03-26,112459.18,73430.18,3,SHOCK,34.7
2026-03-27,113665.18,73430.18,3,SHOCK,35.4
2026-03-30,114009.07,114009.07,0,SHOCK,0.0
2026-03-31,114009.07,114009.07,0,SHOCK,0.0
2026-04-01,112453.34,62164.34,3,SHOCK,44.7
2026-04-02,112170.71,112170.71,0,SHOCK,0.0
2026-04-03,112170.71,112170.71,0,BEAR,0.0
2026-04-07,112170.71,112170.71,0,BEAR,0.0
2026-04-08,112150.29,95820.29,1,SHOCK,14.6
2026-04-09,112633.29,95820.29,1,SHOCK,14.9
2026-04-10,112380.29,95820.29,1,SHOCK,14.7
2026-04-13,112472.29,95820.29,1,SHOCK,14.8
2026-04-14,112242.29,95820.29,1,SHOCK,14.6
2026-04-15,112173.29,95820.29,1,SHOCK,14.6
2026-04-16,112219.29,95820.29,1,SHOCK,14.6
2026-04-17,112587.29,95820.29,1,SHOCK,14.9
2026-04-20,112242.29,95820.29,1,SHOCK,14.6
2026-04-21,112144.69,112144.69,0,SHOCK,0.0
2026-04-22,112144.69,112144.69,0,SHOCK,0.0
2026-04-23,112144.69,112144.69,0,SHOCK,0.0
2026-04-24,112144.69,112144.69,0,SHOCK,0.0
2026-04-27,112144.69,112144.69,0,SHOCK,0.0
2026-04-28,112144.69,112144.69,0,SHOCK,0.0
2026-04-29,112144.69,112144.69,0,SHOCK,0.0
2026-04-30,112144.69,112144.69,0,SHOCK,0.0
2026-05-06,112144.69,112144.69,0,BULL,0.0
2026-05-07,112144.69,112144.69,0,BULL,0.0
2026-05-08,112144.69,112144.69,0,BULL,0.0
2026-05-11,112144.69,112144.69,0,BULL,0.0
2026-05-12,112144.69,112144.69,0,BULL,0.0
2026-05-13,112144.69,112144.69,0,BULL,0.0
2026-05-14,112144.69,112144.69,0,BULL,0.0
2026-05-15,112144.69,112144.69,0,BULL,0.0
2026-05-18,112144.69,112144.69,0,BULL,0.0
2026-05-19,112144.69,112144.69,0,BULL,0.0
2026-05-20,112144.69,112144.69,0,BULL,0.0
2026-05-21,112144.69,112144.69,0,BULL,0.0
2026-05-22,112144.69,112144.69,0,BULL,0.0
2026-05-25,112144.69,112144.69,0,BULL,0.0
2026-05-26,112144.69,112144.69,0,BULL,0.0
2026-05-27,112144.69,112144.69,0,BULL,0.0
2026-05-28,112144.69,112144.69,0,BULL,0.0
2026-05-29,112144.69,112144.69,0,BULL,0.0
2026-06-01,112144.69,112144.69,0,BULL,0.0
2026-06-02,112144.69,112144.69,0,BULL,0.0
2026-06-03,112144.69,112144.69,0,BULL,0.0
2026-06-04,112144.69,112144.69,0,BULL,0.0
2026-06-05,112144.69,112144.69,0,SHOCK,0.0
2026-06-08,112144.69,112144.69,0,SHOCK,0.0
2026-06-09,112144.69,112144.69,0,SHOCK,0.0
2026-06-10,112144.69,112144.69,0,SHOCK,0.0
2026-06-11,112144.69,112144.69,0,SHOCK,0.0
2026-06-12,112144.69,112144.69,0,BULL,0.0
2026-06-15,112144.69,112144.69,0,BULL,0.0
2026-06-16,112144.69,112144.69,0,BULL,0.0
2026-06-17,112144.69,112144.69,0,BULL,0.0
2026-06-18,112144.69,112144.69,0,BULL,0.0
2026-06-22,112144.69,112144.69,0,BULL,0.0
2026-06-23,112144.69,112144.69,0,BULL,0.0
2026-06-24,112144.69,112144.69,0,BULL,0.0
2026-06-25,112144.69,112144.69,0,BULL,0.0
2026-06-26,112144.69,112144.69,0,BULL,0.0
2026-06-29,112144.69,112144.69,0,BULL,0.0
2026-06-30,112144.69,112144.69,0,BULL,0.0
2026-07-01,112144.69,112144.69,0,BULL,0.0
2026-07-02,112144.69,112144.69,0,BULL,0.0
2026-07-03,112144.69,112144.69,0,SHOCK,0.0
2026-07-06,112144.69,112144.69,0,SHOCK,0.0
2026-07-07,112144.69,112144.69,0,SHOCK,0.0
2026-07-08,112144.69,112144.69,0,SHOCK,0.0
2026-07-09,112144.69,112144.69,0,SHOCK,0.0
2026-07-10,112144.69,112144.69,0,SHOCK,0.0
2026-07-13,112144.69,112144.69,0,SHOCK,0.0
2026-07-14,112144.69,112144.69,0,SHOCK,0.0
2026-07-15,112144.69,112144.69,0,SHOCK,0.0
2026-07-16,112144.69,112144.69,0,SHOCK,0.0
2026-07-17,112144.69,112144.69,0,SHOCK,0.0
2026-07-20,112144.69,112144.69,0,SHOCK,0.0
2026-07-21,112144.69,112144.69,0,SHOCK,0.0
2026-07-22,112144.69,112144.69,0,BEAR,0.0
2026-07-23,112144.69,112144.69,0,SHOCK,0.0
2026-07-24,112144.69,112144.69,0,BEAR,0.0
2026-07-27,112144.69,112144.69,0,BEAR,0.0
2026-07-28,112144.69,112144.69,0,BEAR,0.0
2026-07-29,112144.69,112144.69,0,BEAR,0.0
2026-07-30,112144.69,112144.69,0,BEAR,0.0
2026-07-31,112144.69,112144.69,0,BEAR,0.0
2026-08-03,112144.69,112144.69,0,BEAR,0.0
