因子,周期,IC均值,IC标准差,IR,IC胜率,样本数,评估
momentum_20,1日,-0.0474,0.1729,-0.274,30.8%,26,❌ 无效
momentum_20,5日,-0.1043,0.1383,-0.7544,31.8%,22,❌ 无效
momentum_20,10日,-0.0772,0.1326,-0.5819,29.4%,17,❌ 无效
momentum_20,20日,-0.0352,0.1261,-0.2792,42.9%,7,❌ 无效
reversal_5,1日,-0.0141,0.1613,-0.0871,50.0%,26,❌ 无效
reversal_5,5日,0.0739,0.1423,0.519,68.2%,22,✅ 有效
reversal_5,10日,0.0733,0.1138,0.6445,64.7%,17,✅ 有效
reversal_5,20日,0.0192,0.0896,0.2145,57.1%,7,❌ 无效
volatility_20,1日,-0.1011,0.2591,-0.3903,30.8%,26,❌ 无效
volatility_20,5日,-0.1527,0.263,-0.5805,31.8%,22,❌ 无效
volatility_20,10日,-0.1582,0.2431,-0.6507,35.3%,17,❌ 无效
volatility_20,20日,-0.184,0.0757,-2.4326,0.0%,7,❌ 无效
turnover_avg_5,1日,-0.116,0.2369,-0.49,34.6%,26,❌ 无效
turnover_avg_5,5日,-0.1724,0.2257,-0.764,18.2%,22,❌ 无效
turnover_avg_5,10日,-0.1837,0.206,-0.8919,23.5%,17,❌ 无效
turnover_avg_5,20日,-0.1776,0.1255,-1.4154,0.0%,7,❌ 无效
ma_align_5_20_60,1日,-0.07,0.1664,-0.4206,34.6%,26,❌ 无效
ma_align_5_20_60,5日,-0.1227,0.1803,-0.6805,22.7%,22,❌ 无效
ma_align_5_20_60,10日,-0.1045,0.1582,-0.6604,17.6%,17,❌ 无效
ma_align_5_20_60,20日,-0.0156,0.1238,-0.1257,42.9%,7,❌ 无效
amihud_20,1日,0.0107,0.2221,0.0483,57.7%,26,❌ 无效
amihud_20,5日,0.0002,0.1889,0.0011,45.5%,22,❌ 无效
amihud_20,10日,-0.0583,0.0788,-0.7397,29.4%,17,❌ 无效
amihud_20,20日,-0.1582,0.0345,-4.5794,0.0%,7,❌ 无效
vol_price_div_20,1日,-0.0397,0.1664,-0.2386,42.3%,26,❌ 无效
vol_price_div_20,5日,-0.0933,0.1278,-0.7299,27.3%,22,❌ 无效
vol_price_div_20,10日,-0.0812,0.1531,-0.5302,35.3%,17,❌ 无效
vol_price_div_20,20日,-0.0224,0.1331,-0.1686,42.9%,7,❌ 无效
turnover_spike_20,1日,-0.0406,0.1226,-0.3311,34.6%,26,❌ 无效
turnover_spike_20,5日,-0.0496,0.1014,-0.4894,27.3%,22,❌ 无效
turnover_spike_20,10日,-0.0715,0.1297,-0.5513,29.4%,17,❌ 无效
turnover_spike_20,20日,-0.0101,0.1382,-0.0734,42.9%,7,❌ 无效
price_gap,1日,0.0479,0.1469,0.3264,69.2%,26,⚠️ 一般
price_gap,5日,-0.0066,0.1775,-0.0372,36.4%,22,❌ 无效
price_gap,10日,-0.0161,0.1465,-0.11,58.8%,17,❌ 无效
price_gap,20日,0.0788,0.1071,0.7362,71.4%,7,✅ 有效
limit_up_count,1日,0.0171,0.1377,0.124,56.5%,23,❌ 无效
limit_up_count,5日,-0.0349,0.1187,-0.2941,31.6%,19,❌ 无效
limit_up_count,10日,-0.0294,0.0893,-0.3294,26.7%,15,❌ 无效
limit_up_count,20日,-0.024,0.113,-0.2122,50.0%,6,❌ 无效
prosperity,1日,0.0147,0.1046,0.1408,53.8%,26,❌ 无效
prosperity,5日,0.0196,0.0888,0.2202,59.1%,22,❌ 无效
prosperity,10日,0.0289,0.1071,0.2703,52.9%,17,⚠️ 一般
prosperity,20日,-0.062,0.1182,-0.5242,28.6%,7,❌ 无效
industry_rotation_20,1日,-0.0453,0.1663,-0.2722,30.8%,26,❌ 无效
industry_rotation_20,5日,-0.0516,0.11,-0.4687,27.3%,22,❌ 无效
industry_rotation_20,10日,-0.0634,0.105,-0.6041,35.3%,17,❌ 无效
industry_rotation_20,20日,0.0213,0.0732,0.2911,71.4%,7,⚠️ 一般
