variant,signal_date,entry_date,exit_date,ret_pct
冰点→持有1日,2024-01-05,2024-01-08,2024-01-09,-1.691
冰点→持有1日,2024-01-12,2024-01-15,2024-01-16,-0.137
冰点→持有1日,2024-01-22,2024-01-23,2024-01-24,0.831
冰点→持有1日,2024-01-29,2024-01-30,2024-01-31,-2.218
冰点→持有1日,2024-02-02,2024-02-05,2024-02-06,-1.758
冰点→持有1日,2024-02-06,2024-02-07,2024-02-08,1.015
冰点→持有1日,2024-02-28,2024-02-29,2024-03-01,1.93
冰点→持有1日,2024-03-07,2024-03-08,2024-03-11,0.093
冰点→持有1日,2024-03-14,2024-03-15,2024-03-18,0.396
冰点→持有1日,2024-03-25,2024-03-26,2024-03-27,-0.453
冰点→持有1日,2024-04-02,2024-04-03,2024-04-08,-1.02
冰点→持有1日,2024-04-10,2024-04-11,2024-04-12,0.279
冰点→持有1日,2024-04-15,2024-04-16,2024-04-17,-1.614
冰点→持有1日,2024-05-10,2024-05-13,2024-05-14,-0.152
冰点→持有1日,2024-05-21,2024-05-22,2024-05-23,-0.681
冰点→持有1日,2024-05-23,2024-05-24,2024-05-27,-0.983
冰点→持有1日,2024-05-28,2024-05-29,2024-05-30,-0.588
冰点→持有1日,2024-06-03,2024-06-04,2024-06-05,0.029
冰点→持有1日,2024-06-05,2024-06-06,2024-06-07,-0.955
冰点→持有1日,2024-06-11,2024-06-12,2024-06-13,-0.028
冰点→持有1日,2024-06-14,2024-06-17,2024-06-18,-0.537
冰点→持有1日,2024-06-20,2024-06-21,2024-06-24,-0.963
冰点→持有1日,2024-06-24,2024-06-25,2024-06-26,-1.101
冰点→持有1日,2024-06-27,2024-06-28,2024-07-01,0.397
冰点→持有1日,2024-07-03,2024-07-04,2024-07-05,-1.468
冰点→持有1日,2024-07-08,2024-07-09,2024-07-10,0.557
冰点→持有1日,2024-07-17,2024-07-18,2024-07-19,-0.031
冰点→持有1日,2024-08-09,2024-08-12,2024-08-13,-0.397
冰点→持有1日,2024-08-20,2024-08-21,2024-08-22,-0.545
冰点→持有1日,2024-08-30,2024-09-02,2024-09-03,-1.266
冰点→持有1日,2024-09-06,2024-09-09,2024-09-10,-1.06
冰点→持有1日,2024-09-11,2024-09-12,2024-09-13,-0.565
冰点→持有1日,2024-09-18,2024-09-19,2024-09-20,-0.046
冰点→持有1日,2024-09-25,2024-09-26,2024-09-27,4.908
冰点→持有1日,2024-10-08,2024-10-09,2024-10-10,-4.804
冰点→持有1日,2024-10-10,2024-10-11,2024-10-14,-1.86
冰点→持有1日,2024-10-17,2024-10-18,2024-10-21,3.02
冰点→持有1日,2024-10-29,2024-10-30,2024-10-31,-0.623
冰点→持有1日,2024-11-01,2024-11-04,2024-11-05,0.499
冰点→持有1日,2024-11-06,2024-11-07,2024-11-08,3.772
冰点→持有1日,2024-11-12,2024-11-13,2024-11-14,0.212
冰点→持有1日,2024-11-14,2024-11-15,2024-11-18,-1.194
冰点→持有1日,2024-11-22,2024-11-25,2024-11-26,-0.999
冰点→持有1日,2024-11-28,2024-11-29,2024-12-02,0.558
冰点→持有1日,2024-12-17,2024-12-18,2024-12-19,-0.905
冰点→持有1日,2024-12-23,2024-12-24,2024-12-25,0.787
冰点→持有1日,2025-01-10,2025-01-13,2025-01-14,0.068
冰点→持有1日,2025-01-23,2025-01-24,2025-01-27,0.595
冰点→持有1日,2025-02-07,2025-02-10,2025-02-11,0.022
冰点→持有1日,2025-02-13,2025-02-14,2025-02-17,0.358
冰点→持有1日,2025-02-28,2025-03-03,2025-03-04,-1.286
冰点→持有1日,2025-03-07,2025-03-10,2025-03-11,-1.569
冰点→持有1日,2025-03-28,2025-03-31,2025-04-01,-0.528
冰点→持有1日,2025-04-07,2025-04-08,2025-04-09,0.058
冰点→持有1日,2025-05-07,2025-05-08,2025-05-09,0.125
冰点→持有1日,2025-05-09,2025-05-12,2025-05-13,0.54
冰点→持有1日,2025-05-22,2025-05-23,2025-05-26,-1.346
冰点→持有1日,2025-07-23,2025-07-24,2025-07-25,0.262
冰点→持有1日,2025-08-14,2025-08-15,2025-08-18,0.987
冰点→持有1日,2025-08-21,2025-08-22,2025-08-25,1.558
冰点→持有1日,2025-08-27,2025-08-28,2025-08-29,0.762
冰点→持有1日,2025-09-02,2025-09-03,2025-09-04,-1.935
冰点→持有1日,2025-09-18,2025-09-19,2025-09-22,-0.67
冰点→持有1日,2025-10-14,2025-10-15,2025-10-16,0.406
冰点→持有1日,2025-10-31,2025-11-03,2025-11-04,0.039
冰点→持有1日,2025-11-10,2025-11-11,2025-11-12,-1.127
冰点→持有1日,2025-11-20,2025-11-21,2025-11-24,-1.679
冰点→持有1日,2025-12-04,2025-12-05,2025-12-08,0.481
冰点→持有1日,2025-12-11,2025-12-12,2025-12-15,-0.553
冰点→持有1日,2026-01-07,2026-01-08,2026-01-09,-0.228
冰点→持有1日,2026-01-13,2026-01-14,2026-01-15,-1.232
冰点→持有1日,2026-01-16,2026-01-19,2026-01-20,0.176
冰点→持有1日,2026-03-09,2026-03-10,2026-03-11,0.161
冰点→持有1日,2026-03-19,2026-03-20,2026-03-23,-2.933
冰点→持有1日,2026-03-23,2026-03-24,2026-03-25,0.656
冰点→持有1日,2026-04-01,2026-04-02,2026-04-03,-0.784
冰点→持有1日,2026-04-03,2026-04-07,2026-04-08,0.735
冰点→持有1日,2026-05-14,2026-05-15,2026-05-18,-1.742
冰点→持有1日,2026-05-21,2026-05-22,2026-05-25,0.285
冰点→持有1日,2026-05-26,2026-05-27,2026-05-28,-1.86
冰点→持有1日,2026-05-29,2026-06-01,2026-06-02,-0.59
冰点→持有1日,2026-06-03,2026-06-04,2026-06-05,-0.667
冰点→持有1日,2026-07-07,2026-07-08,2026-07-09,-0.931
冰点→持有1日,2026-07-10,2026-07-13,2026-07-14,-1.878
冰点→持有1日,2026-07-17,2026-07-20,2026-07-21,0.09
冰点→持有1日,2026-07-22,2026-07-23,2026-07-24,-0.823
冰点→持有1日,2026-07-31,2026-08-03,2026-08-04,-0.351
冰点→持有3日,2024-01-05,2024-01-08,2024-01-11,-2.145
冰点→持有3日,2024-01-12,2024-01-15,2024-01-18,-2.183
冰点→持有3日,2024-01-22,2024-01-23,2024-01-26,5.037
冰点→持有3日,2024-01-29,2024-01-30,2024-02-02,-3.687
冰点→持有3日,2024-02-02,2024-02-05,2024-02-08,3.827
冰点→持有3日,2024-02-28,2024-02-29,2024-03-05,2.38
冰点→持有3日,2024-03-07,2024-03-08,2024-03-13,0.446
冰点→持有3日,2024-03-14,2024-03-15,2024-03-20,0.443
冰点→持有3日,2024-03-25,2024-03-26,2024-03-29,-1.061
冰点→持有3日,2024-04-02,2024-04-03,2024-04-10,-1.389
冰点→持有3日,2024-04-10,2024-04-11,2024-04-16,0.543
冰点→持有3日,2024-04-16,2024-04-17,2024-04-22,1.242
冰点→持有3日,2024-05-10,2024-05-13,2024-05-16,-0.841
冰点→持有3日,2024-05-21,2024-05-22,2024-05-27,-2.443
冰点→持有3日,2024-05-28,2024-05-29,2024-06-03,-1.158
冰点→持有3日,2024-06-03,2024-06-04,2024-06-07,-1.015
冰点→持有3日,2024-06-11,2024-06-12,2024-06-17,-0.7
冰点→持有3日,2024-06-17,2024-06-18,2024-06-21,-1.007
冰点→持有3日,2024-06-24,2024-06-25,2024-06-28,-1.206
冰点→持有3日,2024-06-28,2024-07-01,2024-07-04,0.209
冰点→持有3日,2024-07-04,2024-07-05,2024-07-10,-0.63
冰点→持有3日,2024-07-17,2024-07-18,2024-07-23,-0.133
冰点→持有3日,2024-08-09,2024-08-12,2024-08-15,-0.963
冰点→持有3日,2024-08-20,2024-08-21,2024-08-26,-0.571
冰点→持有3日,2024-08-30,2024-09-02,2024-09-05,-2.109
冰点→持有3日,2024-09-06,2024-09-09,2024-09-12,-1.63
冰点→持有3日,2024-09-18,2024-09-19,2024-09-24,1.293
冰点→持有3日,2024-09-25,2024-09-26,2024-10-08,26.474
冰点→持有3日,2024-10-08,2024-10-09,2024-10-14,-5.86
冰点→持有3日,2024-10-17,2024-10-18,2024-10-23,3.31
冰点→持有3日,2024-10-29,2024-10-30,2024-11-04,-0.388
冰点→持有3日,2024-11-06,2024-11-07,2024-11-12,2.815
冰点→持有3日,2024-11-12,2024-11-13,2024-11-18,-2.273
冰点→持有3日,2024-11-22,2024-11-25,2024-11-28,0.568
冰点→持有3日,2024-11-28,2024-11-29,2024-12-04,2.014
冰点→持有3日,2024-12-17,2024-12-18,2024-12-23,-0.55
冰点→持有3日,2024-12-23,2024-12-24,2024-12-27,0.852
冰点→持有3日,2025-01-10,2025-01-13,2025-01-16,2.409
冰点→持有3日,2025-01-23,2025-01-24,2025-02-06,-0.335
冰点→持有3日,2025-02-07,2025-02-10,2025-02-13,0.612
冰点→持有3日,2025-02-13,2025-02-14,2025-02-19,-0.681
冰点→持有3日,2025-02-28,2025-03-03,2025-03-06,0.305
冰点→持有3日,2025-03-07,2025-03-10,2025-03-13,-0.514
冰点→持有3日,2025-03-28,2025-03-31,2025-04-03,-1.158
冰点→持有3日,2025-04-07,2025-04-08,2025-04-11,3.59
冰点→持有3日,2025-05-07,2025-05-08,2025-05-13,1.199
冰点→持有3日,2025-05-22,2025-05-23,2025-05-28,-1.485
冰点→持有3日,2025-07-23,2025-07-24,2025-07-29,0.021
冰点→持有3日,2025-08-14,2025-08-15,2025-08-20,1.101
冰点→持有3日,2025-08-21,2025-08-22,2025-08-27,2.125
冰点→持有3日,2025-08-27,2025-08-28,2025-09-02,1.663
冰点→持有3日,2025-09-02,2025-09-03,2025-09-08,-1.834
冰点→持有3日,2025-09-18,2025-09-19,2025-09-24,-1.126
冰点→持有3日,2025-10-14,2025-10-15,2025-10-20,-0.501
冰点→持有3日,2025-10-31,2025-11-03,2025-11-06,0.037
冰点→持有3日,2025-11-10,2025-11-11,2025-11-14,-0.865
冰点→持有3日,2025-11-20,2025-11-21,2025-11-26,-1.199
冰点→持有3日,2025-12-04,2025-12-05,2025-12-10,0.272
冰点→持有3日,2025-12-11,2025-12-12,2025-12-17,-1.66
冰点→持有3日,2026-01-07,2026-01-08,2026-01-13,1.802
冰点→持有3日,2026-01-13,2026-01-14,2026-01-19,-1.606
冰点→持有3日,2026-03-09,2026-03-10,2026-03-13,0.013
冰点→持有3日,2026-03-19,2026-03-20,2026-03-25,-3.249
冰点→持有3日,2026-04-01,2026-04-02,2026-04-08,-0.717
冰点→持有3日,2026-05-14,2026-05-15,2026-05-20,-0.963
冰点→持有3日,2026-05-21,2026-05-22,2026-05-27,0.589
冰点→持有3日,2026-05-29,2026-06-01,2026-06-04,-0.781
冰点→持有3日,2026-07-07,2026-07-08,2026-07-13,-1.218
冰点→持有3日,2026-07-13,2026-07-14,2026-07-17,-1.572
冰点→持有3日,2026-07-17,2026-07-20,2026-07-23,1.562
冰点→持有3日,2026-07-31,2026-08-03,2026-08-06,0.902
冰点→持有5日,2024-01-05,2024-01-08,2024-01-15,-2.187
冰点→持有5日,2024-01-22,2024-01-23,2024-01-30,3.888
冰点→持有5日,2024-01-30,2024-01-31,2024-02-07,-1.3
冰点→持有5日,2024-02-28,2024-02-29,2024-03-07,2.825
冰点→持有5日,2024-03-07,2024-03-08,2024-03-15,-0.273
冰点→持有5日,2024-03-25,2024-03-26,2024-04-02,1.197
冰点→持有5日,2024-04-02,2024-04-03,2024-04-12,-1.726
冰点→持有5日,2024-04-15,2024-04-16,2024-04-23,-0.612
冰点→持有5日,2024-05-10,2024-05-13,2024-05-20,0.08
冰点→持有5日,2024-05-21,2024-05-22,2024-05-29,-2.004
冰点→持有5日,2024-05-29,2024-05-30,2024-06-06,-1.552
冰点→持有5日,2024-06-06,2024-06-07,2024-06-17,-1.633
冰点→持有5日,2024-06-17,2024-06-18,2024-06-25,-2.181
冰点→持有5日,2024-06-27,2024-06-28,2024-07-05,0.028
冰点→持有5日,2024-07-08,2024-07-09,2024-07-16,1.065
冰点→持有5日,2024-07-17,2024-07-18,2024-07-25,-2.454
冰点→持有5日,2024-08-09,2024-08-12,2024-08-19,0.216
冰点→持有5日,2024-08-20,2024-08-21,2024-08-28,-0.96
冰点→持有5日,2024-08-30,2024-09-02,2024-09-09,-3.185
冰点→持有5日,2024-09-11,2024-09-12,2024-09-23,0.036
冰点→持有5日,2024-09-25,2024-09-26,2024-10-10,12.792
冰点→持有5日,2024-10-10,2024-10-11,2024-10-18,-4.15
冰点→持有5日,2024-10-29,2024-10-30,2024-11-06,3.257
冰点→持有5日,2024-11-06,2024-11-07,2024-11-14,1.615
冰点→持有5日,2024-11-14,2024-11-15,2024-11-22,-0.502
冰点→持有5日,2024-11-22,2024-11-25,2024-12-02,1.184
冰点→持有5日,2024-12-17,2024-12-18,2024-12-25,0.255
冰点→持有5日,2025-01-10,2025-01-13,2025-01-20,2.952
冰点→持有5日,2025-01-23,2025-01-24,2025-02-10,2.187
冰点→持有5日,2025-02-13,2025-02-14,2025-02-21,0.396
冰点→持有5日,2025-02-28,2025-03-03,2025-03-10,0.895
冰点→持有5日,2025-03-28,2025-03-31,2025-04-08,-7.885
冰点→持有5日,2025-05-07,2025-05-08,2025-05-15,1.564
冰点→持有5日,2025-05-22,2025-05-23,2025-05-30,-0.984
冰点→持有5日,2025-07-23,2025-07-24,2025-07-31,0.269
冰点→持有5日,2025-08-14,2025-08-15,2025-08-22,2.617
冰点→持有5日,2025-08-27,2025-08-28,2025-09-04,-0.159
冰点→持有5日,2025-09-18,2025-09-19,2025-09-26,-0.205
冰点→持有5日,2025-10-14,2025-10-15,2025-10-22,0.287
冰点→持有5日,2025-10-31,2025-11-03,2025-11-10,0.755
冰点→持有5日,2025-11-10,2025-11-11,2025-11-18,-1.973
冰点→持有5日,2025-11-20,2025-11-21,2025-11-28,-1.109
冰点→持有5日,2025-12-04,2025-12-05,2025-12-12,-0.545
冰点→持有5日,2026-01-07,2026-01-08,2026-01-15,0.248
冰点→持有5日,2026-01-16,2026-01-19,2026-01-26,0.869
冰点→持有5日,2026-03-09,2026-03-10,2026-03-17,-0.749
冰点→持有5日,2026-03-19,2026-03-20,2026-03-27,-4.25
冰点→持有5日,2026-04-01,2026-04-02,2026-04-10,0.681
冰点→持有5日,2026-05-14,2026-05-15,2026-05-22,-2.315
冰点→持有5日,2026-05-26,2026-05-27,2026-06-03,-2.149
冰点→持有5日,2026-06-03,2026-06-04,2026-06-11,-2.271
冰点→持有5日,2026-07-07,2026-07-08,2026-07-15,-1.276
冰点→持有5日,2026-07-17,2026-07-20,2026-07-27,0.004
冰点→持有5日,2026-07-31,2026-08-03,2026-08-10,2.985
冰点→持有10日,2024-01-05,2024-01-08,2024-01-22,-3.76
冰点→持有10日,2024-01-22,2024-01-23,2024-02-06,-2.863
冰点→持有10日,2024-02-06,2024-02-07,2024-02-29,4.988
冰点→持有10日,2024-03-07,2024-03-08,2024-03-22,1.014
冰点→持有10日,2024-03-25,2024-03-26,2024-04-11,-0.89
冰点→持有10日,2024-04-15,2024-04-16,2024-04-30,1.734
冰点→持有10日,2024-05-10,2024-05-13,2024-05-27,-1.891
冰点→持有10日,2024-05-28,2024-05-29,2024-06-13,-2.696
冰点→持有10日,2024-06-14,2024-06-17,2024-07-01,-2.185
冰点→持有10日,2024-07-03,2024-07-04,2024-07-18,-1.576
冰点→持有10日,2024-08-09,2024-08-12,2024-08-26,-0.569
冰点→持有10日,2024-08-30,2024-09-02,2024-09-18,-4.925
冰点→持有10日,2024-09-18,2024-09-19,2024-10-10,19.871
冰点→持有10日,2024-10-10,2024-10-11,2024-10-25,-0.666
冰点→持有10日,2024-10-29,2024-10-30,2024-11-13,3.613
冰点→持有10日,2024-11-14,2024-11-15,2024-11-29,-2.659
冰点→持有10日,2024-12-17,2024-12-18,2025-01-02,-1.141
冰点→持有10日,2025-01-10,2025-01-13,2025-01-27,2.966
冰点→持有10日,2025-02-07,2025-02-10,2025-02-24,1.543
冰点→持有10日,2025-02-28,2025-03-03,2025-03-17,2.621
冰点→持有10日,2025-03-28,2025-03-31,2025-04-15,-2.917
冰点→持有10日,2025-05-07,2025-05-08,2025-05-22,1.068
冰点→持有10日,2025-05-22,2025-05-23,2025-06-09,-0.098
冰点→持有10日,2025-07-23,2025-07-24,2025-08-07,1.192
冰点→持有10日,2025-08-14,2025-08-15,2025-08-29,4.541
冰点→持有10日,2025-09-02,2025-09-03,2025-09-17,-0.739
冰点→持有10日,2025-09-18,2025-09-19,2025-10-13,-1.24
冰点→持有10日,2025-10-14,2025-10-15,2025-10-29,2.717
冰点→持有10日,2025-10-31,2025-11-03,2025-11-17,0.42
冰点→持有10日,2025-11-20,2025-11-21,2025-12-05,-1.053
冰点→持有10日,2025-12-11,2025-12-12,2025-12-26,1.831
冰点→持有10日,2026-01-07,2026-01-08,2026-01-22,0.734
冰点→持有10日,2026-03-09,2026-03-10,2026-03-24,-6.512
冰点→持有10日,2026-04-01,2026-04-02,2026-04-17,2.148
冰点→持有10日,2026-05-14,2026-05-15,2026-05-29,-1.972
冰点→持有10日,2026-05-29,2026-06-01,2026-06-15,-0.783
冰点→持有10日,2026-07-07,2026-07-08,2026-07-22,-4.374
冰点→持有10日,2026-07-22,2026-07-23,2026-08-06,-0.548
连续2日冰点→持有5日,2024-01-30,2024-01-31,2024-02-07,-1.3
连续2日冰点→持有5日,2024-04-16,2024-04-17,2024-04-24,0.258
连续2日冰点→持有5日,2024-05-13,2024-05-14,2024-05-21,0.052
连续2日冰点→持有5日,2024-05-22,2024-05-23,2024-05-30,-1.913
连续2日冰点→持有5日,2024-06-06,2024-06-07,2024-06-17,-1.633
连续2日冰点→持有5日,2024-06-17,2024-06-18,2024-06-25,-2.181
连续2日冰点→持有5日,2024-06-28,2024-07-01,2024-07-08,-1.305
连续2日冰点→持有5日,2024-08-12,2024-08-13,2024-08-20,0.776
连续2日冰点→持有5日,2024-09-02,2024-09-03,2024-09-10,-2.983
连续2日冰点→持有5日,2024-10-09,2024-10-10,2024-10-17,-2.184
连续2日冰点→持有5日,2025-05-23,2025-05-26,2025-06-03,-0.643
连续2日冰点→持有5日,2025-09-03,2025-09-04,2025-09-11,-0.494
连续2日冰点→持有5日,2025-11-21,2025-11-24,2025-12-01,0.732
连续2日冰点→持有5日,2026-03-20,2026-03-23,2026-03-30,-0.978
连续2日冰点→持有5日,2026-04-02,2026-04-03,2026-04-13,0.658
连续2日冰点→持有5日,2026-07-13,2026-07-14,2026-07-21,-2.929
冰点→情绪修复退出(≤15日),2024-01-05,2024-01-08,2024-01-10,-1.695
冰点→情绪修复退出(≤15日),2024-01-12,2024-01-15,2024-01-19,-1.686
冰点→情绪修复退出(≤15日),2024-01-22,2024-01-23,2024-01-25,2.345
冰点→情绪修复退出(≤15日),2024-01-29,2024-01-30,2024-02-07,-3.053
冰点→情绪修复退出(≤15日),2024-02-28,2024-02-29,2024-03-04,2.364
冰点→情绪修复退出(≤15日),2024-03-07,2024-03-08,2024-03-12,0.936
冰点→情绪修复退出(≤15日),2024-03-14,2024-03-15,2024-03-19,1.08
冰点→情绪修复退出(≤15日),2024-03-25,2024-03-26,2024-03-28,-1.714
冰点→情绪修复退出(≤15日),2024-04-02,2024-04-03,2024-04-09,-1.433
冰点→情绪修复退出(≤15日),2024-04-10,2024-04-11,2024-04-15,-0.447
冰点→情绪修复退出(≤15日),2024-04-15,2024-04-16,2024-04-18,0.091
冰点→情绪修复退出(≤15日),2024-05-10,2024-05-13,2024-05-15,-0.393
冰点→情绪修复退出(≤15日),2024-05-21,2024-05-22,2024-05-28,-1.55
冰点→情绪修复退出(≤15日),2024-05-28,2024-05-29,2024-06-11,-2.566
冰点→情绪修复退出(≤15日),2024-06-11,2024-06-12,2024-06-19,-0.324
冰点→情绪修复退出(≤15日),2024-06-20,2024-06-21,2024-06-26,-2.274
冰点→情绪修复退出(≤15日),2024-06-27,2024-06-28,2024-07-02,1.334
冰点→情绪修复退出(≤15日),2024-07-03,2024-07-04,2024-07-10,-1.647
冰点→情绪修复退出(≤15日),2024-07-17,2024-07-18,2024-07-22,0.465
冰点→情绪修复退出(≤15日),2024-08-09,2024-08-12,2024-08-16,0.215
冰点→情绪修复退出(≤15日),2024-08-20,2024-08-21,2024-08-26,-0.571
冰点→情绪修复退出(≤15日),2024-08-30,2024-09-02,2024-09-04,-2.065
冰点→情绪修复退出(≤15日),2024-09-06,2024-09-09,2024-09-11,-1.247
冰点→情绪修复退出(≤15日),2024-09-11,2024-09-12,2024-09-18,-1.065
冰点→情绪修复退出(≤15日),2024-09-18,2024-09-19,2024-09-23,-0.003
冰点→情绪修复退出(≤15日),2024-09-25,2024-09-26,2024-09-30,9.93
冰点→情绪修复退出(≤15日),2024-10-08,2024-10-09,2024-10-11,-4.508
冰点→情绪修复退出(≤15日),2024-10-17,2024-10-18,2024-10-22,2.635
冰点→情绪修复退出(≤15日),2024-10-29,2024-10-30,2024-11-01,-0.391
冰点→情绪修复退出(≤15日),2024-11-01,2024-11-04,2024-11-06,3.192
冰点→情绪修复退出(≤15日),2024-11-06,2024-11-07,2024-11-11,1.7
冰点→情绪修复退出(≤15日),2024-11-12,2024-11-13,2024-11-18,-2.273
冰点→情绪修复退出(≤15日),2024-11-22,2024-11-25,2024-11-27,-1.19
冰点→情绪修复退出(≤15日),2024-11-28,2024-11-29,2024-12-03,1.703
冰点→情绪修复退出(≤15日),2024-12-17,2024-12-18,2024-12-20,-0.652
冰点→情绪修复退出(≤15日),2024-12-23,2024-12-24,2024-12-27,0.852
冰点→情绪修复退出(≤15日),2025-01-10,2025-01-13,2025-01-15,2.272
冰点→情绪修复退出(≤15日),2025-01-23,2025-01-24,2025-02-05,1.014
冰点→情绪修复退出(≤15日),2025-02-07,2025-02-10,2025-02-12,-0.323
冰点→情绪修复退出(≤15日),2025-02-13,2025-02-14,2025-02-18,0.165
冰点→情绪修复退出(≤15日),2025-02-28,2025-03-03,2025-03-05,-0.561
冰点→情绪修复退出(≤15日),2025-03-07,2025-03-10,2025-03-12,-0.082
冰点→情绪修复退出(≤15日),2025-03-28,2025-03-31,2025-04-02,-0.425
冰点→情绪修复退出(≤15日),2025-04-07,2025-04-08,2025-04-10,3.858
冰点→情绪修复退出(≤15日),2025-05-07,2025-05-08,2025-05-13,1.199
冰点→情绪修复退出(≤15日),2025-05-22,2025-05-23,2025-05-27,-1.347
冰点→情绪修复退出(≤15日),2025-07-23,2025-07-24,2025-07-28,-0.023
冰点→情绪修复退出(≤15日),2025-08-14,2025-08-15,2025-08-19,1.423
冰点→情绪修复退出(≤15日),2025-08-21,2025-08-22,2025-08-26,2.175
冰点→情绪修复退出(≤15日),2025-08-27,2025-08-28,2025-09-01,1.47
冰点→情绪修复退出(≤15日),2025-09-02,2025-09-03,2025-09-08,-1.834
冰点→情绪修复退出(≤15日),2025-09-18,2025-09-19,2025-09-23,-0.458
冰点→情绪修复退出(≤15日),2025-10-14,2025-10-15,2025-10-21,-0.367
冰点→情绪修复退出(≤15日),2025-10-31,2025-11-03,2025-11-05,-1.245
冰点→情绪修复退出(≤15日),2025-11-10,2025-11-11,2025-11-13,-1.128
冰点→情绪修复退出(≤15日),2025-11-20,2025-11-21,2025-11-25,-1.63
冰点→情绪修复退出(≤15日),2025-12-04,2025-12-05,2025-12-09,0.668
冰点→情绪修复退出(≤15日),2025-12-11,2025-12-12,2025-12-16,-0.654
冰点→情绪修复退出(≤15日),2026-01-07,2026-01-08,2026-01-12,0.95
冰点→情绪修复退出(≤15日),2026-01-13,2026-01-14,2026-01-16,-0.729
冰点→情绪修复退出(≤15日),2026-01-16,2026-01-19,2026-01-21,-0.137
冰点→情绪修复退出(≤15日),2026-03-09,2026-03-10,2026-03-12,0.393
冰点→情绪修复退出(≤15日),2026-03-19,2026-03-20,2026-03-25,-3.249
冰点→情绪修复退出(≤15日),2026-04-01,2026-04-02,2026-04-08,-0.717
冰点→情绪修复退出(≤15日),2026-05-14,2026-05-15,2026-05-19,-1.674
冰点→情绪修复退出(≤15日),2026-05-21,2026-05-22,2026-05-26,0.553
冰点→情绪修复退出(≤15日),2026-05-26,2026-05-27,2026-05-29,-1.132
冰点→情绪修复退出(≤15日),2026-05-29,2026-06-01,2026-06-03,-0.421
冰点→情绪修复退出(≤15日),2026-06-03,2026-06-04,2026-06-08,-3.28
冰点→情绪修复退出(≤15日),2026-07-07,2026-07-08,2026-07-10,0.417
冰点→情绪修复退出(≤15日),2026-07-10,2026-07-13,2026-07-15,-0.508
冰点→情绪修复退出(≤15日),2026-07-17,2026-07-20,2026-07-22,0.814
冰点→情绪修复退出(≤15日),2026-07-22,2026-07-23,2026-07-28,-1.61
冰点→情绪修复退出(≤15日),2026-07-31,2026-08-03,2026-08-05,-0.384
