date,zt_count,zhaban_count,zhaban_rate,lianban_height,lianban2,lianban3,lianban4p,shouban,shouban_ratio
2023-07-04,47,18,0.2769,1,0,0,0,47,1.0
2023-07-05,22,23,0.5111,2,6,0,0,16,0.7273
2023-07-06,31,19,0.38,3,1,2,0,28,0.9032
2023-07-07,22,15,0.4054,3,4,1,0,17,0.7727
2023-07-10,34,15,0.3061,4,4,2,1,27,0.7941
2023-07-11,29,22,0.4314,5,3,2,2,22,0.7586
2023-07-12,31,14,0.3111,6,5,1,2,23,0.7419
2023-07-13,35,22,0.386,7,3,2,2,28,0.8
2023-07-14,37,17,0.3148,3,6,1,0,30,0.8108
2023-07-17,26,22,0.4583,2,4,0,0,22,0.8462
2023-07-18,15,24,0.6154,3,1,2,0,12,0.8
2023-07-19,18,20,0.5263,4,0,0,1,17,0.9444
2023-07-20,24,8,0.25,5,5,0,1,18,0.75
2023-07-21,25,9,0.2647,6,4,2,1,18,0.72
2023-07-24,20,19,0.4872,2,2,0,0,18,0.9
2023-07-25,50,32,0.3902,3,4,2,0,44,0.88
2023-07-26,28,12,0.3,4,6,2,1,19,0.6786
2023-07-27,26,21,0.4468,4,5,0,1,20,0.7692
2023-07-28,41,17,0.2931,3,2,2,0,37,0.9024
2023-07-31,42,30,0.4167,4,8,1,2,31,0.7381
2023-08-01,28,24,0.4615,5,1,0,1,26,0.9286
2023-08-02,23,26,0.5306,2,7,0,0,16,0.6957
2023-08-03,19,14,0.4242,3,0,1,0,18,0.9474
2023-08-04,16,28,0.6364,2,3,0,0,13,0.8125
2023-08-07,29,5,0.1471,3,7,1,0,21,0.7241
2023-08-08,30,13,0.3023,3,3,1,0,26,0.8667
2023-08-09,20,10,0.3333,4,3,0,1,16,0.8
2023-08-10,22,10,0.3125,5,1,2,1,18,0.8182
2023-08-11,20,8,0.2857,4,2,0,2,16,0.8
2023-08-14,22,10,0.3125,2,4,0,0,18,0.8182
2023-08-15,26,16,0.381,3,3,1,0,22,0.8462
2023-08-16,19,14,0.4242,4,2,1,1,15,0.7895
2023-08-17,32,12,0.2727,5,3,0,2,27,0.8438
2023-08-18,23,14,0.3784,5,2,1,1,19,0.8261
2023-08-21,25,13,0.3421,6,7,0,1,17,0.68
2023-08-22,39,10,0.2041,3,3,2,0,34,0.8718
2023-08-23,34,9,0.2093,4,7,1,1,25,0.7353
2023-08-24,34,20,0.3704,5,5,1,2,26,0.7647
2023-08-25,19,14,0.4242,3,3,1,0,15,0.7895
2023-08-28,33,122,0.7871,4,5,1,1,26,0.7879
2023-08-29,64,34,0.3469,3,5,1,0,58,0.9062
2023-08-30,30,17,0.3617,3,5,2,0,23,0.7667
2023-08-31,27,12,0.3077,4,4,1,1,21,0.7778
2023-09-01,21,19,0.475,5,2,1,2,16,0.7619
2023-09-04,42,21,0.3333,6,2,0,3,37,0.881
2023-09-05,19,20,0.5128,7,3,1,2,13,0.6842
2023-09-06,33,13,0.2826,8,3,1,2,27,0.8182
2023-09-07,16,17,0.5152,4,2,0,1,13,0.8125
2023-09-08,33,17,0.34,5,2,2,1,28,0.8485
2023-09-11,25,23,0.4792,4,4,0,2,19,0.76
2023-09-12,26,12,0.3158,3,4,1,0,21,0.8077
2023-09-13,19,17,0.4722,4,3,1,1,14,0.7368
2023-09-14,23,14,0.3784,5,2,1,2,18,0.7826
2023-09-15,29,12,0.2927,6,6,0,2,21,0.7241
2023-09-18,39,14,0.2642,3,3,3,0,33,0.8462
2023-09-19,19,16,0.4571,4,3,0,1,15,0.7895
2023-09-20,16,8,0.3333,3,1,1,0,14,0.875
2023-09-21,14,8,0.3636,3,2,1,0,11,0.7857
2023-09-22,28,9,0.2432,3,3,1,0,24,0.8571
2023-09-25,25,13,0.3421,4,6,3,1,15,0.6
2023-09-26,27,9,0.25,5,4,1,3,19,0.7037
2023-09-27,31,11,0.2619,6,7,2,2,20,0.6452
2023-09-28,36,14,0.28,3,2,5,0,29,0.8056
2023-10-09,53,16,0.2319,4,10,2,3,38,0.717
2023-10-10,39,15,0.2778,5,5,5,2,27,0.6923
2023-10-11,35,24,0.4068,4,5,0,2,28,0.8
2023-10-12,30,25,0.4545,5,3,1,2,24,0.8
2023-10-13,34,18,0.3462,6,6,2,2,24,0.7059
2023-10-16,52,15,0.2239,7,6,2,3,41,0.7885
2023-10-17,25,23,0.4792,8,4,0,2,19,0.76
2023-10-18,30,12,0.2857,9,6,2,1,21,0.7
2023-10-19,25,18,0.4186,10,3,3,2,17,0.68
2023-10-20,37,17,0.3148,11,5,0,3,29,0.7838
2023-10-23,31,12,0.2791,12,4,1,3,23,0.7419
2023-10-24,58,28,0.3256,13,3,2,3,50,0.8621
2023-10-25,59,25,0.2976,14,8,3,5,43,0.7288
2023-10-26,39,29,0.4265,9,7,3,6,23,0.5897
2023-10-27,70,34,0.3269,7,4,6,5,55,0.7857
2023-10-30,63,34,0.3505,8,6,1,4,52,0.8254
2023-10-31,31,26,0.4561,9,4,3,2,22,0.7097
2023-11-01,34,28,0.4516,10,2,1,4,27,0.7941
2023-11-02,25,15,0.375,11,3,1,4,17,0.68
2023-11-03,38,15,0.283,8,2,1,2,33,0.8684
2023-11-06,52,24,0.3158,9,5,1,2,44,0.8462
2023-11-07,49,26,0.3467,10,10,3,3,33,0.6735
2023-11-08,49,27,0.3553,6,9,4,4,32,0.6531
2023-11-09,28,28,0.5,6,5,3,2,18,0.6429
2023-11-10,31,21,0.4038,7,5,1,2,23,0.7419
2023-11-13,33,28,0.459,5,4,2,2,25,0.7576
2023-11-14,35,14,0.2857,6,3,4,2,26,0.7429
2023-11-15,51,18,0.2609,4,9,3,3,36,0.7059
2023-11-16,29,23,0.4423,5,2,2,4,21,0.7241
2023-11-17,40,23,0.3651,6,7,2,4,27,0.675
2023-11-20,54,27,0.3333,7,5,5,5,39,0.7222
2023-11-21,48,33,0.4074,8,11,3,6,28,0.5833
2023-11-22,47,19,0.2879,9,8,7,5,27,0.5745
2023-11-23,36,26,0.4194,6,7,1,2,26,0.7222
2023-11-24,31,18,0.3673,4,7,3,1,20,0.6452
2023-11-27,31,17,0.3542,5,2,3,3,23,0.7419
2023-11-28,38,20,0.3448,4,4,1,3,30,0.7895
2023-11-29,28,18,0.3913,5,6,0,3,19,0.6786
2023-11-30,26,15,0.3659,6,2,3,2,19,0.7308
2023-12-01,46,18,0.2812,7,5,1,4,36,0.7826
2023-12-04,50,17,0.2537,8,9,3,4,34,0.68
2023-12-05,35,18,0.3396,9,5,4,5,21,0.6
2023-12-06,35,38,0.5205,7,4,1,4,26,0.7429
2023-12-07,33,24,0.4211,6,8,2,3,20,0.6061
2023-12-08,27,19,0.413,3,5,1,0,21,0.7778
2023-12-11,35,20,0.3636,4,2,2,1,30,0.8571
2023-12-12,33,16,0.3265,5,3,1,2,27,0.8182
2023-12-13,33,28,0.459,6,6,2,2,23,0.697
2023-12-14,34,24,0.4138,6,6,3,2,23,0.6765
2023-12-15,43,17,0.2833,5,7,5,3,28,0.6512
2023-12-18,31,19,0.38,3,6,3,0,22,0.7097
2023-12-19,22,20,0.4762,4,5,1,1,15,0.6818
2023-12-20,28,19,0.4043,3,6,3,0,19,0.6786
2023-12-21,31,17,0.3542,4,4,2,1,24,0.7742
2023-12-22,20,27,0.5745,4,4,2,1,13,0.65
2023-12-25,31,15,0.3261,4,2,4,1,24,0.7742
2023-12-26,36,16,0.3077,5,6,0,4,26,0.7222
2023-12-27,27,15,0.3571,6,2,3,2,20,0.7407
2023-12-28,53,24,0.3117,7,6,0,3,44,0.8302
2023-12-29,56,15,0.2113,8,13,4,2,37,0.6607
2024-01-02,50,20,0.2857,9,3,9,3,35,0.7
2024-01-03,33,21,0.3889,5,7,2,5,19,0.5758
2024-01-04,38,20,0.3448,4,7,2,1,28,0.7368
2024-01-05,21,28,0.5714,4,4,3,1,13,0.619
2024-01-08,30,13,0.3023,5,4,1,3,22,0.7333
2024-01-09,41,24,0.3692,6,2,1,3,35,0.8537
2024-01-10,33,17,0.34,7,8,1,2,22,0.6667
2024-01-11,49,16,0.2462,4,6,4,1,38,0.7755
2024-01-12,24,32,0.5714,4,7,1,2,14,0.5833
2024-01-15,31,24,0.4364,5,3,3,1,24,0.7742
2024-01-16,30,18,0.375,6,3,2,2,23,0.7667
2024-01-17,30,14,0.3182,7,7,1,1,21,0.7
2024-01-18,37,11,0.2292,8,7,3,1,26,0.7027
2024-01-19,37,24,0.3934,9,5,3,3,26,0.7027
2024-01-22,16,16,0.5,10,1,0,5,10,0.625
2024-01-23,39,19,0.3276,11,3,0,4,32,0.8205
2024-01-24,67,38,0.3619,7,13,1,1,52,0.7761
2024-01-25,95,25,0.2083,4,19,9,1,66,0.6947
2024-01-26,53,33,0.3837,5,4,10,9,30,0.566
2024-01-29,27,24,0.4706,5,1,1,8,17,0.6296
2024-01-30,19,16,0.4571,6,2,0,2,15,0.7895
2024-01-31,25,14,0.359,7,3,1,1,20,0.8
2024-02-01,29,17,0.3696,8,4,1,1,23,0.7931
2024-02-02,26,30,0.5357,4,4,1,1,20,0.7692
2024-02-05,16,12,0.4286,4,1,2,1,12,0.75
2024-02-06,164,171,0.5104,5,3,0,2,159,0.9695
2024-02-07,110,72,0.3956,5,39,2,1,68,0.6182
2024-02-08,503,266,0.3459,6,7,8,1,487,0.9682
2024-02-19,215,70,0.2456,7,72,2,2,139,0.6465
2024-02-20,96,32,0.25,8,26,15,2,53,0.5521
2024-02-21,101,77,0.4326,9,4,8,7,82,0.8119
2024-02-22,67,40,0.3738,10,5,1,8,53,0.791
2024-02-23,97,31,0.2422,11,17,3,8,69,0.7113
2024-02-26,88,46,0.3433,12,11,6,10,61,0.6932
2024-02-27,84,29,0.2566,13,14,4,9,57,0.6786
2024-02-28,26,76,0.7451,8,4,3,3,16,0.6154
2024-02-29,93,28,0.2314,5,7,2,2,82,0.8817
2024-03-01,65,39,0.375,6,18,3,3,41,0.6308
2024-03-04,66,37,0.3592,5,7,4,2,53,0.803
2024-03-05,43,34,0.4416,6,8,1,3,31,0.7209
2024-03-06,75,32,0.2991,7,9,2,3,61,0.8133
2024-03-07,54,47,0.4653,4,7,8,1,38,0.7037
2024-03-08,57,27,0.3214,4,7,1,4,45,0.7895
2024-03-11,79,36,0.313,5,13,3,3,60,0.7595
2024-03-12,64,40,0.3846,6,9,5,3,47,0.7344
2024-03-13,53,34,0.3908,7,7,4,4,38,0.717
2024-03-14,35,38,0.5205,8,3,1,3,28,0.8
2024-03-15,63,19,0.2317,9,11,0,3,49,0.7778
2024-03-18,77,33,0.3,10,10,4,2,61,0.7922
2024-03-19,50,33,0.3976,11,7,1,3,39,0.78
2024-03-20,68,21,0.236,12,11,4,4,49,0.7206
2024-03-21,61,31,0.337,13,11,3,4,43,0.7049
2024-03-22,51,32,0.3855,5,8,4,1,38,0.7451
2024-03-25,36,33,0.4783,3,7,3,0,26,0.7222
2024-03-26,55,26,0.321,4,7,5,2,41,0.7455
2024-03-27,41,28,0.4058,5,6,1,5,29,0.7073
2024-03-28,68,48,0.4138,6,5,2,3,58,0.8529
2024-03-29,62,35,0.3608,7,8,3,2,49,0.7903
2024-04-01,74,38,0.3393,8,9,3,5,57,0.7703
2024-04-02,52,47,0.4747,9,8,4,6,34,0.6538
2024-04-03,47,28,0.3733,7,8,1,5,33,0.7021
2024-04-08,53,34,0.3908,5,4,2,2,45,0.8491
2024-04-09,56,32,0.3636,6,4,0,2,50,0.8929
2024-04-10,26,27,0.5094,7,3,1,2,20,0.7692
2024-04-11,46,35,0.4321,8,4,1,2,39,0.8478
2024-04-12,53,28,0.3457,9,8,2,1,42,0.7925
2024-04-15,25,32,0.5614,4,2,0,1,22,0.88
2024-04-16,19,5,0.2083,3,2,2,0,15,0.7895
2024-04-17,229,89,0.2799,4,5,2,2,220,0.9607
2024-04-18,60,32,0.3478,5,17,1,3,39,0.65
2024-04-19,54,27,0.3333,6,2,4,2,46,0.8519
2024-04-22,48,28,0.3684,4,3,0,2,43,0.8958
2024-04-23,45,25,0.3571,5,7,0,1,37,0.8222
2024-04-24,44,32,0.4211,6,3,1,1,39,0.8864
2024-04-25,37,16,0.3019,7,4,1,2,30,0.8108
2024-04-26,61,39,0.39,3,2,2,0,57,0.9344
2024-04-29,98,40,0.2899,4,10,1,1,86,0.8776
2024-04-30,51,29,0.3625,3,9,3,0,39,0.7647
2024-05-06,83,34,0.2906,4,12,0,1,70,0.8434
2024-05-07,51,23,0.3108,5,7,5,1,38,0.7451
2024-05-08,44,20,0.3125,6,4,2,3,35,0.7955
2024-05-09,50,22,0.3056,7,8,2,3,37,0.74
2024-05-10,34,30,0.4688,5,4,0,2,28,0.8235
2024-05-13,27,31,0.5345,3,6,2,0,19,0.7037
2024-05-14,43,26,0.3768,4,2,2,1,38,0.8837
2024-05-15,26,21,0.4468,2,4,0,0,22,0.8462
2024-05-16,34,24,0.4138,3,3,1,0,30,0.8824
2024-05-17,70,19,0.2135,4,10,2,1,57,0.8143
2024-05-20,42,23,0.3538,5,8,2,1,31,0.7381
2024-05-21,16,18,0.5294,3,3,2,0,11,0.6875
2024-05-22,37,37,0.5,4,2,2,1,32,0.8649
2024-05-23,23,9,0.2812,4,6,2,1,14,0.6087
2024-05-24,33,17,0.34,5,3,1,1,28,0.8485
2024-05-27,39,17,0.3036,2,6,0,0,33,0.8462
2024-05-28,25,18,0.4186,3,4,4,0,17,0.68
2024-05-29,26,30,0.5357,4,1,1,1,23,0.8846
2024-05-30,26,14,0.35,3,5,1,0,20,0.7692
2024-05-31,27,16,0.3721,4,5,0,1,21,0.7778
2024-06-03,15,14,0.4828,3,0,3,0,12,0.8
2024-06-04,27,10,0.2703,2,4,0,0,23,0.8519
2024-06-05,16,19,0.5429,3,2,1,0,13,0.8125
2024-06-06,21,9,0.3,4,3,0,1,17,0.8095
2024-06-07,44,20,0.3125,5,2,2,1,39,0.8864
2024-06-11,24,13,0.3514,6,3,0,2,19,0.7917
2024-06-12,41,15,0.2679,7,4,1,1,35,0.8537
2024-06-13,32,7,0.1795,4,4,1,1,26,0.8125
2024-06-14,21,18,0.4615,3,7,1,0,13,0.619
2024-06-17,22,17,0.4359,4,1,2,1,18,0.8182
2024-06-18,35,18,0.3396,5,4,1,1,29,0.8286
2024-06-19,30,20,0.4,6,1,2,2,25,0.8333
2024-06-20,17,17,0.5,7,3,0,2,12,0.7059
2024-06-21,25,14,0.359,5,3,0,1,21,0.84
2024-06-24,20,13,0.3939,3,4,1,0,15,0.75
2024-06-25,51,15,0.2273,4,2,1,1,47,0.9216
2024-06-26,45,17,0.2742,5,7,1,2,35,0.7778
2024-06-27,26,23,0.4694,4,5,3,1,17,0.6538
2024-06-28,29,25,0.463,3,2,2,0,25,0.8621
2024-07-01,35,23,0.3966,4,2,0,2,31,0.8857
2024-07-02,33,22,0.4,5,6,0,1,26,0.7879
2024-07-03,28,26,0.4815,3,7,1,0,20,0.7143
2024-07-04,13,9,0.4091,3,1,1,0,11,0.8462
2024-07-05,29,10,0.2564,4,1,0,1,27,0.931
2024-07-08,19,16,0.4571,3,3,1,0,15,0.7895
2024-07-09,48,17,0.2615,4,4,0,1,43,0.8958
2024-07-10,38,30,0.4412,3,4,2,0,32,0.8421
2024-07-11,67,21,0.2386,4,5,3,1,58,0.8657
2024-07-12,31,21,0.4038,4,6,0,2,23,0.7419
2024-07-15,25,15,0.375,5,3,0,2,20,0.8
2024-07-16,25,15,0.375,6,2,1,1,21,0.84
2024-07-17,22,10,0.3125,7,6,0,1,15,0.6818
2024-07-18,32,9,0.2195,3,1,2,0,29,0.9062
2024-07-19,33,19,0.3654,2,7,0,0,26,0.7879
2024-07-22,37,15,0.2885,3,5,1,0,31,0.8378
2024-07-23,39,19,0.3276,3,8,1,0,30,0.7692
2024-07-24,27,16,0.3721,3,8,1,0,18,0.6667
2024-07-25,40,20,0.3333,4,2,3,1,34,0.85
2024-07-26,56,19,0.2533,5,9,0,1,46,0.8214
2024-07-29,64,17,0.2099,6,13,6,1,44,0.6875
2024-07-30,58,28,0.3256,7,10,5,4,39,0.6724
2024-07-31,79,39,0.3305,8,7,2,5,65,0.8228
2024-08-01,54,27,0.3333,9,8,3,6,37,0.6852
2024-08-02,45,25,0.3571,10,4,3,5,33,0.7333
2024-08-05,42,24,0.3636,11,7,3,3,29,0.6905
2024-08-06,50,19,0.2754,6,9,2,3,36,0.72
2024-08-07,48,16,0.25,5,8,2,2,36,0.75
2024-08-08,36,26,0.4194,5,3,2,2,29,0.8056
2024-08-09,28,23,0.451,4,4,1,1,22,0.7857
2024-08-12,30,26,0.4643,3,3,1,0,26,0.8667
2024-08-13,32,13,0.2889,4,3,1,1,27,0.8438
2024-08-14,33,24,0.4211,4,9,1,1,22,0.6667
2024-08-15,43,13,0.2321,4,6,3,1,33,0.7674
2024-08-16,36,17,0.3208,5,7,1,2,26,0.7222
2024-08-19,37,16,0.3019,3,4,3,0,30,0.8108
2024-08-20,24,13,0.3514,4,3,0,1,20,0.8333
2024-08-21,35,18,0.3396,5,6,0,1,28,0.8
2024-08-22,25,18,0.4186,6,2,1,1,21,0.84
2024-08-23,35,17,0.3269,7,2,0,1,32,0.9143
2024-08-26,40,21,0.3443,8,6,1,1,32,0.8
2024-08-27,30,22,0.4231,9,6,1,1,22,0.7333
2024-08-28,35,21,0.375,10,1,2,2,30,0.8571
2024-08-29,44,14,0.2414,5,5,0,2,37,0.8409
2024-08-30,58,52,0.4727,5,7,2,1,48,0.8276
2024-09-02,26,25,0.4902,6,3,0,1,22,0.8462
2024-09-03,37,20,0.3509,7,5,2,1,29,0.7838
2024-09-04,36,15,0.2941,8,9,3,2,22,0.6111
2024-09-05,48,19,0.2836,9,5,3,4,36,0.75
2024-09-06,29,35,0.5469,10,6,0,5,18,0.6207
2024-09-09,43,20,0.3175,5,6,2,2,33,0.7674
2024-09-10,36,21,0.3684,4,5,3,1,27,0.75
2024-09-11,22,11,0.3333,4,3,1,1,17,0.7727
2024-09-12,29,16,0.3556,5,4,0,2,23,0.7931
2024-09-13,35,14,0.2857,6,3,3,2,27,0.7714
2024-09-18,23,13,0.3611,4,5,0,1,17,0.7391
2024-09-19,52,23,0.3067,5,3,3,1,45,0.8654
2024-09-20,44,15,0.2542,6,7,1,3,33,0.75
2024-09-23,49,22,0.3099,7,7,3,3,36,0.7347
2024-09-24,85,35,0.2917,8,5,2,4,74,0.8706
2024-09-25,49,65,0.5702,9,17,3,3,26,0.5306
2024-09-26,134,29,0.1779,10,5,9,5,115,0.8582
2024-09-27,137,82,0.3744,11,41,3,11,82,0.5985
2024-09-30,849,355,0.2949,12,65,36,14,734,0.8645
2024-10-08,636,2042,0.7625,13,317,47,24,248,0.3899
2024-10-09,42,48,0.5333,14,5,16,10,11,0.2619
2024-10-10,70,62,0.4697,8,5,0,1,64,0.9143
2024-10-11,32,24,0.4286,2,5,0,0,27,0.8438
2024-10-14,94,32,0.254,2,6,0,0,88,0.9362
2024-10-15,48,31,0.3924,3,16,3,0,29,0.6042
2024-10-16,82,19,0.1881,4,5,10,2,65,0.7927
2024-10-17,49,46,0.4842,5,9,1,7,32,0.6531
2024-10-18,97,61,0.3861,6,10,5,7,75,0.7732
2024-10-21,122,53,0.3029,7,19,7,10,86,0.7049
2024-10-22,94,51,0.3517,8,14,10,12,58,0.617
2024-10-23,89,62,0.4106,9,11,8,11,59,0.6629
2024-10-24,77,34,0.3063,10,8,3,9,57,0.7403
2024-10-25,141,51,0.2656,11,19,5,10,107,0.7589
2024-10-28,193,46,0.1925,12,46,13,11,123,0.6373
2024-10-29,108,91,0.4573,9,17,15,11,65,0.6019
2024-10-30,124,48,0.2791,10,14,10,21,79,0.6371
2024-10-31,150,111,0.4253,11,23,9,20,98,0.6533
2024-11-01,85,71,0.4551,12,18,3,9,55,0.6471
2024-11-04,136,40,0.2273,13,14,8,3,111,0.8162
2024-11-05,155,59,0.2757,14,26,5,10,114,0.7355
2024-11-06,117,102,0.4658,9,24,11,10,72,0.6154
2024-11-07,171,52,0.2332,10,18,11,9,133,0.7778
2024-11-08,103,80,0.4372,7,20,7,9,67,0.6505
2024-11-11,125,68,0.3523,5,22,6,3,94,0.752
2024-11-12,75,65,0.4643,6,15,2,3,55,0.7333
2024-11-13,58,46,0.4423,7,6,2,3,47,0.8103
2024-11-14,30,35,0.5385,8,7,1,3,19,0.6333
2024-11-15,61,33,0.3511,9,5,4,3,49,0.8033
2024-11-18,77,50,0.3937,10,14,4,7,52,0.6753
2024-11-19,87,43,0.3308,11,6,5,3,73,0.8391
2024-11-20,133,36,0.213,12,22,5,7,99,0.7444
2024-11-21,95,45,0.3214,13,20,10,9,56,0.5895
2024-11-22,66,71,0.5182,10,11,8,15,32,0.4848
2024-11-25,144,38,0.2088,11,21,7,15,101,0.7014
2024-11-26,84,59,0.4126,6,18,3,8,55,0.6548
2024-11-27,89,28,0.2393,7,10,3,6,70,0.7865
2024-11-28,79,66,0.4552,7,18,6,5,50,0.6329
2024-11-29,118,35,0.2288,8,13,8,9,88,0.7458
2024-12-02,149,69,0.3165,9,29,7,13,100,0.6711
2024-12-03,101,69,0.4059,8,19,11,10,61,0.604
2024-12-04,75,58,0.4361,9,9,4,13,49,0.6533
2024-12-05,110,35,0.2414,8,19,3,12,76,0.6909
2024-12-06,101,65,0.3916,9,20,5,9,67,0.6634
2024-12-09,94,52,0.3562,10,9,9,7,69,0.734
2024-12-10,95,75,0.4412,11,14,6,8,67,0.7053
2024-12-11,128,35,0.2147,12,19,6,7,96,0.75
2024-12-12,129,50,0.2793,7,28,12,7,82,0.6357
2024-12-13,93,59,0.3882,6,14,8,10,61,0.6559
2024-12-16,96,74,0.4353,7,12,9,7,68,0.7083
2024-12-17,26,38,0.5938,5,5,1,4,16,0.6154
2024-12-18,92,35,0.2756,6,9,5,5,73,0.7935
2024-12-19,65,37,0.3627,7,8,2,4,51,0.7846
2024-12-20,73,33,0.3113,8,9,2,2,60,0.8219
2024-12-23,27,24,0.4706,4,5,2,2,18,0.6667
2024-12-24,69,34,0.3301,5,7,2,3,57,0.8261
2024-12-25,34,20,0.3704,5,6,1,3,24,0.7059
2024-12-26,89,30,0.2521,6,11,3,2,73,0.8202
2024-12-27,65,38,0.3689,6,6,4,1,54,0.8308
2024-12-30,39,26,0.4,4,4,3,2,30,0.7692
2024-12-31,41,23,0.3594,5,4,2,4,31,0.7561
2025-01-02,55,44,0.4444,6,10,2,3,40,0.7273
2025-01-03,44,23,0.3433,7,9,3,3,29,0.6591
2025-01-06,57,28,0.3294,4,10,2,2,43,0.7544
2025-01-07,88,25,0.2212,5,10,3,2,73,0.8295
2025-01-08,58,27,0.3176,6,10,5,4,39,0.6724
2025-01-09,85,24,0.2202,7,14,4,7,60,0.7059
2025-01-10,37,46,0.5542,7,9,1,3,24,0.6486
2025-01-13,43,23,0.3485,8,3,3,1,36,0.8372
2025-01-14,123,38,0.236,9,8,3,4,108,0.878
2025-01-15,59,32,0.3516,10,18,1,4,36,0.6102
2025-01-16,63,32,0.3368,6,7,10,4,42,0.6667
2025-01-17,51,25,0.3289,7,5,1,6,39,0.7647
2025-01-20,66,41,0.3832,5,10,3,2,51,0.7727
2025-01-21,43,34,0.4416,4,7,5,2,29,0.6744
2025-01-22,37,20,0.3509,5,4,4,4,25,0.6757
2025-01-23,36,37,0.5068,5,5,1,4,26,0.7222
2025-01-24,60,15,0.2,6,5,2,4,49,0.8167
2025-01-27,40,26,0.3939,6,6,1,2,31,0.775
2025-02-05,61,37,0.3776,5,9,2,1,49,0.8033
2025-02-06,77,31,0.287,6,10,4,2,61,0.7922
2025-02-07,67,54,0.4463,7,10,6,4,47,0.7015
2025-02-10,96,27,0.2195,8,14,3,8,71,0.7396
2025-02-11,64,35,0.3535,9,8,3,10,43,0.6719
2025-02-12,72,28,0.28,10,5,3,7,57,0.7917
2025-02-13,52,42,0.4468,7,10,1,4,37,0.7115
2025-02-14,67,29,0.3021,8,7,3,5,52,0.7761
2025-02-17,89,70,0.4403,9,13,1,4,71,0.7978
2025-02-18,40,31,0.4366,6,10,1,3,26,0.65
2025-02-19,101,31,0.2348,6,5,4,1,91,0.901
2025-02-20,89,28,0.2393,7,17,2,5,65,0.7303
2025-02-21,97,28,0.224,8,8,8,2,79,0.8144
2025-02-24,75,40,0.3478,6,12,0,5,58,0.7733
2025-02-25,53,39,0.4239,5,7,6,1,39,0.7358
2025-02-26,89,52,0.3688,4,7,2,5,75,0.8427
2025-02-27,71,19,0.2111,5,10,4,5,52,0.7324
2025-02-28,36,30,0.4545,6,7,2,1,26,0.7222
2025-03-03,55,40,0.4211,4,3,3,1,48,0.8727
2025-03-04,67,18,0.2118,4,5,1,1,60,0.8955
2025-03-05,61,23,0.2738,5,10,2,1,48,0.7869
2025-03-06,99,35,0.2612,4,9,4,2,84,0.8485
2025-03-07,51,47,0.4796,5,13,1,3,34,0.6667
2025-03-10,69,25,0.266,5,6,3,1,59,0.8551
2025-03-11,49,21,0.3,6,9,2,3,35,0.7143
2025-03-12,74,50,0.4032,7,9,4,3,58,0.7838
2025-03-13,41,16,0.2807,8,4,3,4,30,0.7317
2025-03-14,78,30,0.2778,9,9,2,2,65,0.8333
2025-03-17,60,28,0.3182,5,11,4,3,42,0.7
2025-03-18,62,28,0.3111,6,7,2,6,47,0.7581
2025-03-19,41,26,0.3881,6,7,4,4,26,0.6341
2025-03-20,60,33,0.3548,7,9,3,7,41,0.6833
2025-03-21,42,29,0.4085,7,8,4,4,26,0.619
2025-03-24,42,27,0.3913,5,6,3,2,31,0.7381
2025-03-25,47,33,0.4125,3,7,3,0,37,0.7872
2025-03-26,65,29,0.3085,4,4,3,2,56,0.8615
2025-03-27,47,26,0.3562,5,4,0,2,41,0.8723
2025-03-28,32,32,0.5,3,5,1,0,26,0.8125
2025-03-31,31,21,0.4038,4,6,1,1,23,0.7419
2025-04-01,52,37,0.4157,4,6,3,1,42,0.8077
2025-04-02,38,27,0.4154,5,5,1,1,31,0.8158
2025-04-03,49,22,0.3099,3,7,2,0,40,0.8163
2025-04-07,22,17,0.4359,4,9,1,1,11,0.5
2025-04-08,113,28,0.1986,5,8,7,2,96,0.8496
2025-04-09,105,44,0.2953,6,13,2,7,83,0.7905
2025-04-10,139,66,0.322,6,14,5,4,116,0.8345
2025-04-11,71,35,0.3302,6,8,3,4,56,0.7887
2025-04-14,93,39,0.2955,7,7,3,2,81,0.871
2025-04-15,50,32,0.3902,4,6,2,1,41,0.82
2025-04-16,44,18,0.2903,5,9,3,2,30,0.6818
2025-04-17,83,28,0.2523,6,9,6,4,64,0.7711
2025-04-18,53,29,0.3537,5,9,3,5,36,0.6792
2025-04-21,97,31,0.2422,6,9,3,5,80,0.8247
2025-04-22,77,26,0.2524,6,15,3,5,54,0.7013
2025-04-23,56,41,0.4227,4,5,4,1,46,0.8214
2025-04-24,51,29,0.3625,5,9,1,4,37,0.7255
2025-04-25,62,36,0.3673,6,5,1,2,54,0.871
2025-04-28,41,24,0.3692,4,9,2,1,29,0.7073
2025-04-29,56,30,0.3488,4,3,2,1,50,0.8929
2025-04-30,59,29,0.3295,4,5,0,2,52,0.8814
2025-05-06,88,29,0.2479,5,12,3,1,72,0.8182
2025-05-07,60,50,0.4545,6,14,4,2,40,0.6667
2025-05-08,59,22,0.2716,4,7,4,2,46,0.7797
2025-05-09,32,25,0.4386,4,5,3,3,21,0.6562
2025-05-12,44,27,0.3803,5,3,1,3,37,0.8409
2025-05-13,46,28,0.3784,5,4,3,2,37,0.8043
2025-05-14,57,29,0.3372,6,11,2,4,40,0.7018
2025-05-15,47,23,0.3286,7,8,8,3,28,0.5957
2025-05-16,55,34,0.382,8,8,1,6,40,0.7273
2025-05-19,74,26,0.26,9,16,2,4,52,0.7027
2025-05-20,69,45,0.3947,4,15,6,2,46,0.6667
2025-05-21,51,24,0.32,5,6,7,3,35,0.6863
2025-05-22,37,31,0.4559,4,6,2,3,26,0.7027
2025-05-23,42,33,0.44,5,7,2,1,32,0.7619
2025-05-26,55,29,0.3452,4,6,3,1,45,0.8182
2025-05-27,58,23,0.284,5,11,4,4,39,0.6724
2025-05-28,53,24,0.3117,5,8,5,2,38,0.717
2025-05-29,96,18,0.1579,6,10,4,4,78,0.8125
2025-05-30,33,20,0.3774,3,12,2,0,19,0.5758
2025-06-03,65,33,0.3367,4,8,3,2,52,0.8
2025-06-04,66,41,0.3832,5,13,3,1,49,0.7424
2025-06-05,62,23,0.2706,4,8,3,1,50,0.8065
2025-06-06,47,29,0.3816,4,5,5,1,36,0.766
2025-06-09,65,33,0.3367,5,8,0,4,53,0.8154
2025-06-10,43,31,0.4189,5,11,4,1,27,0.6279
2025-06-11,47,33,0.4125,6,4,3,3,37,0.7872
2025-06-12,59,15,0.2027,7,12,2,3,42,0.7119
2025-06-13,50,18,0.2647,5,3,4,1,42,0.84
2025-06-16,50,26,0.3421,4,12,0,1,37,0.74
2025-06-17,41,25,0.3788,3,3,4,0,34,0.8293
2025-06-18,34,25,0.4237,4,4,1,4,25,0.7353
2025-06-19,32,20,0.3846,5,5,1,1,25,0.7812
2025-06-20,44,17,0.2787,6,4,2,2,36,0.8182
2025-06-23,69,18,0.2069,7,11,3,3,52,0.7536
2025-06-24,61,25,0.2907,6,6,5,3,47,0.7705
2025-06-25,63,27,0.3,7,11,3,5,44,0.6984
2025-06-26,55,31,0.3605,5,14,3,2,36,0.6545
2025-06-27,51,34,0.4,4,5,2,2,42,0.8235
2025-06-30,75,21,0.2188,5,6,4,3,62,0.8267
2025-07-01,56,35,0.3846,4,12,0,1,43,0.7679
2025-07-02,57,28,0.3294,5,4,7,1,45,0.7895
2025-07-03,57,21,0.2692,6,8,2,3,44,0.7719
2025-07-04,35,27,0.4355,4,7,1,2,25,0.7143
2025-07-07,63,17,0.2125,3,7,5,0,51,0.8095
2025-07-08,63,22,0.2588,4,11,2,4,46,0.7302
2025-07-09,49,32,0.3951,5,7,5,5,32,0.6531
2025-07-10,57,25,0.3049,6,8,2,5,42,0.7368
2025-07-11,54,30,0.3571,5,9,3,3,39,0.7222
2025-07-14,59,25,0.2976,4,11,4,1,43,0.7288
2025-07-15,41,24,0.3692,3,7,5,0,29,0.7073
2025-07-16,52,23,0.3067,4,6,1,4,41,0.7885
2025-07-17,54,29,0.3494,5,11,2,2,39,0.7222
2025-07-18,42,21,0.3333,6,9,2,1,30,0.7143
2025-07-21,108,35,0.2448,3,6,5,0,97,0.8981
2025-07-22,93,23,0.1983,4,47,2,3,41,0.4409
2025-07-23,49,54,0.5243,4,0,23,1,25,0.5102
2025-07-24,69,22,0.2418,4,4,0,12,53,0.7681
2025-07-25,45,34,0.4304,5,4,2,3,36,0.8
2025-07-28,53,25,0.3205,6,3,0,2,48,0.9057
2025-07-29,39,23,0.371,7,7,0,1,31,0.7949
2025-07-30,45,24,0.3478,8,5,5,1,34,0.7556
2025-07-31,42,30,0.4167,9,6,3,2,31,0.7381
2025-08-01,38,29,0.4328,3,9,2,0,27,0.7105
2025-08-04,50,20,0.2857,4,5,3,1,41,0.82
2025-08-05,51,23,0.3108,4,6,2,2,41,0.8039
2025-08-06,57,21,0.2692,5,8,4,2,43,0.7544
2025-08-07,56,20,0.2632,5,5,4,5,42,0.75
2025-08-08,54,31,0.3647,5,4,0,4,46,0.8519
2025-08-11,75,34,0.3119,3,12,2,0,61,0.8133
2025-08-12,46,23,0.3333,4,12,4,1,29,0.6304
2025-08-13,86,34,0.2833,5,12,8,3,63,0.7326
2025-08-14,41,38,0.481,4,10,4,1,26,0.6341
2025-08-15,77,38,0.3304,5,5,7,1,64,0.8312
2025-08-18,94,55,0.3691,6,16,2,5,71,0.7553
2025-08-19,83,45,0.3516,4,16,8,1,58,0.6988
2025-08-20,84,25,0.2294,5,12,1,3,68,0.8095
2025-08-21,38,36,0.4865,5,5,2,2,29,0.7632
2025-08-22,63,15,0.1923,6,5,2,4,52,0.8254
2025-08-25,73,46,0.3866,6,8,1,2,62,0.8493
2025-08-26,64,32,0.3333,7,9,1,1,53,0.8281
2025-08-27,42,42,0.5,4,9,1,1,31,0.7381
2025-08-28,55,30,0.3529,5,9,3,1,42,0.7636
2025-08-29,63,24,0.2759,6,5,2,2,54,0.8571
2025-09-01,91,31,0.2541,7,8,2,3,78,0.8571
2025-09-02,42,43,0.5059,8,8,2,2,30,0.7143
2025-09-03,29,34,0.5397,9,4,2,1,22,0.7586
2025-09-04,36,27,0.4286,3,5,1,0,30,0.8333
2025-09-05,80,21,0.2079,4,2,2,1,75,0.9375
2025-09-08,60,27,0.3103,4,7,2,1,50,0.8333
2025-09-09,47,27,0.3649,5,5,1,1,40,0.8511
2025-09-10,45,25,0.3571,6,9,1,1,34,0.7556
2025-09-11,81,23,0.2212,3,6,4,0,71,0.8765
2025-09-12,59,24,0.2892,4,11,3,3,42,0.7119
2025-09-15,65,30,0.3158,5,8,1,1,55,0.8462
2025-09-16,66,35,0.3465,4,7,5,1,53,0.803
2025-09-17,60,26,0.3023,4,8,2,4,46,0.7667
2025-09-18,51,64,0.5565,5,7,4,6,34,0.6667
2025-09-19,49,27,0.3553,5,7,2,2,38,0.7755
2025-09-22,63,25,0.2841,5,6,3,2,52,0.8254
2025-09-23,47,22,0.3188,6,11,4,3,29,0.617
2025-09-24,71,28,0.2828,4,8,3,1,59,0.831
2025-09-25,39,20,0.339,5,5,1,3,30,0.7692
2025-09-26,41,25,0.3788,5,5,2,1,33,0.8049
2025-09-29,51,26,0.3377,6,3,2,1,45,0.8824
2025-09-30,47,26,0.3562,7,7,0,2,38,0.8085
2025-10-09,85,44,0.3411,3,6,2,0,77,0.9059
2025-10-10,57,31,0.3523,3,10,1,0,46,0.807
2025-10-13,56,20,0.2632,4,8,3,1,44,0.7857
2025-10-14,36,52,0.5909,4,7,2,2,25,0.6944
2025-10-15,62,16,0.2051,3,6,1,0,55,0.8871
2025-10-16,38,18,0.3214,3,8,4,0,26,0.6842
2025-10-17,36,18,0.3333,4,7,1,2,26,0.7222
2025-10-20,73,26,0.2626,5,5,2,3,63,0.863
2025-10-21,68,25,0.2688,6,9,1,1,57,0.8382
2025-10-22,51,27,0.3462,7,14,5,1,31,0.6078
2025-10-23,57,22,0.2785,8,3,3,3,48,0.8421
2025-10-24,51,23,0.3108,4,6,1,2,42,0.8235
2025-10-27,50,35,0.4118,5,5,3,2,40,0.8
2025-10-28,53,25,0.3205,6,6,2,3,42,0.7925
2025-10-29,53,34,0.3908,5,8,0,2,43,0.8113
2025-10-30,44,16,0.2667,6,8,2,1,33,0.75
2025-10-31,54,42,0.4375,7,4,1,3,46,0.8519
2025-11-03,60,32,0.3478,5,9,0,1,50,0.8333
2025-11-04,49,23,0.3194,6,9,4,1,35,0.7143
2025-11-05,59,30,0.3371,7,10,5,3,41,0.6949
2025-11-06,59,42,0.4158,8,7,2,2,48,0.8136
2025-11-07,49,32,0.3951,9,8,1,3,37,0.7551
2025-11-10,60,49,0.4495,5,2,4,2,52,0.8667
2025-11-11,59,28,0.3218,6,13,0,2,44,0.7458
2025-11-12,52,29,0.358,7,9,6,2,35,0.6731
2025-11-13,80,50,0.3846,8,7,4,6,63,0.7875
2025-11-14,66,34,0.34,7,9,3,6,48,0.7273
2025-11-17,80,27,0.2523,8,13,4,6,57,0.7125
2025-11-18,41,28,0.4058,6,8,4,4,25,0.6098
2025-11-19,54,26,0.325,6,7,3,5,39,0.7222
2025-11-20,38,43,0.5309,7,6,2,4,26,0.6842
2025-11-21,24,20,0.4545,6,2,3,2,17,0.7083
2025-11-24,59,25,0.2976,7,8,0,3,48,0.8136
2025-11-25,69,28,0.2887,5,5,4,1,59,0.8551
2025-11-26,60,29,0.3258,4,11,3,3,43,0.7167
2025-11-27,48,36,0.4286,4,5,2,2,39,0.8125
2025-11-28,63,27,0.3,5,6,1,2,54,0.8571
2025-12-01,61,33,0.3511,6,11,4,2,44,0.7213
2025-12-02,45,23,0.3382,7,4,5,5,31,0.6889
2025-12-03,46,34,0.425,6,6,1,3,36,0.7826
2025-12-04,35,29,0.4531,3,7,3,0,25,0.7143
2025-12-05,66,25,0.2747,4,4,5,2,55,0.8333
2025-12-08,67,37,0.3558,5,18,2,4,43,0.6418
2025-12-09,49,32,0.3951,6,9,3,4,33,0.6735
2025-12-10,53,30,0.3614,6,8,5,3,37,0.6981
2025-12-11,29,29,0.5,5,4,1,3,21,0.7241
2025-12-12,75,15,0.1667,5,10,1,1,63,0.84
2025-12-15,57,33,0.3667,6,7,6,1,43,0.7544
2025-12-16,40,23,0.3651,4,7,2,3,28,0.7
2025-12-17,46,22,0.3235,5,5,1,2,38,0.8261
2025-12-18,57,27,0.3214,6,11,4,2,40,0.7018
2025-12-19,68,33,0.3267,6,8,5,2,53,0.7794
2025-12-22,77,37,0.3246,7,11,1,4,61,0.7922
2025-12-23,52,28,0.35,8,9,5,4,34,0.6538
2025-12-24,70,24,0.2553,9,4,5,4,57,0.8143
2025-12-25,79,24,0.233,10,12,2,7,58,0.7342
2025-12-26,75,25,0.25,11,8,8,5,54,0.72
2025-12-29,68,32,0.32,12,6,4,6,52,0.7647
2025-12-30,52,37,0.4157,10,11,1,5,35,0.6731
2025-12-31,54,23,0.2987,6,4,4,3,43,0.7963
2026-01-05,91,32,0.2602,6,11,1,2,77,0.8462
2026-01-06,109,31,0.2214,7,26,6,3,74,0.6789
2026-01-07,70,53,0.4309,8,8,10,4,48,0.6857
2026-01-08,87,41,0.3203,9,11,5,8,63,0.7241
2026-01-09,91,52,0.3636,10,9,3,8,71,0.7802
2026-01-12,161,72,0.309,11,26,6,8,121,0.7516
2026-01-13,61,68,0.5271,12,16,8,5,32,0.5246
2026-01-14,96,65,0.4037,5,4,9,6,77,0.8021
2026-01-15,54,24,0.3077,4,9,2,2,41,0.7593
2026-01-16,53,45,0.4592,5,3,1,1,48,0.9057
2026-01-19,83,30,0.2655,4,9,0,1,73,0.8795
2026-01-20,52,23,0.3067,3,10,3,0,39,0.75
2026-01-21,79,32,0.2883,4,7,3,1,68,0.8608
2026-01-22,72,26,0.2653,4,11,4,1,56,0.7778
2026-01-23,93,31,0.25,5,7,1,3,82,0.8817
2026-01-26,68,43,0.3874,5,14,0,1,53,0.7794
2026-01-27,51,24,0.32,6,8,5,1,37,0.7255
2026-01-28,80,38,0.322,7,2,3,5,70,0.875
2026-01-29,84,42,0.3333,8,12,0,6,66,0.7857
2026-01-30,44,25,0.3623,5,4,1,1,38,0.8636
2026-02-02,35,21,0.375,3,7,3,0,25,0.7143
2026-02-03,66,24,0.2667,4,5,2,3,56,0.8485
2026-02-04,64,24,0.2727,4,8,2,2,52,0.8125
2026-02-05,41,15,0.2679,4,8,1,1,31,0.7561
2026-02-06,53,30,0.3614,3,3,4,0,46,0.8679
2026-02-09,79,24,0.233,4,11,1,3,64,0.8101
2026-02-10,56,19,0.2533,3,18,1,0,37,0.6607
2026-02-11,49,20,0.2899,4,3,5,1,40,0.8163
2026-02-12,58,18,0.2368,4,12,1,3,42,0.7241
2026-02-13,32,11,0.2558,5,1,3,1,27,0.8438
2026-02-24,89,46,0.3407,4,4,1,2,82,0.9213
2026-02-25,70,34,0.3269,5,13,2,2,53,0.7571
2026-02-26,58,28,0.3256,6,4,2,2,50,0.8621
2026-02-27,73,15,0.1705,7,6,3,2,62,0.8493
2026-03-02,88,31,0.2605,3,17,3,0,68,0.7727
2026-03-03,76,31,0.2897,3,32,4,0,40,0.5263
2026-03-04,39,21,0.35,4,0,2,2,35,0.8974
2026-03-05,65,34,0.3434,2,7,0,0,58,0.8923
2026-03-06,70,29,0.2929,3,4,4,0,62,0.8857
2026-03-09,38,39,0.5065,4,8,1,2,27,0.7105
2026-03-10,52,24,0.3158,5,4,1,1,46,0.8846
2026-03-11,51,25,0.3289,4,8,1,1,41,0.8039
2026-03-12,50,26,0.3421,4,5,2,1,42,0.84
2026-03-13,54,24,0.3077,5,4,1,2,47,0.8704
2026-03-16,44,22,0.3333,3,4,1,0,39,0.8864
2026-03-17,36,18,0.3333,4,5,4,1,26,0.7222
2026-03-18,52,22,0.2973,3,3,2,0,47,0.9038
2026-03-19,27,15,0.3571,4,6,0,2,19,0.7037
2026-03-20,29,23,0.4423,5,3,2,2,22,0.7586
2026-03-23,26,21,0.4468,6,2,1,2,21,0.8077
2026-03-24,78,26,0.25,7,3,1,1,73,0.9359
2026-03-25,82,21,0.2039,8,19,2,2,59,0.7195
2026-03-26,36,24,0.4,3,6,4,0,26,0.7222
2026-03-27,76,22,0.2245,4,6,0,3,67,0.8816
2026-03-30,57,17,0.2297,5,11,1,1,44,0.7719
2026-03-31,50,17,0.2537,4,5,1,1,43,0.86
2026-04-01,55,41,0.4271,4,4,0,1,50,0.9091
2026-04-02,27,21,0.4375,5,2,3,1,21,0.7778
2026-04-03,30,14,0.3182,6,3,0,1,26,0.8667
2026-04-07,87,32,0.2689,7,4,2,1,80,0.9195
2026-04-08,116,24,0.1714,4,9,1,1,105,0.9052
2026-04-09,52,18,0.2571,5,11,1,1,39,0.75
2026-04-10,55,28,0.3373,4,8,3,1,43,0.7818
2026-04-13,54,20,0.2703,5,5,2,2,45,0.8333
2026-04-14,54,23,0.2987,6,5,1,3,45,0.8333
2026-04-15,56,30,0.3488,5,8,3,1,44,0.7857
2026-04-16,74,21,0.2211,6,5,1,2,66,0.8919
2026-04-17,62,23,0.2706,7,7,2,3,50,0.8065
2026-04-20,74,19,0.2043,6,10,3,1,60,0.8108
2026-04-21,48,15,0.2381,4,4,3,1,40,0.8333
2026-04-22,52,23,0.3067,4,6,0,2,44,0.8462
2026-04-23,50,25,0.3333,5,5,3,1,41,0.82
2026-04-24,54,27,0.3333,3,6,2,0,46,0.8519
2026-04-27,57,29,0.3372,4,5,2,1,49,0.8596
2026-04-28,57,13,0.1857,5,7,1,2,47,0.8246
2026-04-29,96,29,0.232,3,9,2,0,85,0.8854
2026-04-30,74,22,0.2292,4,11,4,1,58,0.7838
2026-05-06,94,40,0.2985,4,11,3,4,76,0.8085
2026-05-07,97,35,0.2652,5,15,2,1,79,0.8144
2026-05-08,95,23,0.1949,4,13,4,1,77,0.8105
2026-05-11,87,38,0.304,5,12,5,2,68,0.7816
2026-05-12,57,31,0.3523,5,11,4,3,39,0.6842
2026-05-13,106,31,0.2263,6,10,3,3,90,0.8491
2026-05-14,51,38,0.427,5,10,3,2,36,0.7059
2026-05-15,52,38,0.4222,6,3,2,2,45,0.8654
2026-05-18,78,36,0.3158,6,4,2,3,69,0.8846
2026-05-19,84,16,0.16,7,15,1,3,65,0.7738
2026-05-20,58,17,0.2267,8,3,4,3,48,0.8276
2026-05-21,35,76,0.6847,7,5,0,2,28,0.8
2026-05-22,112,31,0.2168,3,7,4,0,101,0.9018
2026-05-25,99,41,0.2929,4,21,1,1,76,0.7677
2026-05-26,47,36,0.4337,3,8,4,0,35,0.7447
2026-05-27,46,31,0.4026,3,6,2,0,38,0.8261
2026-05-28,97,23,0.1917,4,4,2,2,89,0.9175
2026-05-29,49,47,0.4896,5,5,2,2,40,0.8163
2026-06-01,118,46,0.2805,4,7,1,2,108,0.9153
2026-06-02,62,27,0.3034,3,14,2,0,46,0.7419
2026-06-03,65,55,0.4583,3,6,5,0,54,0.8308
2026-06-04,73,30,0.2913,4,6,1,3,63,0.863
2026-06-05,71,49,0.4083,5,4,1,1,65,0.9155
2026-06-08,52,13,0.2,6,10,1,2,39,0.75
2026-06-09,117,27,0.1875,3,7,2,0,108,0.9231
2026-06-10,65,26,0.2857,4,12,1,1,51,0.7846
2026-06-11,65,32,0.3299,3,8,3,0,54,0.8308
2026-06-12,91,58,0.3893,4,7,0,2,82,0.9011
2026-06-15,144,51,0.2615,3,8,4,0,132,0.9167
2026-06-16,117,36,0.2353,4,26,3,2,86,0.735
2026-06-17,81,35,0.3017,4,11,10,1,59,0.7284
2026-06-18,85,45,0.3462,4,7,4,1,73,0.8588
2026-06-22,133,33,0.1988,5,19,2,3,109,0.8195
2026-06-23,95,51,0.3493,5,16,5,1,73,0.7684
2026-06-24,94,36,0.2769,4,8,2,3,81,0.8617
2026-06-25,84,40,0.3226,5,14,1,1,68,0.8095
2026-06-26,56,40,0.4167,6,5,1,2,48,0.8571
2026-06-29,99,45,0.3125,7,8,1,1,89,0.899
2026-06-30,130,31,0.1925,3,19,1,0,110,0.8462
2026-07-01,145,80,0.3556,3,18,3,0,124,0.8552
2026-07-02,90,46,0.3382,4,15,1,1,73,0.8111
2026-07-03,104,56,0.35,3,13,3,0,88,0.8462
2026-07-06,64,46,0.4182,4,4,1,2,57,0.8906
2026-07-07,32,30,0.4839,5,4,0,2,26,0.8125
2026-07-08,47,13,0.2167,6,6,1,1,39,0.8298
2026-07-09,67,29,0.3021,7,4,1,1,61,0.9104
2026-07-10,88,93,0.5138,2,9,0,0,79,0.8977
2026-07-13,29,20,0.4082,3,6,3,0,20,0.6897
2026-07-14,79,26,0.2476,3,4,1,0,74,0.9367
2026-07-15,69,28,0.2887,4,11,2,1,55,0.7971
2026-07-16,41,30,0.4225,5,7,1,1,32,0.7805
2026-07-17,31,16,0.3404,4,4,2,1,24,0.7742
2026-07-20,54,45,0.4545,3,8,1,0,45,0.8333
2026-07-21,100,10,0.0909,4,3,1,1,95,0.95
2026-07-22,47,40,0.4598,5,9,1,2,35,0.7447
2026-07-23,114,26,0.1857,6,9,4,2,99,0.8684
2026-07-24,40,14,0.2593,4,14,2,2,22,0.55
2026-07-27,111,17,0.1328,5,3,2,3,103,0.9279
2026-07-28,60,24,0.2857,6,13,1,2,44,0.7333
2026-07-29,80,18,0.1837,7,6,4,1,69,0.8625
2026-07-30,51,27,0.3462,8,6,1,3,41,0.8039
2026-07-31,99,123,0.5541,9,6,1,3,89,0.899
2026-08-03,75,20,0.2105,6,13,1,3,58,0.7733
2026-08-04,135,25,0.1562,7,11,6,3,115,0.8519
2026-08-05,101,45,0.3082,8,28,3,3,67,0.6634
2026-08-06,75,24,0.2424,5,7,9,3,56,0.7467
2026-08-07,68,27,0.2842,4,6,2,5,55,0.8088
2026-08-10,98,20,0.1695,5,8,2,2,86,0.8776
2026-08-11,57,24,0.2963,6,12,2,2,41,0.7193
2026-08-12,89,15,0.1442,7,7,7,3,72,0.809
2026-08-13,28,21,0.4286,5,4,2,4,18,0.6429
