code,name,industry,past_amt_yi
600010,包钢股份,C31黑色金属冶炼和压延加工业,3.522
600019,宝钢股份,C31黑色金属冶炼和压延加工业,3.909
600026,中远海能,G55水上运输业,4.349
600028,中国石化,B07石油和天然气开采业,9.801
600029,南方航空,G56航空运输业,3.445
600030,中信证券,J67资本市场服务,24.907
600036,招商银行,J66货币金融服务,18.205
600108,亚盛集团,A01农业,0.554
600111,北方稀土,C32有色金属冶炼和压延加工业,6.669
600115,中国东航,G56航空运输业,2.259
600150,中国船舶,C37铁路、船舶、航空航天和其他运输设备制造业,24.039
600158,中体产业,R89体育,2.543
600159,大龙地产,E47房屋建筑业,1.398
600176,中国巨石,C30非金属矿物制品业,2.7
600179,安通控股,G58多式联运和运输代理业,0.386
600188,兖矿能源,B06煤炭开采和洗选业,6.693
600233,圆通速递,G60邮政业,1.989
600257,大湖股份,A04渔业,2.755
600258,首旅酒店,H61住宿业,2.792
600276,恒瑞医药,C27医药制造业,17.298
600354,敦煌种业,A05农、林、牧、渔专业及辅助性活动,1.164
600519,贵州茅台,C15酒、饮料和精制茶制造业,38.494
600598,北大荒,A01农业,1.639
600673,东阳光,S91综合,0.744
600737,中粮糖业,C13农副食品加工业,2.455
600754,锦江酒店,H61住宿业,3.768
600787,中储股份,G59装卸搬运和仓储业,1.608
600871,石化油服,B11开采专业及辅助性活动,1.318
600887,伊利股份,C14食品制造业,10.357
600893,航发动力,C37铁路、船舶、航空航天和其他运输设备制造业,4.826
600895,张江高科,K70房地产业,6.399
600900,长江电力,D44电力、热力生产和供应业,10.908
600938,中国海油,B07石油和天然气开采业,7.854
600941,中国移动,I63电信、广播电视和卫星传输服务,13.875
600984,建设机械,L71租赁业,0.646
601006,大秦铁路,G53铁路运输业,2.96
601088,中国神华,B06煤炭开采和洗选业,7.17
601111,中国国航,G56航空运输业,5.344
601118,海南橡胶,A01农业,1.245
601133,柏诚股份,E49建筑安装业,2.209
601225,陕西煤业,B06煤炭开采和洗选业,6.61
601233,桐昆股份,C28化学纤维制造业,2.51
601288,农业银行,J66货币金融服务,13.233
601318,中国平安,J68保险业,30.874
601333,广深铁路,G53铁路运输业,3.437
601336,新华保险,J68保险业,6.212
601601,中国太保,J68保险业,10.618
601669,中国电建,E48土木工程建筑业,7.65
601698,中国卫通,I63电信、广播电视和卫星传输服务,10.757
601728,中国电信,I63电信、广播电视和卫星传输服务,18.852
601816,京沪高铁,G53铁路运输业,5.063
601857,中国石油,B07石油和天然气开采业,13.219
601858,中国科传,R86新闻和出版业,9.558
601868,中国能建,E48土木工程建筑业,7.289
601872,招商轮船,G55水上运输业,2.619
601888,中国中免,L72商务服务业,22.361
601899,紫金矿业,B09有色金属矿采选业,16.766
601919,中远海控,G55水上运输业,6.968
601969,海南矿业,B08黑色金属矿采选业,0.607
603127,昭衍新药,M73研究和试验发展,2.124
603259,药明康德,M73研究和试验发展,18.253
603288,海天味业,C14食品制造业,4.325
603300,海南华铁,L71租赁业,0.852
603318,水发燃气,D45燃气生产和供应业,1.039
603466,风语筑,R88文化艺术业,2.434
603505,金石资源,B10非金属矿采选业,1.033
603608,天创时尚,C19皮革、毛皮、羽毛及其制品和制鞋业,0.411
603629,利通电子,C33金属制品业,3.514
603816,顾家家居,C21家具制造业,1.847
603833,欧派家居,C21家具制造业,2.721
603929,亚翔集成,E49建筑安装业,0.76
603979,金诚信,B11开采专业及辅助性活动,1.269
603993,洛阳钼业,B09有色金属矿采选业,6.95
605090,九丰能源,D45燃气生产和供应业,0.809
605289,罗曼股份,E50建筑装饰、装修和其他建筑业,0.988
000032,深桑达A,E49建筑安装业,9.166
000034,神州数码,F51批发业,8.24
000035,中国天楹,N77生态保护和环境治理业,0.826
000059,华锦股份,C25石油、煤炭及其他燃料加工业,1.059
000063,中兴通讯,C39计算机、通信和其他电子设备制造业,34.965
000415,渤海租赁,L71租赁业,0.843
000532,华金资本,S91综合,0.408
000544,中原环保,D46水的生产和供应业,0.767
000564,供销大集,F52零售业,2.019
000568,泸州老窖,C15酒、饮料和精制茶制造业,14.189
000592,平潭发展,C20木材加工和木、竹、藤、棕、草制品业,0.689
000598,兴蓉环境,D46水的生产和供应业,0.751
000617,中油资本,J66货币金融服务,15.686
000625,长安汽车,C36汽车制造业,19.742
000628,高新发展,E47房屋建筑业,0.612
000651,格力电器,C38电气机械和器材制造业,14.495
000656,金科股份,K70房地产业,10.155
000661,长春高新,C27医药制造业,7.386
000663,永安林业,A02林业,0.762
000681,视觉中国,I64互联网和相关服务,11.99
000685,中山公用,D46水的生产和供应业,0.797
000710,贝瑞基因,M74专业技术服务业,0.96
000713,国投丰乐,A05农、林、牧、渔专业及辅助性活动,1.465
000716,黑芝麻,C14食品制造业,3.893
000719,中原传媒,R86新闻和出版业,4.351
000721,西安饮食,H62餐饮业,7.167
000723,美锦能源,C25石油、煤炭及其他燃料加工业,2.969
000726,鲁泰A,C17纺织业,0.459
000768,中航西飞,C37铁路、船舶、航空航天和其他运输设备制造业,4.032
000776,广发证券,J67资本市场服务,8.896
000779,甘咨询,M74专业技术服务业,1.164
000786,北新建材,C30非金属矿物制品业,2.39
000792,盐湖股份,C26化学原料和化学制品制造业,4.434
000798,中水渔业,A04渔业,1.133
000812,陕西金叶,C23印刷和记录媒介复制业,1.37
000815,美利云,C22造纸和纸制品业,3.511
000828,东莞控股,G54道路运输业,0.529
000833,粤桂股份,S91综合,0.432
000837,秦川机床,C34通用设备制造业,5.38
000850,华茂股份,C17纺织业,0.499
000858,五粮液,C15酒、饮料和精制茶制造业,29.166
000876,新希望,C13农副食品加工业,2.473
000885,城发环境,N77生态保护和环境治理业,1.073
000886,海南高速,G54道路运输业,0.781
000887,中鼎股份,C29橡胶和塑料制品业,2.212
000888,峨眉山A,N78公共设施管理业,1.86
000910,大亚圣象,C20木材加工和木、竹、藤、棕、草制品业,0.428
000923,河钢资源,B08黑色金属矿采选业,1.145
000932,华菱钢铁,C31黑色金属冶炼和压延加工业,3.187
000936,华西股份,C28化学纤维制造业,8.472
000963,华东医药,F52零售业,4.187
000977,浪潮信息,C39计算机、通信和其他电子设备制造业,56.428
000980,众泰汽车,C36汽车制造业,8.067
000987,越秀资本,J69其他金融业,1.884
000998,隆平高科,A05农、林、牧、渔专业及辅助性活动,2.063
001203,大中矿业,B08黑色金属矿采选业,0.638
001269,欧晶科技,C42废弃资源综合利用业,3.055
001286,陕西能源,D44电力、热力生产和供应业,5.691
001287,中电港,F51批发业,9.301
001299,美能能源,D45燃气生产和供应业,1.035
001317,三羊马,G58多式联运和运输代理业,0.925
001965,招商公路,G54道路运输业,0.807
002015,协鑫能科,D44电力、热力生产和供应业,4.78
002023,海特高新,C43金属制品、机械和设备修理业,0.959
002027,分众传媒,L72商务服务业,8.936
002031,巨轮智能,C35专用设备制造业,6.578
002033,丽江股份,N78公共设施管理业,1.869
002043,兔宝宝,C20木材加工和木、竹、藤、棕、草制品业,3.294
002044,美年健康,Q84卫生,2.529
002050,三花智控,C34通用设备制造业,8.663
002051,中工国际,E48土木工程建筑业,5.394
002069,獐子岛,A04渔业,0.655
002078,太阳纸业,C22造纸和纸制品业,1.442
002103,广博股份,C24文教、工美、体育和娱乐用品制造业,1.255
002117,东港股份,C23印刷和记录媒介复制业,1.801
002120,韵达股份,G60邮政业,2.629
002146,荣盛发展,K70房地产业,5.445
002154,报喜鸟,C18纺织服装、服饰业,1.335
002159,三特索道,N78公共设施管理业,1.095
002163,海南发展,E50建筑装饰、装修和其他建筑业,0.781
002173,创新医疗,Q84卫生,3.303
002186,全聚德,H62餐饮业,1.772
002192,融捷股份,B09有色金属矿采选业,5.874
002229,鸿博股份,C23印刷和记录媒介复制业,26.05
002230,科大讯飞,I65软件和信息技术服务业,49.956
002235,安妮股份,C22造纸和纸制品业,4.404
002251,步步高,F52零售业,1.805
002261,拓维信息,I65软件和信息技术服务业,31.762
002269,美邦服饰,C18纺织服装、服饰业,1.21
002271,东方雨虹,C30非金属矿物制品业,8.56
002292,奥飞娱乐,C24文教、工美、体育和娱乐用品制造业,11.588
002317,众生药业,C27医药制造业,5.516
002324,普利特,C29橡胶和塑料制品业,1.443
002338,奥普光电,C40仪器仪表制造业,2.7
002340,格林美,C42废弃资源综合利用业,2.593
002343,慈文传媒,R87广播、电视、电影和录音制作业,3.225
002345,潮宏基,C24文教、工美、体育和娱乐用品制造业,1.006
002352,顺丰控股,G60邮政业,7.146
002371,北方华创,C35专用设备制造业,23.606
002375,亚厦股份,E50建筑装饰、装修和其他建筑业,0.767
002377,国创高新,C25石油、煤炭及其他燃料加工业,1.247
002385,大北农,C13农副食品加工业,2.469
002394,联发股份,C17纺织业,0.456
002409,雅克科技,C26化学原料和化学制品制造业,7.83
002444,巨星科技,C33金属制品业,2.636
002458,益生股份,A03畜牧业,1.82
002460,赣锋锂业,C32有色金属冶炼和压延加工业,11.198
002466,天齐锂业,C32有色金属冶炼和压延加工业,18.878
002487,大金重工,C33金属制品业,5.616
002489,浙江永强,C21家具制造业,1.28
002493,荣盛石化,C26化学原料和化学制品制造业,6.0
002527,新时达,C34通用设备制造业,6.64
002546,新联电子,C40仪器仪表制造业,2.667
002549,凯美特气,N77生态保护和环境治理业,1.09
002555,三七互娱,I64互联网和相关服务,19.722
002594,比亚迪,C36汽车制造业,29.026
002607,中公教育,P83教育,7.716
002674,兴业科技,C19皮革、毛皮、羽毛及其制品和制鞋业,0.301
002679,福建金森,A02林业,0.461
002714,牧原股份,A03畜牧业,9.034
002812,恩捷股份,C29橡胶和塑料制品业,8.71
002832,比音勒芬,C18纺织服装、服饰业,1.034
002858,力盛体育,R89体育,2.552
002930,宏川智慧,G59装卸搬运和仓储业,0.303
003032,传智教育,P83教育,1.858
003035,南网能源,M75科技推广和应用服务业,1.848
300015,爱尔眼科,Q84卫生,8.818
300017,网宿科技,I65软件和信息技术服务业,8.761
300021,大禹节水,N76水利管理业,0.586
300033,同花顺,J69其他金融业,20.881
300058,蓝色光标,L72商务服务业,25.828
300059,东方财富,J67资本市场服务,51.511
300144,宋城演艺,R88文化艺术业,3.6
300164,通源石油,B11开采专业及辅助性活动,1.111
300182,捷成股份,R87广播、电视、电影和录音制作业,10.736
300192,科德教育,P83教育,2.862
300251,光线传媒,R87广播、电视、电影和录音制作业,6.221
300274,阳光电源,C38电气机械和器材制造业,22.872
300308,中际旭创,C39计算机、通信和其他电子设备制造业,46.943
300364,中文在线,R86新闻和出版业,18.037
300418,昆仑万维,I64互联网和相关服务,47.802
300424,航新科技,C43金属制品、机械和设备修理业,0.705
300475,香农芯创,F51批发业,6.128
300498,温氏股份,A03畜牧业,5.245
300567,精测电子,C40仪器仪表制造业,5.733
300604,长川科技,C35专用设备制造业,5.907
300699,光威复材,C28化学纤维制造业,2.438
300736,百邦科技,O81机动车、电子产品和日用产品修理业,0.592
300750,宁德时代,C38电气机械和器材制造业,46.115
300759,康龙化成,M73研究和试验发展,7.421
300779,惠城环保,C42废弃资源综合利用业,1.566
300803,指南针,J69其他金融业,9.886
300873,海晨股份,G58多式联运和运输代理业,0.398
301073,君亭酒店,H61住宿业,1.533
301297,富乐德,M74专业技术服务业,2.795
301357,北方长龙,C41其他制造业,1.786
