code,name,industry,rank_in_ind,avg_amount_yi
600108,亚盛集团,A01农业,1.0,6.345
601118,海南橡胶,A01农业,2.0,5.937
600598,北大荒,A01农业,3.0,5.504
000663,永安林业,A02林业,1.0,1.053
002679,福建金森,A02林业,2.0,0.748
002714,牧原股份,A03畜牧业,1.0,21.107
300498,温氏股份,A03畜牧业,2.0,7.797
002157,正邦科技,A03畜牧业,3.0,5.566
000798,中水渔业,A04渔业,1.0,2.256
002086,东方海洋,A04渔业,2.0,1.338
600257,大湖股份,A04渔业,3.0,1.088
300189,神农种业,A05农、林、牧、渔专业及辅助性活动,1.0,9.618
600354,敦煌种业,A05农、林、牧、渔专业及辅助性活动,2.0,4.064
000998,隆平高科,A05农、林、牧、渔专业及辅助性活动,3.0,2.637
601088,中国神华,B06煤炭开采和洗选业,1.0,16.71
600188,兖矿能源,B06煤炭开采和洗选业,2.0,13.822
601225,陕西煤业,B06煤炭开采和洗选业,3.0,12.212
601857,中国石油,B07石油和天然气开采业,1.0,24.031
600938,中国海油,B07石油和天然气开采业,2.0,22.685
600028,中国石化,B07石油和天然气开采业,3.0,16.466
001203,大中矿业,B08黑色金属矿采选业,1.0,10.601
601969,海南矿业,B08黑色金属矿采选业,2.0,3.323
000923,河钢资源,B08黑色金属矿采选业,3.0,3.097
601899,紫金矿业,B09有色金属矿采选业,1.0,97.412
603993,洛阳钼业,B09有色金属矿采选业,2.0,52.646
000426,兴业银锡,B09有色金属矿采选业,3.0,28.762
603505,金石资源,B10非金属矿采选业,1.0,3.808
605086,龙高股份,B10非金属矿采选业,2.0,0.668
300164,通源石油,B11开采专业及辅助性活动,1.0,17.161
603979,金诚信,B11开采专业及辅助性活动,2.0,6.731
600871,石化油服,B11开采专业及辅助性活动,3.0,6.074
600737,中粮糖业,C13农副食品加工业,1.0,7.062
600127,金健米业,C13农副食品加工业,2.0,6.76
002515,金字火腿,C13农副食品加工业,3.0,5.037
600186,莲花控股,C14食品制造业,1.0,23.118
600887,伊利股份,C14食品制造业,2.0,14.64
603288,海天味业,C14食品制造业,3.0,7.019
600519,贵州茅台,C15酒、饮料和精制茶制造业,1.0,56.988
000858,五粮液,C15酒、饮料和精制茶制造业,2.0,22.352
000568,泸州老窖,C15酒、饮料和精制茶制造业,3.0,11.041
002083,孚日股份,C17纺织业,1.0,7.644
300819,聚杰微纤,C17纺织业,2.0,3.868
300658,延江股份,C17纺织业,3.0,3.582
300005,探路者,C18纺织服装、服饰业,1.0,6.569
002029,七匹狼,C18纺织服装、服饰业,2.0,3.32
002832,比音勒芬,C18纺织服装、服饰业,3.0,2.402
603608,天创时尚,C19皮革、毛皮、羽毛及其制品和制鞋业,1.0,4.067
002674,兴业科技,C19皮革、毛皮、羽毛及其制品和制鞋业,2.0,2.991
603958,哈森股份,C19皮革、毛皮、羽毛及其制品和制鞋业,3.0,2.29
000592,平潭发展,C20木材加工和木、竹、藤、棕、草制品业,1.0,27.453
002631,德尔未来,C20木材加工和木、竹、藤、棕、草制品业,2.0,3.136
603226,菲林格尔,C20木材加工和木、竹、藤、棕、草制品业,3.0,1.954
300749,顶固集创,C21家具制造业,1.0,2.69
603816,顾家家居,C21家具制造业,2.0,1.988
603833,欧派家居,C21家具制造业,3.0,1.397
002565,顺灏股份,C22造纸和纸制品业,1.0,16.984
000815,美利云,C22造纸和纸制品业,2.0,11.195
603687,大胜达,C22造纸和纸制品业,3.0,6.619
002229,鸿博股份,C23印刷和记录媒介复制业,1.0,6.606
002951,金时科技,C23印刷和记录媒介复制业,2.0,1.782
603058,永吉股份,C23印刷和记录媒介复制业,3.0,1.15
002292,奥飞娱乐,C24文教、工美、体育和娱乐用品制造业,1.0,4.176
605299,舒华体育,C24文教、工美、体育和娱乐用品制造业,2.0,3.848
300651,金陵体育,C24文教、工美、体育和娱乐用品制造业,3.0,2.881
000723,美锦能源,C25石油、煤炭及其他燃料加工业,1.0,4.929
601015,陕西黑猫,C25石油、煤炭及其他燃料加工业,2.0,3.962
600688,上海石化,C25石油、煤炭及其他燃料加工业,3.0,2.937
300285,国瓷材料,C26化学原料和化学制品制造业,1.0,51.657
002407,多氟多,C26化学原料和化学制品制造业,2.0,45.178
601208,东材科技,C26化学原料和化学制品制造业,3.0,32.804
600276,恒瑞医药,C27医药制造业,1.0,40.148
603538,美诺华,C27医药制造业,2.0,15.881
002821,凯莱英,C27医药制造业,3.0,13.559
601233,桐昆股份,C28化学纤维制造业,1.0,10.125
000703,恒逸石化,C28化学纤维制造业,2.0,8.463
300699,光威复材,C28化学纤维制造业,3.0,6.058
002812,恩捷股份,C29橡胶和塑料制品业,1.0,19.843
300806,斯迪克,C29橡胶和塑料制品业,2.0,15.705
000973,佛塑科技,C29橡胶和塑料制品业,3.0,9.364
600176,中国巨石,C30非金属矿物制品业,1.0,72.941
301526,国际复材,C30非金属矿物制品业,2.0,44.836
300395,菲利华,C30非金属矿物制品业,3.0,36.147
600010,包钢股份,C31黑色金属冶炼和压延加工业,1.0,20.772
600126,杭钢股份,C31黑色金属冶炼和压延加工业,2.0,9.124
600019,宝钢股份,C31黑色金属冶炼和压延加工业,3.0,7.14
600111,北方稀土,C32有色金属冶炼和压延加工业,1.0,48.864
002428,云南锗业,C32有色金属冶炼和压延加工业,2.0,44.777
002460,赣锋锂业,C32有色金属冶炼和压延加工业,3.0,42.981
000657,中钨高新,C33金属制品业,1.0,44.179
603629,利通电子,C33金属制品业,2.0,38.885
002342,巨力索具,C33金属制品业,3.0,15.615
002050,三花智控,C34通用设备制造业,1.0,66.193
002202,金风科技,C34通用设备制造业,2.0,45.933
600875,东方电气,C34通用设备制造业,3.0,25.234
002371,北方华创,C35专用设备制造业,1.0,56.718
300604,长川科技,C35专用设备制造业,2.0,55.798
002837,英维克,C35专用设备制造业,3.0,42.724
002594,比亚迪,C36汽车制造业,1.0,42.582
000338,潍柴动力,C36汽车制造业,2.0,27.599
000981,山子高科,C36汽车制造业,3.0,25.07
600150,中国船舶,C37铁路、船舶、航空航天和其他运输设备制造业,1.0,37.87
600879,航天电子,C37铁路、船舶、航空航天和其他运输设备制造业,2.0,31.174
600893,航发动力,C37铁路、船舶、航空航天和其他运输设备制造业,3.0,17.096
300750,宁德时代,C38电气机械和器材制造业,1.0,130.41
600487,亨通光电,C38电气机械和器材制造业,2.0,121.609
300274,阳光电源,C38电气机械和器材制造业,3.0,93.308
300308,中际旭创,C39计算机、通信和其他电子设备制造业,1.0,277.204
300502,新易盛,C39计算机、通信和其他电子设备制造业,2.0,215.8
603986,兆易创新,C39计算机、通信和其他电子设备制造业,3.0,185.709
300567,精测电子,C40仪器仪表制造业,1.0,18.515
002980,华盛昌,C40仪器仪表制造业,2.0,10.706
300720,海川智能,C40仪器仪表制造业,3.0,8.272
301357,北方长龙,C41其他制造业,1.0,3.662
605318,法狮龙,C41其他制造业,2.0,2.294
002718,友邦吊顶,C41其他制造业,3.0,1.485
002340,格林美,C42废弃资源综合利用业,1.0,14.99
002645,华宏科技,C42废弃资源综合利用业,2.0,9.173
300779,惠城环保,C42废弃资源综合利用业,3.0,6.694
002023,海特高新,C43金属制品、机械和设备修理业,1.0,3.755
300424,航新科技,C43金属制品、机械和设备修理业,2.0,2.078
001277,速达股份,C43金属制品、机械和设备修理业,3.0,0.577
600900,长江电力,D44电力、热力生产和供应业,1.0,30.155
601991,大唐发电,D44电力、热力生产和供应业,2.0,29.047
600396,华电辽能,D44电力、热力生产和供应业,3.0,26.334
605090,九丰能源,D45燃气生产和供应业,1.0,8.015
603318,水发燃气,D45燃气生产和供应业,2.0,5.228
000593,德龙汇能,D45燃气生产和供应业,3.0,4.661
301127,武汉天源,D46水的生产和供应业,1.0,3.706
000685,中山公用,D46水的生产和供应业,2.0,3.072
600769,祥龙电业,D46水的生产和供应业,3.0,2.787
000628,高新发展,E47房屋建筑业,1.0,5.769
600159,大龙地产,E47房屋建筑业,2.0,0.645
600667,太极实业,E48土木工程建筑业,1.0,42.114
601868,中国能建,E48土木工程建筑业,2.0,20.345
601669,中国电建,E48土木工程建筑业,3.0,13.692
603929,亚翔集成,E49建筑安装业,1.0,11.361
000032,深桑达A,E49建筑安装业,2.0,6.241
601133,柏诚股份,E49建筑安装业,3.0,6.021
002163,海南发展,E50建筑装饰、装修和其他建筑业,1.0,8.354
002081,金螳螂,E50建筑装饰、装修和其他建筑业,2.0,7.443
605289,罗曼股份,E50建筑装饰、装修和其他建筑业,3.0,5.721
300475,香农芯创,F51批发业,1.0,62.478
300975,商络电子,F51批发业,2.0,17.32
300131,英唐智控,F51批发业,3.0,15.203
300209,行云科技,F52零售业,1.0,21.104
000564,供销大集,F52零售业,2.0,7.281
002251,步步高,F52零售业,3.0,6.564
601816,京沪高铁,G53铁路运输业,1.0,8.079
601006,大秦铁路,G53铁路运输业,2.0,6.414
601333,广深铁路,G53铁路运输业,3.0,1.957
600611,大众交通,G54道路运输业,1.0,2.78
000886,海南高速,G54道路运输业,2.0,1.953
002682,龙洲股份,G54道路运输业,3.0,1.61
601872,招商轮船,G55水上运输业,1.0,26.99
600026,中远海能,G55水上运输业,2.0,17.503
601919,中远海控,G55水上运输业,3.0,15.098
600115,中国东航,G56航空运输业,1.0,8.577
601111,中国国航,G56航空运输业,2.0,6.195
600029,南方航空,G56航空运输业,3.0,5.799
001317,三羊马,G58多式联运和运输代理业,1.0,2.688
600179,安通控股,G58多式联运和运输代理业,2.0,2.303
300873,海晨股份,G58多式联运和运输代理业,3.0,2.107
002930,宏川智慧,G59装卸搬运和仓储业,1.0,1.554
600787,中储股份,G59装卸搬运和仓储业,2.0,1.077
002492,恒基达鑫,G59装卸搬运和仓储业,3.0,0.883
002352,顺丰控股,G60邮政业,1.0,8.94
600233,圆通速递,G60邮政业,2.0,4.363
002468,申通快递,G60邮政业,3.0,3.389
600754,锦江酒店,H61住宿业,1.0,2.863
600258,首旅酒店,H61住宿业,2.0,2.447
301073,君亭酒店,H61住宿业,3.0,1.306
000721,西安饮食,H62餐饮业,1.0,1.718
002186,全聚德,H62餐饮业,2.0,0.73
601698,中国卫通,I63电信、广播电视和卫星传输服务,1.0,16.621
600941,中国移动,I63电信、广播电视和卫星传输服务,2.0,9.809
601728,中国电信,I63电信、广播电视和卫星传输服务,3.0,9.394
300418,昆仑万维,I64互联网和相关服务,1.0,35.452
002195,岩山科技,I64互联网和相关服务,2.0,24.832
301171,易点天下,I64互联网和相关服务,3.0,23.028
300017,网宿科技,I65软件和信息技术服务业,1.0,40.034
300442,润泽科技,I65软件和信息技术服务业,2.0,39.958
600410,华胜天成,I65软件和信息技术服务业,3.0,30.517
600036,招商银行,J66货币金融服务,1.0,31.833
601398,工商银行,J66货币金融服务,2.0,25.458
601288,农业银行,J66货币金融服务,3.0,24.26
300059,东方财富,J67资本市场服务,1.0,58.078
600030,中信证券,J67资本市场服务,2.0,39.307
601211,国泰海通,J67资本市场服务,3.0,18.68
601318,中国平安,J68保险业,1.0,46.448
601601,中国太保,J68保险业,2.0,15.592
601336,新华保险,J68保险业,3.0,13.961
300033,同花顺,J69其他金融业,1.0,34.556
300803,指南针,J69其他金融业,2.0,18.552
000987,越秀资本,J69其他金融业,3.0,4.927
600641,先导基电,K70房地产业,1.0,19.647
600246,万通发展,K70房地产业,2.0,16.961
600895,张江高科,K70房地产业,3.0,10.883
000415,渤海租赁,L71租赁业,1.0,3.488
603300,海南华铁,L71租赁业,2.0,3.08
600984,建设机械,L71租赁业,3.0,1.969
300058,蓝色光标,L72商务服务业,1.0,62.776
002131,利欧股份,L72商务服务业,2.0,35.786
601888,中国中免,L72商务服务业,3.0,20.551
603259,药明康德,M73研究和试验发展,1.0,59.156
300759,康龙化成,M73研究和试验发展,2.0,17.129
603127,昭衍新药,M73研究和试验发展,3.0,14.484
301297,富乐德,M74专业技术服务业,1.0,7.734
301306,西测测试,M74专业技术服务业,2.0,6.72
300938,信测标准,M74专业技术服务业,3.0,6.169
003035,南网能源,M75科技推广和应用服务业,1.0,6.32
000504,南华生物,M75科技推广和应用服务业,2.0,0.599
300021,大禹节水,N76水利管理业,1.0,0.94
002549,凯美特气,N77生态保护和环境治理业,1.0,12.368
603588,高能环境,N77生态保护和环境治理业,2.0,10.626
002266,浙富控股,N77生态保护和环境治理业,3.0,5.362
603686,福龙马,N78公共设施管理业,1.0,2.947
603099,长白山,N78公共设施管理业,2.0,2.491
000558,天府文旅,N78公共设施管理业,3.0,2.293
300736,百邦科技,O81机动车、电子产品和日用产品修理业,1.0,2.44
002607,中公教育,P83教育,1.0,4.019
300192,科德教育,P83教育,2.0,2.472
003032,传智教育,P83教育,3.0,2.092
002173,创新医疗,Q84卫生,1.0,10.499
002044,美年健康,Q84卫生,2.0,8.806
300015,爱尔眼科,Q84卫生,3.0,7.608
300364,中文在线,R86新闻和出版业,1.0,17.176
601858,中国科传,R86新闻和出版业,2.0,3.167
300788,中信出版,R86新闻和出版业,3.0,2.194
300251,光线传媒,R87广播、电视、电影和录音制作业,1.0,13.465
300182,捷成股份,R87广播、电视、电影和录音制作业,2.0,10.162
001330,博纳影业,R87广播、电视、电影和录音制作业,3.0,8.369
603466,风语筑,R88文化艺术业,1.0,6.44
300144,宋城演艺,R88文化艺术业,2.0,2.621
603402,陕西旅游,R88文化艺术业,3.0,1.605
600158,中体产业,R89体育,1.0,5.955
002858,力盛体育,R89体育,2.0,0.88
600673,东阳光,S91综合,1.0,22.027
000833,粤桂股份,S91综合,2.0,9.688
000532,华金资本,S91综合,3.0,1.452
