code,name,industry,mktcap_yi,ret1y,turnover
601118,海南橡胶,A01农业,272.6,19.5,1.98
600598,北大荒,A01农业,224.5,-9.4,1.86
600108,亚盛集团,A01农业,77.3,28.1,5.9
002714,牧原股份,A03畜牧业,1392.6,-20.2,1.27
300498,温氏股份,A03畜牧业,899.0,-18.1,0.81
002157,正邦科技,A03畜牧业,227.4,-4.3,2.33
000998,隆平高科,A05农、林、牧、渔专业及辅助性活动,113.9,-11.6,2.11
002041,登海种业,A05农、林、牧、渔专业及辅助性活动,90.0,8.4,2.69
300189,神农种业,A05农、林、牧、渔专业及辅助性活动,53.2,30.7,17.89
601088,中国神华,B06煤炭开采和洗选业,7882.7,30.9,0.2
601225,陕西煤业,B06煤炭开采和洗选业,2523.6,34.9,0.47
600188,兖矿能源,B06煤炭开采和洗选业,1158.9,52.4,1.02
601857,中国石油,B07石油和天然气开采业,18151.5,43.7,0.12
600028,中国石化,B07石油和天然气开采业,4997.4,2.1,0.26
600938,中国海油,B07石油和天然气开采业,999.3,33.3,1.91
001203,大中矿业,B08黑色金属矿采选业,291.0,93.2,2.61
601969,海南矿业,B08黑色金属矿采选业,175.9,5.1,1.94
000923,河钢资源,B08黑色金属矿采选业,98.8,6.9,2.69
601899,紫金矿业,B09有色金属矿采选业,6137.3,26.3,1.4
603993,洛阳钼业,B09有色金属矿采选业,2947.4,38.9,1.52
000975,山金国际,B09有色金属矿采选业,574.3,13.7,1.85
603505,金石资源,B10非金属矿采选业,117.7,-17.3,2.21
603979,金诚信,B11开采专业及辅助性活动,450.9,17.8,1.51
600871,石化油服,B11开采专业及辅助性活动,284.5,-1.4,1.58
300164,通源石油,B11开采专业及辅助性活动,50.6,55.6,21.09
000895,双汇发展,C13农副食品加工业,819.6,-2.9,0.32
002311,海大集团,C13农副食品加工业,695.3,-31.2,0.55
600737,中粮糖业,C13农副食品加工业,313.6,-9.7,2.12
603288,海天味业,C14食品制造业,1844.2,-13.5,0.31
600887,伊利股份,C14食品制造业,1718.2,3.5,0.85
600186,莲花控股,C14食品制造业,205.0,90.0,9.32
600519,贵州茅台,C15酒、饮料和精制茶制造业,15733.8,-10.7,0.32
000858,五粮液,C15酒、饮料和精制茶制造业,2719.4,-40.1,0.62
000568,泸州老窖,C15酒、饮料和精制茶制造业,1063.4,-42.2,0.73
002083,孚日股份,C17纺织业,90.8,104.3,7.63
002293,罗莱生活,C17纺织业,88.7,40.5,0.98
002516,旷达科技,C17纺织业,80.8,-10.4,1.33
002003,伟星股份,C18纺织服装、服饰业,117.1,16.1,1.01
002832,比音勒芬,C18纺织服装、服饰业,100.3,65.8,2.45
300005,探路者,C18纺织服装、服饰业,93.8,15.7,4.95
603608,天创时尚,C19皮革、毛皮、羽毛及其制品和制鞋业,81.7,151.6,5.2
002674,兴业科技,C19皮革、毛皮、羽毛及其制品和制鞋业,58.0,27.0,3.96
000592,平潭发展,C20木材加工和木、竹、藤、棕、草制品业,163.4,151.6,14.27
002631,德尔未来,C20木材加工和木、竹、藤、棕、草制品业,107.0,152.9,4.3
603226,菲林格尔,C20木材加工和木、竹、藤、棕、草制品业,100.5,-1.2,1.39
603816,顾家家居,C21家具制造业,194.3,-16.5,0.81
603833,欧派家居,C21家具制造业,190.7,-39.0,0.56
001323,慕思股份,C21家具制造业,58.1,-28.8,0.76
002078,太阳纸业,C22造纸和纸制品业,380.4,-3.9,0.78
000815,美利云,C22造纸和纸制品业,99.1,13.5,9.27
002565,顺灏股份,C22造纸和纸制品业,89.5,15.5,11.39
002951,金时科技,C23印刷和记录媒介复制业,62.6,1.8,2.24
002348,高乐股份,C24文教、工美、体育和娱乐用品制造业,96.2,173.8,3.61
002292,奥飞娱乐,C24文教、工美、体育和娱乐用品制造业,86.2,-10.2,4.74
002345,潮宏基,C24文教、工美、体育和娱乐用品制造业,72.0,-41.1,2.4
600688,上海石化,C25石油、煤炭及其他燃料加工业,201.5,-1.4,1.09
000723,美锦能源,C25石油、煤炭及其他燃料加工业,154.3,-28.1,2.38
000059,华锦股份,C25石油、煤炭及其他燃料加工业,88.8,6.7,2.12
000792,盐湖股份,C26化学原料和化学制品制造业,1261.0,21.6,1.76
002493,荣盛石化,C26化学原料和化学制品制造业,1248.0,44.0,0.6
000408,藏格矿业,C26化学原料和化学制品制造业,1108.6,35.4,0.98
600276,恒瑞医药,C27医药制造业,3010.9,-33.3,1.03
000538,云南白药,C27医药制造业,899.9,-7.7,0.48
002001,新和成,C27医药制造业,788.1,11.9,1.15
000703,恒逸石化,C28化学纤维制造业,639.4,159.2,1.62
601233,桐昆股份,C28化学纤维制造业,539.8,61.9,1.72
002064,华峰化学,C28化学纤维制造业,477.9,10.7,0.9
002812,恩捷股份,C29橡胶和塑料制品业,373.0,35.4,4.32
000887,中鼎股份,C29橡胶和塑料制品业,240.8,-26.2,2.91
300806,斯迪克,C29橡胶和塑料制品业,218.7,154.9,6.59
600176,中国巨石,C30非金属矿物制品业,1565.2,161.9,3.33
002080,中材科技,C30非金属矿物制品业,908.7,44.0,3.09
600019,宝钢股份,C31黑色金属冶炼和压延加工业,1269.9,-7.1,0.5
000708,中信特钢,C31黑色金属冶炼和压延加工业,661.7,9.4,0.32
600010,包钢股份,C31黑色金属冶炼和压延加工业,654.6,-13.3,2.71
600111,北方稀土,C32有色金属冶炼和压延加工业,1276.1,-26.4,3.02
000807,云铝股份,C32有色金属冶炼和压延加工业,908.6,35.7,2.04
000630,铜陵有色,C32有色金属冶炼和压延加工业,644.1,34.1,3.49
000657,中钨高新,C33金属制品业,766.6,191.4,6.07
603629,利通电子,C33金属制品业,346.2,447.7,9.74
002444,巨星科技,C33金属制品业,307.9,-19.2,1.16
002050,三花智控,C34通用设备制造业,1318.1,-20.6,3.8
002202,金风科技,C34通用设备制造业,579.2,28.8,5.84
600875,东方电气,C34通用设备制造业,521.5,24.3,3.25
002371,北方华创,C35专用设备制造业,4466.3,51.2,1.37
300604,长川科技,C35专用设备制造业,1173.7,269.7,6.3
002008,大族激光,C35专用设备制造业,765.7,92.1,4.6
002594,比亚迪,C36汽车制造业,2905.1,-23.8,1.25
000338,潍柴动力,C36汽车制造业,1244.1,83.7,2.25
000625,长安汽车,C36汽车制造业,587.8,-41.0,0.91
600150,中国船舶,C37铁路、船舶、航空航天和其他运输设备制造业,2942.5,12.2,1.46
600893,航发动力,C37铁路、船舶、航空航天和其他运输设备制造业,1035.7,5.4,1.36
000768,中航西飞,C37铁路、船舶、航空航天和其他运输设备制造业,641.9,-5.2,1.19
300750,宁德时代,C38电气机械和器材制造业,12403.1,-19.1,0.76
000333,美的集团,C38电气机械和器材制造业,5515.7,14.7,0.47
000651,格力电器,C38电气机械和器材制造业,2110.3,2.5,0.75
300308,中际旭创,C39计算机、通信和其他电子设备制造业,8973.2,97.9,2.98
300502,新易盛,C39计算机、通信和其他电子设备制造业,4880.9,57.8,4.43
002475,立讯精密,C39计算机、通信和其他电子设备制造业,3622.0,-6.4,2.14
300567,精测电子,C40仪器仪表制造业,417.8,156.8,4.5
002980,华盛昌,C40仪器仪表制造业,106.3,339.0,9.76
300720,海川智能,C40仪器仪表制造业,104.4,119.8,5.74
605318,法狮龙,C41其他制造业,88.4,97.6,2.42
002718,友邦吊顶,C41其他制造业,76.6,343.8,3.59
002340,格林美,C42废弃资源综合利用业,310.1,-16.9,3.57
002645,华宏科技,C42废弃资源综合利用业,114.6,35.9,5.79
300779,惠城环保,C42废弃资源综合利用业,113.7,-61.7,4.31
002023,海特高新,C43金属制品、机械和设备修理业,68.4,-22.6,4.09
600900,长江电力,D44电力、热力生产和供应业,6983.2,8.4,0.42
001289,龙源电力,D44电力、热力生产和供应业,751.8,-10.8,0.15
601991,大唐发电,D44电力、热力生产和供应业,658.2,58.0,2.64
605090,九丰能源,D45燃气生产和供应业,220.6,1.9,2.79
001331,胜通能源,D45燃气生产和供应业,111.4,375.8,5.18
002267,陕天然气,D45燃气生产和供应业,80.2,-7.7,1.03
000598,兴蓉环境,D46水的生产和供应业,210.6,9.5,0.8
000685,中山公用,D46水的生产和供应业,133.0,15.6,2.05
301127,武汉天源,D46水的生产和供应业,98.2,14.0,2.86
000628,高新发展,E47房屋建筑业,104.0,0.3,5.81
601868,中国能建,E48土木工程建筑业,775.0,-1.6,1.72
601669,中国电建,E48土木工程建筑业,597.4,-16.6,1.77
600667,太极实业,E48土木工程建筑业,361.6,139.1,9.95
603929,亚翔集成,E49建筑安装业,297.6,249.3,2.85
000032,深桑达A,E49建筑安装业,159.1,-42.8,2.85
601133,柏诚股份,E49建筑安装业,117.5,72.8,9.17
605289,罗曼股份,E50建筑装饰、装修和其他建筑业,143.4,109.3,3.75
002081,金螳螂,E50建筑装饰、装修和其他建筑业,126.5,34.7,5.26
300475,香农芯创,F51批发业,687.3,103.1,8.6
000062,深圳华强,F51批发业,222.7,-26.2,3.11
000034,神州数码,F51批发业,197.1,-28.2,4.76
000963,华东医药,F52零售业,485.4,-32.3,0.8
300209,行云科技,F52零售业,246.3,443.4,9.91
000564,供销大集,F52零售业,221.9,-49.1,2.29
601816,京沪高铁,G53铁路运输业,2328.9,-6.5,0.32
601006,大秦铁路,G53铁路运输业,941.5,-18.0,0.63
601333,广深铁路,G53铁路运输业,174.1,-4.9,1.07
001965,招商公路,G54道路运输业,682.9,6.7,0.23
000429,粤高速A,G54道路运输业,162.4,20.7,0.67
000828,东莞控股,G54道路运输业,103.6,-6.5,0.62
601919,中远海控,G55水上运输业,2055.5,19.6,0.72
601872,招商轮船,G55水上运输业,1627.0,137.9,1.67
600026,中远海能,G55水上运输业,787.0,69.1,2.04
601111,中国国航,G56航空运输业,687.8,-24.3,0.73
600029,南方航空,G56航空运输业,663.1,-17.9,0.67
600115,中国东航,G56航空运输业,578.8,-15.8,1.04
600179,安通控股,G58多式联运和运输代理业,168.0,19.8,1.91
001317,三羊马,G58多式联运和运输代理业,52.9,25.5,8.84
600787,中储股份,G59装卸搬运和仓储业,100.3,-23.3,1.06
002352,顺丰控股,G60邮政业,1422.8,-22.2,0.51
600233,圆通速递,G60邮政业,609.3,-2.8,0.63
002468,申通快递,G60邮政业,215.5,-13.8,1.54
600754,锦江酒店,H61住宿业,163.5,-25.9,1.46
600258,首旅酒店,H61住宿业,122.9,-25.7,1.61
601728,中国电信,I63电信、广播电视和卫星传输服务,4875.1,-3.4,0.19
601698,中国卫通,I63电信、广播电视和卫星传输服务,954.7,7.8,1.65
600941,中国移动,I63电信、广播电视和卫星传输服务,864.9,-4.2,1.24
002195,岩山科技,I64互联网和相关服务,332.5,-29.1,4.96
002517,恺英网络,I64互联网和相关服务,300.9,-40.9,3.18
300442,润泽科技,I65软件和信息技术服务业,1047.5,25.5,2.66
002230,科大讯飞,I65软件和信息技术服务业,815.1,-29.1,2.33
300017,网宿科技,I65软件和信息技术服务业,352.6,34.0,7.81
601398,工商银行,J66货币金融服务,22323.9,18.3,0.12
601288,农业银行,J66货币金融服务,22251.3,6.6,0.12
600036,招商银行,J66货币金融服务,8511.5,6.5,0.4
600030,中信证券,J67资本市场服务,3148.9,-6.3,1.26
300059,东方财富,J67资本市场服务,2382.5,-33.5,2.28
601211,国泰海通,J67资本市场服务,2268.9,-6.9,0.8
601318,中国平安,J68保险业,5680.7,3.1,0.77
601601,中国太保,J68保险业,2126.1,-7.9,0.65
601336,新华保险,J68保险业,1175.1,-1.4,1.06
300033,同花顺,J69其他金融业,863.9,-23.5,3.35
300803,指南针,J69其他金融业,470.5,-51.6,3.82
000987,越秀资本,J69其他金融业,360.9,0.0,1.11
001979,招商蛇口,K70房地产业,672.3,-17.2,0.84
600641,先导基电,K70房地产业,452.0,188.8,5.67
600895,张江高科,K70房地产业,433.8,-26.4,2.94
000415,渤海租赁,L71租赁业,222.7,11.3,1.51
603300,海南华铁,L71租赁业,90.2,-55.3,3.86
601888,中国中免,L72商务服务业,1004.4,-27.4,1.96
002027,分众传媒,L72商务服务业,683.1,-37.0,0.99
300058,蓝色光标,L72商务服务业,430.2,85.2,12.54
603259,药明康德,M73研究和试验发展,4138.8,59.3,1.88
300759,康龙化成,M73研究和试验发展,638.6,26.8,2.81
603127,昭衍新药,M73研究和试验发展,309.5,23.1,4.82
301297,富乐德,M74专业技术服务业,256.9,14.1,3.9
300938,信测标准,M74专业技术服务业,88.0,57.7,6.06
301306,西测测试,M74专业技术服务业,50.4,61.5,10.52
003035,南网能源,M75科技推广和应用服务业,202.3,12.2,1.71
603588,高能环境,N77生态保护和环境治理业,251.9,152.5,4.03
002266,浙富控股,N77生态保护和环境治理业,224.2,19.3,2.32
000035,中国天楹,N77生态保护和环境治理业,109.6,-1.0,2.21
603099,长白山,N78公共设施管理业,110.8,-20.9,3.14
300192,科德教育,P83教育,106.7,69.1,5.11
002607,中公教育,P83教育,105.8,-38.7,3.39
300015,爱尔眼科,Q84卫生,635.0,-35.5,0.93
002044,美年健康,Q84卫生,175.9,-11.7,3.84
000516,国际医学,Q84卫生,96.3,-13.3,1.69
601858,中国科传,R86新闻和出版业,170.6,8.3,1.48
000719,中原传媒,R86新闻和出版业,79.7,7.9,1.12
300251,光线传媒,R87广播、电视、电影和录音制作业,302.0,-40.4,2.59
001330,博纳影业,R87广播、电视、电影和录音制作业,76.5,15.8,8.99
300144,宋城演艺,R88文化艺术业,145.1,-37.1,1.47
603466,风语筑,R88文化艺术业,70.7,19.5,7.29
600158,中体产业,R89体育,66.5,-25.0,4.99
600673,东阳光,S91综合,911.6,21.5,2.12
000833,粤桂股份,S91综合,85.1,33.7,9.68
