行业,近半年%,近1年%,近3年%,综合
元件,51.2,74.0,264.9,130.03333333333333
电子化学品,28.3,64.4,198.1,96.93333333333334
半导体,21.4,40.8,153.6,71.93333333333332
其他电子,6.1,26.7,154.0,62.26666666666667
通信设备,-1.2,21.9,151.1,57.26666666666666
贵金属,-20.4,33.8,150.6,54.666666666666664
非金属材料,3.3,16.2,125.6,48.36666666666667
小金属,-11.9,30.4,111.5,43.333333333333336
消费电子,-0.7,1.8,123.6,41.56666666666666
自动化设备,1.1,4.9,101.2,35.733333333333334
通用设备,-3.1,1.8,103.5,34.06666666666667
光学光电子,0.8,8.8,87.0,32.199999999999996
工业金属,-10.3,17.5,88.0,31.733333333333334
塑料制品,1.3,7.9,81.4,30.200000000000003
煤炭开采加工,8.2,26.8,44.9,26.633333333333336
白色家电,0.5,-5.0,83.7,26.400000000000002
医疗服务,15.1,17.0,45.5,25.866666666666664
金属新材料,-9.5,-3.6,84.8,23.900000000000002
电网设备,-15.8,7.9,74.8,22.299999999999997
银行,7.1,9.0,46.3,20.8
互联网电商,6.1,6.6,49.7,20.8
燃气,-2.8,15.6,48.6,20.46666666666667
工程机械,-12.9,-13.3,87.5,20.433333333333334
专用设备,-9.3,-4.4,72.5,19.599999999999998
其他电源设备,-11.2,-1.2,70.7,19.433333333333334
环保设备,-7.4,12.5,45.7,16.933333333333334
能源金属,-20.8,16.4,54.4,16.666666666666668
港口航运,-2.2,10.2,40.1,16.033333333333335
油气开采及服务,-20.8,20.3,47.6,15.700000000000001
包装印刷,-8.2,0.8,52.0,14.866666666666667
种植业与林业,-2.0,11.9,33.9,14.6
计算机设备,-7.7,-8.7,57.2,13.600000000000001
化学制品,-4.7,2.0,41.7,13.0
电力,-5.0,8.8,31.2,11.666666666666666
建筑材料,-5.3,5.8,34.2,11.566666666666668
黑色家电,-5.3,-5.6,44.2,11.100000000000001
化学制药,-5.0,-9.5,43.9,9.799999999999999
石油加工贸易,-10.5,10.6,27.7,9.266666666666666
纺织制造,-5.9,1.1,32.3,9.166666666666666
化学原料,-9.2,6.9,29.5,9.066666666666668
生物制品,2.5,-4.8,26.5,8.066666666666666
家居用品,-8.5,-4.8,35.1,7.266666666666667
IT服务,-15.1,-17.5,54.2,7.2
汽车零部件,-15.4,-20.5,56.6,6.900000000000001
橡胶制品,-12.1,-18.2,48.6,6.100000000000001
服装家纺,-7.2,-2.7,27.9,6.0
建筑装饰,-9.8,-1.3,28.4,5.766666666666666
电机,-11.3,-19.0,47.5,5.733333333333333
电池,-14.7,-7.6,38.7,5.466666666666669
军工装备,-14.7,-5.6,35.6,5.100000000000001
饮料制造,3.8,-3.6,15.1,5.1
公路铁路运输,-3.1,-6.8,24.9,4.999999999999999
小家电,-6.3,-18.0,39.0,4.8999999999999995
保险,-2.8,-0.3,15.3,4.066666666666667
其他社会服务,-8.7,-6.9,27.5,3.966666666666667
农化制品,-16.5,-1.1,28.8,3.733333333333333
军工电子,-18.5,-5.7,34.9,3.5666666666666664
环境治理,-8.0,0.7,17.9,3.5333333333333328
化学纤维,-13.8,-7.0,28.0,2.4
轨交设备,-10.8,-12.2,30.1,2.366666666666667
文化传媒,-6.7,-3.9,16.5,1.9666666666666668
零售,-5.6,-13.0,22.4,1.2666666666666657
医疗器械,-6.0,-10.0,19.5,1.1666666666666667
物流,-7.4,-10.9,20.5,0.7333333333333331
风电设备,-19.6,-5.8,25.8,0.13333333333333286
房地产,0.4,-3.0,2.2,-0.1333333333333333
造纸,-9.9,-7.2,16.5,-0.20000000000000048
综合,-11.5,-1.6,11.1,-0.6666666666666666
通信服务,-17.9,-16.3,31.0,-1.0666666666666675
养殖业,-5.6,-8.3,6.6,-2.4333333333333336
汽车服务及其他,-3.5,-16.8,12.9,-2.466666666666667
多元金融,-11.4,-14.1,16.1,-3.133333333333333
医药商业,-10.5,-5.5,0.3,-5.233333333333333
美容护理,-9.4,-15.7,8.9,-5.400000000000001
证券,-2.1,-16.1,1.0,-5.733333333333334
食品加工制造,-7.7,-13.4,1.1,-6.666666666666667
厨卫电器,-8.6,-19.6,7.6,-6.866666666666667
教育,-7.5,-13.1,-0.5,-7.033333333333334
贸易,-17.9,-12.0,8.5,-7.133333333333333
影视院线,-8.0,-20.0,6.6,-7.133333333333333
软件开发,-12.6,-23.0,14.2,-7.133333333333334
农产品加工,-8.2,-15.2,0.5,-7.633333333333333
中药,-6.7,-12.0,-7.4,-8.700000000000001
游戏,-12.7,-22.8,9.3,-8.733333333333333
汽车整车,-18.5,-24.5,14.4,-9.533333333333333
旅游及酒店,-16.8,-26.0,0.2,-14.199999999999998
机场航运,-15.8,-20.5,-11.1,-15.799999999999999
光伏设备,-23.7,-9.3,-19.1,-17.366666666666667
白酒,-13.6,-37.4,-56.4,-35.800000000000004
