code,name,industry,corr
000001,平安银行,银行,0.855
000002,万科A,房地产,0.751
000006,深振业A,房地产,0.512
000007,全新好,环境治理,0.488
000008,神州高铁,轨交设备,0.697
000009,中国宝安,电池,0.67
000011,深物业A,房地产,0.645
000012,南玻A,建筑材料,0.603
000014,沙河股份,房地产,0.575
000017,深中华A,服装家纺,0.562
000019,深粮控股,种植业与林业,0.724
000020,深华发A,家居用品,0.42
000021,深科技,半导体,0.765
000025,特力A,综合,0.521
000026,飞亚达,通用设备,0.507
000027,深圳能源,电力,0.766
000028,国药一致,医药商业,0.762
000029,深深房A,房地产,0.472
000030,富奥股份,汽车服务及其他,0.707
000031,大悦城,房地产,0.792
000032,深桑达A,其他电子,0.648
000034,神州数码,IT服务,0.676
000035,中国天楹,环境治理,0.61
000036,华联控股,包装印刷,0.514
000037,深南电A,电力,0.696
000039,中集集团,工业金属,0.47
000042,中洲控股,房地产,0.615
000045,深纺织A,包装印刷,0.573
000048,京基智农,环保设备,0.38
000049,德赛电池,电池,0.795
000050,深天马A,光学光电子,0.726
000055,方大集团,综合,0.707
000058,深赛格,零售,0.622
000059,华锦股份,石油加工贸易,0.641
000060,中金岭南,工业金属,0.857
000061,农产品,农产品加工,0.597
000062,深圳华强,其他电子,0.582
000063,中兴通讯,通信设备,0.68
000065,北方国际,建筑装饰,0.513
000066,中国长城,计算机设备,0.543
000068,华控赛格,环境治理,0.659
000069,华侨城A,房地产,0.792
000070,特发信息,通信设备,0.52
000088,盐田港,港口航运,0.773
000089,深圳机场,机场航运,0.734
000090,天健集团,房地产,0.726
000096,广聚能源,石油加工贸易,0.585
000099,中信海直,黑色家电,0.627
000100,TCL科技,光学光电子,0.645
000151,中成股份,贸易,0.619
000153,丰原药业,中药,0.779
000155,川能动力,能源金属,0.654
000156,华数传媒,文化传媒,0.805
000157,中联重科,工程机械,0.68
000158,常山北明,IT服务,0.541
000159,国际实业,石油加工贸易,0.652
000166,申万宏源,证券,0.939
000301,东方盛虹,石油加工贸易,0.594
000333,美的集团,银行,0.493
000338,潍柴动力,其他电源设备,0.52
000400,许继电气,电网设备,0.574
000401,金隅冀东,建筑材料,0.669
000402,金融街,房地产,0.801
000403,派林生物,生物制品,0.454
000404,长虹华意,小家电,0.608
000407,胜利股份,燃气,0.681
000408,藏格矿业,工业金属,0.694
000409,云鼎科技,IT服务,0.652
000410,沈阳机床,专用设备,0.602
000411,英特集团,医药商业,0.715
000415,渤海租赁,多元金融,0.535
000417,合百集团,零售,0.568
000419,通程控股,零售,0.82
000420,吉林化纤,化学纤维,0.732
000421,南京公用,燃气,0.677
000422,湖北宜化,农化制品,0.711
000423,东阿阿胶,白酒,0.449
000425,徐工机械,工程机械,0.517
000426,兴业银锡,贵金属,0.761
000428,华天酒店,旅游及酒店,0.763
000429,粤高速A,公路铁路运输,0.387
000430,张家界,旅游及酒店,0.601
000498,山东路桥,公路铁路运输,0.691
000501,武商集团,零售,0.734
000503,国新健康,软件开发,0.649
000504,南华生物,医疗服务,0.46
000505,京粮控股,种植业与林业,0.665
000506,招金黄金,贵金属,0.692
000507,珠海港,港口航运,0.763
000509,华塑控股,光学光电子,0.591
000510,新金路,小金属,0.574
000513,丽珠集团,化学制药,0.594
000514,渝开发,房地产,0.708
000516,国际医学,医疗服务,0.709
000517,荣安地产,房地产,0.781
000518,四环生物,中药,0.425
000519,中兵红箭,军工装备,0.734
000520,凤凰航运,港口航运,0.574
000521,长虹美菱,小家电,0.613
000523,红棉股份,饮料制造,0.661
000524,岭南控股,旅游及酒店,0.716
000525,红太阳,农化制品,0.41
000526,学大教育,教育,0.551
000528,柳工,工程机械,0.585
000529,广弘控股,农产品加工,0.795
000530,冰山冷热,包装印刷,0.556
000531,穗恒运A,电力,0.755
000532,华金资本,多元金融,0.69
000533,顺钠股份,电网设备,0.578
000534,万泽股份,其他电源设备,0.517
000536,华映科技,光学光电子,0.466
000537,绿发电力,电力,0.737
000538,云南白药,中药,0.636
000539,粤电力A,电力,0.706
000541,佛山照明,专用设备,0.617
000543,皖能电力,电力,0.711
000544,中原环保,公路铁路运输,0.779
000545,金浦钛业,化学原料,0.66
000546,金圆股份,能源金属,0.668
000547,航天发展,军工电子,0.684
000548,湖南投资,服装家纺,0.723
000550,江铃汽车,汽车整车,0.728
000551,创元科技,环保设备,0.612
000552,甘肃能化,煤炭开采加工,0.836
000553,安道麦A,农化制品,0.666
000554,泰山石油,油气开采及服务,0.863
000555,神州信息,IT服务,0.661
000557,西部创业,公路铁路运输,0.724
000558,天府文旅,旅游及酒店,0.641
000559,万向钱潮,电机,0.614
000560,我爱我家,房地产,0.716
000561,烽火电子,军工装备,0.626
000563,陕国投A,多元金融,0.84
000564,供销大集,零售,0.663
000565,渝三峡A,化学制品,0.568
000566,海南海药,化学制药,0.548
000567,海德股份,多元金融,0.691
000568,泸州老窖,白酒,0.874
000570,苏常柴A,环境治理,0.684
000571,新大洲A,环境治理,0.468
000572,海马汽车,汽车整车,0.609
000573,粤宏远A,房地产,0.468
000576,甘化科工,军工装备,0.631
000581,威孚高科,汽车零部件,0.526
000582,北部湾港,港口航运,0.54
000586,汇源通信,通信设备,0.623
000589,贵州轮胎,公路铁路运输,0.726
000590,古汉医药,建筑装饰,0.545
000591,太阳能,电力,0.731
000592,平潭发展,种植业与林业,0.429
000593,德龙汇能,燃气,0.449
000595,新能股份,教育,0.361
000596,古井贡酒,白酒,0.842
000597,东北制药,中药,0.717
000598,兴蓉环境,公路铁路运输,0.61
000599,青岛双星,综合,0.487
000600,建投能源,电力,0.75
000601,韶能股份,电力,0.674
000603,盛达资源,贵金属,0.759
000605,渤海股份,综合,0.583
000607,华媒控股,文化传媒,0.745
000608,阳光股份,房地产,0.503
000612,焦作万方,工业金属,0.766
000617,中油资本,多元金融,0.635
000619,海螺新材,服装家纺,0.574
000620,盈新发展,房地产,0.532
000623,吉林敖东,证券,0.865
000625,长安汽车,汽车整车,0.766
000626,远大控股,贸易,0.652
000628,高新发展,通信设备,0.513
000629,钒钛股份,工业金属,0.753
000630,铜陵有色,工业金属,0.836
000631,顺发恒能,房地产,0.59
000633,合金投资,服装家纺,0.628
000635,英力特,化学原料,0.617
000636,风华高科,元件,0.669
000637,茂化实华,石油加工贸易,0.682
000650,仁和药业,中药,0.76
000651,格力电器,银行,0.544
000652,泰达股份,综合,0.732
000655,金岭矿业,工业金属,0.71
000656,金科股份,房地产,0.35
000657,中钨高新,小金属,0.765
000659,珠海中富,包装印刷,0.489
000661,长春高新,生物制品,0.671
000663,永安林业,环境治理,0.643
000665,湖北广电,文化传媒,0.592
000668,荣丰控股,建筑装饰,0.392
000670,盈方微,其他电子,0.639
000672,上峰材料,建筑材料,0.483
000676,智度股份,软件开发,0.649
000678,襄阳轴承,电机,0.503
000679,大连友谊,零售,0.531
000680,山推股份,工程机械,0.546
000681,视觉中国,文化传媒,0.647
000682,东方电子,电网设备,0.638
000683,博源化工,化学原料,0.616
000685,中山公用,证券,0.618
000686,东北证券,证券,0.864
000688,国城矿业,能源金属,0.669
000690,宝新能源,电力,0.774
000691,亚太实业,纺织制造,0.418
000692,惠天热电,综合,0.555
000695,滨海能源,电池,0.411
000697,炼石航空,军工装备,0.565
000700,模塑科技,电机,0.608
000701,厦门信达,贸易,0.638
000702,正虹科技,农产品加工,0.635
000703,恒逸石化,石油加工贸易,0.466
000705,浙江震元,医药商业,0.738
000707,双环科技,化学原料,0.81
000708,中信特钢,农化制品,0.537
000709,河钢股份,化学原料,0.645
000710,贝瑞基因,医疗服务,0.641
000712,锦龙股份,证券,0.685
000713,国投丰乐,种植业与林业,0.837
000715,中兴商业,零售,0.685
000716,黑芝麻,食品加工制造,0.656
000717,中南股份,房地产,0.601
000718,苏宁环球,房地产,0.779
000719,中原传媒,文化传媒,0.565
000720,新能泰山,电网设备,0.515
000721,西安饮食,旅游及酒店,0.777
000722,湖南发展,电力,0.61
000723,美锦能源,煤炭开采加工,0.714
000725,京东方A,光学光电子,0.644
000726,鲁泰A,纺织制造,0.764
000727,冠捷科技,光学光电子,0.675
000728,国元证券,证券,0.913
000729,燕京啤酒,饮料制造,0.521
000731,四川美丰,农化制品,0.624
000733,振华科技,军工电子,0.695
000735,罗牛山,种植业与林业,0.643
000736,中交发展,房地产,0.627
000737,北方铜业,工业金属,0.801
000738,航发控制,军工装备,0.796
000739,普洛药业,生物制品,0.623
000750,国海证券,证券,0.88
000751,锌业股份,工业金属,0.784
000753,漳州发展,综合,0.567
000755,山西高速,公路铁路运输,0.735
000756,新华制药,化学制药,0.705
000757,浩物股份,汽车服务及其他,0.684
000758,中色股份,工业金属,0.849
000759,中百集团,零售,0.623
000761,本钢板材,房地产,0.61
000762,西藏矿业,能源金属,0.855
000766,通化金马,建筑材料,0.443
000767,晋控电力,电力,0.737
000768,中航西飞,军工装备,0.767
000776,广发证券,证券,0.854
000777,中核科技,电网设备,0.559
000778,新兴铸管,建筑材料,0.565
000779,甘咨询,建筑装饰,0.519
000782,恒申新材,化学制品,0.589
000783,长江证券,证券,0.848
000785,居然智家,零售,0.601
000786,北新建材,房地产,0.475
000788,北大医药,中药,0.695
000789,万年青,建筑材料,0.715
000790,华神科技,中药,0.757
000791,甘肃能源,电力,0.727
000792,盐湖股份,能源金属,0.778
000795,英洛华,金属新材料,0.651
000796,凯撒旅业,旅游及酒店,0.589
000797,中国武夷,房地产,0.694
000798,中水渔业,养殖业,0.58
000799,酒鬼酒,白酒,0.824
000800,一汽解放,汽车整车,0.757
000801,四川九洲,黑色家电,0.665
000802,北京文化,影视院线,0.651
000803,山高环能,环境治理,0.492
000807,云铝股份,工业金属,0.704
000809,和展能源,综合,0.411
000810,创维数字,黑色家电,0.742
000811,冰轮环境,电子化学品,0.63
000812,陕西金叶,包装印刷,0.65
000813,德展健康,化学制药,0.555
000815,美利云,通信服务,0.686
000816,智慧农业,农产品加工,0.616
000818,航锦科技,通信服务,0.594
000819,岳阳兴长,石油加工贸易,0.584
000820,神雾节能,环保设备,0.46
000822,山东海化,化学原料,0.673
000823,超声电子,元件,0.796
000825,太钢不锈,工业金属,0.661
000828,东莞控股,公路铁路运输,0.738
000829,天音控股,黑色家电,0.593
000830,鲁西化工,化学原料,0.681
000831,中国稀土,小金属,0.74
000833,粤桂股份,化学原料,0.425
000837,秦川机床,电机,0.761
000839,国安股份,通信服务,0.593
000848,承德露露,食品加工制造,0.689
000850,华茂股份,纺织制造,0.604
000852,石化机械,石油加工贸易,0.518
000856,冀东装备,纺织制造,0.512
000858,五粮液,白酒,0.875
000859,国风新材,塑料制品,0.446
000860,顺鑫农业,白酒,0.887
000862,银星能源,电力,0.778
000863,三湘印象,房地产,0.548
000868,安凯客车,汽车整车,0.722
000869,张裕A,饮料制造,0.74
000875,电投绿能,电力,0.668
000876,新希望,养殖业,0.735
000877,天山股份,建筑材料,0.658
000878,云南铜业,工业金属,0.869
000880,潍柴重机,其他电源设备,0.511
000881,中广核技,环境治理,0.587
000882,华联股份,零售,0.673
000883,湖北能源,电力,0.756
000885,城发环境,公路铁路运输,0.641
000886,海南高速,公路铁路运输,0.564
000887,中鼎股份,电机,0.665
000888,峨眉山A,旅游及酒店,0.83
000889,中嘉博创,通信服务,0.417
000890,法尔胜,环保设备,0.443
000892,欢瑞世纪,影视院线,0.66
000893,亚钾国际,农化制品,0.566
000895,双汇发展,白酒,0.52
000897,津滨发展,房地产,0.897
000898,鞍钢股份,房地产,0.672
000899,赣能股份,电力,0.772
000900,现代投资,公路铁路运输,0.744
000901,航天科技,军工电子,0.683
000902,新洋丰,农化制品,0.705
000905,厦门港务,港口航运,0.573
000906,浙商中拓,物流,0.662
000908,石药景峰,化学制药,0.142
000910,大亚圣象,家居用品,0.649
000912,泸天化,农化制品,0.626
000913,钱江摩托,汽车服务及其他,0.599
000915,华特达因,中药,0.555
000917,电广传媒,文化传媒,0.624
000919,金陵药业,中药,0.75
000920,沃顿科技,塑料制品,0.493
000921,海信家电,小家电,0.469
000922,佳电股份,电网设备,0.644
000923,河钢资源,工业金属,0.776
000925,众合科技,塑料制品,0.583
000926,福星股份,房地产,0.741
000927,中国铁物,公路铁路运输,0.694
000928,中钢国际,建筑装饰,0.631
000929,兰州黄河,建筑装饰,0.592
000930,中粮科技,农产品加工,0.669
000931,中关村,环境治理,0.641
000932,华菱钢铁,农化制品,0.557
000933,神火股份,工业金属,0.691
000935,四川双马,建筑材料,0.551
000936,华西股份,化学纤维,0.664
000937,冀中能源,煤炭开采加工,0.774
000938,紫光股份,通信设备,0.673
000948,南天信息,软件开发,0.638
000949,新乡化纤,化学纤维,0.666
000950,重药控股,医药商业,0.652
000951,中国重汽,汽车整车,0.491
000952,广济药业,中药,0.617
000953,中哲精化,纺织制造,0.499
000955,欣龙控股,纺织制造,0.6
000957,中通客车,汽车整车,0.754
000958,电投产融,多元金融,0.455
000959,首钢股份,化学原料,0.554
000960,锡业股份,小金属,0.789
000962,东方钽业,小金属,0.688
000963,华东医药,化学制药,0.679
000965,天保基建,房地产,0.683
000966,长源电力,电力,0.733
000967,盈峰环境,消费电子,0.498
000968,蓝焰控股,油气开采及服务,0.841
000969,安泰科技,金属新材料,0.69
000970,中科三环,金属新材料,0.738
000972,中基健康,农产品加工,0.487
000973,佛塑科技,电池,0.498
000975,山金国际,贵金属,0.867
000977,浪潮信息,通信设备,0.678
000978,桂林旅游,旅游及酒店,0.725
000980,众泰汽车,汽车整车,0.615
000981,山子高科,汽车零部件,0.426
000983,山西焦煤,煤炭开采加工,0.863
000985,大庆华科,石油加工贸易,0.641
000987,越秀资本,多元金融,0.794
000988,华工科技,通信设备,0.693
000989,九芝堂,中药,0.577
000990,诚志股份,化学原料,0.629
000993,闽东电力,电力,0.65
000995,皇台酒业,白酒,0.711
000997,新大陆,软件开发,0.64
000998,隆平高科,种植业与林业,0.818
000999,华润三九,中药,0.632
001201,东瑞股份,养殖业,0.774
001202,炬申股份,物流,0.556
001203,大中矿业,能源金属,0.686
001205,盛航股份,港口航运,0.587
001206,依依股份,美容护理,0.516
001207,联科科技,橡胶制品,0.561
001208,华菱线缆,电网设备,0.612
001209,洪兴股份,服装家纺,0.563
001210,金房能源,塑料制品,0.504
001211,双枪科技,家居用品,0.522
001212,中旗新材,电子化学品,0.423
001213,中铁特货,公路铁路运输,0.761
001215,千味央厨,食品加工制造,0.575
001216,华瓷股份,家居用品,0.468
001217,华尔泰,化学原料,0.6
001218,丽臣实业,化学制品,0.672
001219,青岛食品,食品加工制造,0.811
001222,源飞宠物,家居用品,0.548
001223,欧克科技,光学光电子,0.524
001225,和泰机电,医疗器械,0.468
001226,拓山重工,塑料制品,0.488
001227,兰州银行,银行,0.809
001228,永泰运,物流,0.62
001229,魅视科技,光学光电子,0.468
001230,劲旅环境,环境治理,0.55
001231,农心科技,农化制品,0.616
001234,泰慕士,服装家纺,0.453
001236,弘业期货,多元金融,0.761
001238,浙江正特,家居用品,0.549
001239,永达股份,轨交设备,0.633
001255,博菲电气,电网设备,0.457
001256,炜冈科技,专用设备,0.58
001258,立新能源,电力,0.544
001259,利仁科技,包装印刷,0.477
001260,坤泰股份,环境治理,0.593
001266,宏英智能,自动化设备,0.62
001267,汇绿生态,通信设备,0.529
001268,联合精密,白色家电,0.51
001269,欧晶科技,光伏设备,0.683
001270,铖昌科技,军工电子,0.617
001277,速达股份,医疗器械,0.508
001278,一彬科技,纺织制造,0.573
001279,强邦新材,纺织制造,0.349
001282,三联锻造,汽车零部件,0.649
001283,豪鹏科技,电池,0.598
001286,陕西能源,煤炭开采加工,0.645
001287,中电港,其他电子,0.758
001288,运机集团,专用设备,0.512
001289,龙源电力,电力,0.615
001296,长江材料,非金属材料,0.47
001298,好上好,其他电子,0.661
001299,美能能源,燃气,0.58
001300,三柏硕,家居用品,0.684
001301,尚太科技,电池,0.574
001306,夏厦精密,电机,0.744
001308,康冠科技,光学光电子,0.689
001309,德明利,半导体,0.608
001311,多利科技,汽车零部件,0.654
001313,粤海饲料,农产品加工,0.555
001314,亿道信息,消费电子,0.65
001316,润贝航科,军工装备,0.589
001317,三羊马,物流,0.525
001318,阳光乳业,饮料制造,0.69
001319,铭科精技,汽车零部件,0.707
001322,箭牌家居,家居用品,0.671
001323,慕思股份,食品加工制造,0.478
001324,长青科技,轨交设备,0.664
001326,联域股份,通用设备,0.584
001328,登康口腔,美容护理,0.609
001330,博纳影业,影视院线,0.677
001331,胜通能源,塑料制品,0.364
001332,锡装股份,专用设备,0.52
001333,光华股份,白色家电,0.528
001336,楚环科技,环保设备,0.662
001337,四川黄金,贵金属,0.879
001338,永顺泰,饮料制造,0.711
001339,智微智能,通信设备,0.628
001356,富岭股份,家居用品,0.373
001358,兴欣新材,化学制品,0.643
001359,平安电工,元件,0.616
001360,南矿集团,建筑材料,0.497
001366,播恩集团,农产品加工,0.654
001367,海森药业,化学制药,0.574
001368,通达创智,家居用品,0.561
001373,翔腾新材,专用设备,0.724
001376,百通能源,工业金属,0.518
001378,德冠新材,化学制品,0.708
001379,腾达科技,专用设备,0.648
001380,华纬科技,汽车零部件,0.663
001387,雪祺电气,白色家电,0.697
001389,广合科技,元件,0.731
001391,国货航,物流,0.582
001395,亚联机械,物流,0.36
001696,宗申动力,军工电子,0.549
001872,招商港口,港口航运,0.551
001896,豫能控股,电力,0.609
001914,招商积余,房地产,0.652
001965,招商公路,银行,0.445
001979,招商蛇口,房地产,0.674
002001,新和成,农化制品,0.512
002003,伟星股份,美容护理,0.394
002004,华邦健康,农化制品,0.638
002005,德豪润达,综合,0.324
002006,精工科技,汽车零部件,0.67
002007,华兰生物,生物制品,0.754
002008,大族激光,元件,0.684
002009,天奇股份,电机,0.694
002010,传化智联,环境治理,0.635
002011,盾安环境,白色家电,0.616
002012,凯恩股份,造纸,0.608
002014,永新股份,公路铁路运输,0.507
002015,协鑫能科,电力,0.586
002016,世荣兆业,房地产,0.628
002017,东信和平,计算机设备,0.573
002019,亿帆医药,化学制药,0.759
002020,京新药业,化学制药,0.639
002021,中捷资源,包装印刷,0.622
002022,科华生物,医疗器械,0.72
002023,海特高新,军工电子,0.735
002025,航天电器,军工电子,0.584
002026,山东威达,汽车零部件,0.645
002027,分众传媒,白酒,0.574
002028,思源电气,电网设备,0.394
002029,七匹狼,服装家纺,0.571
002030,达安基因,医疗器械,0.699
002031,巨轮智能,电机,0.613
002032,苏泊尔,银行,0.418
002033,丽江股份,旅游及酒店,0.83
002034,旺能环境,环境治理,0.59
002035,华帝股份,厨卫电器,0.724
002036,联创电子,光学光电子,0.626
002037,保利联合,建筑装饰,0.621
002038,双鹭药业,化学制药,0.637
002039,黔源电力,电力,0.589
002040,南京港,港口航运,0.701
002041,登海种业,种植业与林业,0.794
002042,华孚时尚,纺织制造,0.567
002043,兔宝宝,房地产,0.536
002044,美年健康,医疗服务,0.614
002045,国光电器,消费电子,0.556
002046,国机精工,通用设备,0.595
002047,宝鹰股份,建筑装饰,0.451
002048,宁波华翔,汽车零部件,0.604
002049,紫光国微,半导体,0.803
002050,三花智控,电机,0.686
002051,中工国际,建筑装饰,0.482
002052,同洲电子,其他电源设备,0.3
002053,云南能投,电力,0.591
002054,德美化工,化学纤维,0.57
002056,横店东磁,金属新材料,0.607
002057,中钢天源,金属新材料,0.716
002058,紫竹高科,专用设备,0.468
002059,云南旅游,旅游及酒店,0.721
002060,广东建工,电力,0.673
002061,浙江交科,公路铁路运输,0.75
002062,宏润建设,建筑装饰,0.488
002063,远光软件,IT服务,0.82
002064,华峰化学,化学原料,0.59
002065,东华软件,IT服务,0.645
002066,瑞泰科技,专用设备,0.52
002067,景兴纸业,造纸,0.578
002068,黑猫股份,橡胶制品,0.534
002069,獐子岛,养殖业,0.659
002072,凯瑞德,贸易,0.559
002073,软控股份,白色家电,0.704
002074,国轩高科,电池,0.752
002075,沙钢股份,汽车整车,0.55
002076,星光股份,家居用品,0.494
002077,大港股份,半导体,0.728
002078,太阳纸业,机场航运,0.469
002079,苏州固锝,其他电子,0.745
002080,中材科技,元件,0.67
002081,金螳螂,建筑装饰,0.492
002083,孚日股份,电池,0.478
002084,海鸥住工,种植业与林业,0.531
002085,万丰奥威,汽车零部件,0.603
002086,东方海洋,环境治理,0.504
002088,鲁阳节能,建筑材料,0.629
002090,金智科技,电网设备,0.707
002091,江苏国泰,电池,0.58
002092,中泰化学,化学原料,0.649
002093,国脉科技,通信服务,0.628
002094,青岛金王,物流,0.493
002095,生意宝,互联网电商,0.671
002096,易普力,建筑装饰,0.533
002097,山河智能,工程机械,0.626
002098,浔兴股份,纺织制造,0.587
002099,海翔药业,化学制药,0.57
002100,天康生物,养殖业,0.709
002101,广东鸿图,汽车零部件,0.7
002103,广博股份,文化传媒,0.617
002104,恒宝股份,多元金融,0.562
002105,信隆健康,汽车服务及其他,0.639
002106,莱宝高科,光学光电子,0.763
002107,沃华医药,中药,0.676
002108,沧州明珠,电池,0.554
002110,三钢闽光,公路铁路运输,0.573
002111,威海广泰,军工装备,0.735
002112,三变科技,电网设备,0.624
002114,罗平锌电,工业金属,0.699
002115,三维通信,通信服务,0.575
002116,中国海诚,建筑装饰,0.73
002117,东港股份,电机,0.531
002119,康强电子,半导体,0.708
002120,韵达股份,物流,0.623
002121,科陆电子,电网设备,0.61
002123,梦网科技,IT服务,0.568
002124,天邦食品,养殖业,0.53
002125,湘潭电化,电池,0.68
002126,银轮股份,汽车零部件,0.597
002127,南极电商,互联网电商,0.669
002128,电投能源,煤炭开采加工,0.604
002129,TCL中环,光伏设备,0.732
002130,沃尔核材,其他电子,0.583
002131,利欧股份,文化传媒,0.577
002132,恒星科技,化学制品,0.524
002133,广宇集团,房地产,0.742
002134,天津普林,元件,0.533
002135,东南网架,建筑装饰,0.631
002136,安纳达,化学原料,0.706
002137,实益达,光学光电子,0.578
002138,顺络电子,元件,0.737
002139,拓邦股份,电机,0.749
002140,东华科技,建筑装饰,0.564
002141,贤丰控股,元件,0.327
002142,宁波银行,银行,0.732
002144,宏达高科,纺织制造,0.737
002145,钛能化学,化学原料,0.694
002146,荣盛发展,房地产,0.78
002148,北纬科技,通信服务,0.626
002149,西部材料,军工电子,0.587
002150,正泰电源,光伏设备,0.555
002151,北斗星通,军工电子,0.773
002152,广电运通,计算机设备,0.747
002153,石基信息,软件开发,0.637
002154,报喜鸟,服装家纺,0.683
002155,湖南黄金,贵金属,0.766
002156,通富微电,半导体,0.725
002157,正邦科技,养殖业,0.687
002158,汉钟精机,其他电子,0.602
002159,三特索道,旅游及酒店,0.792
002160,常铝股份,工业金属,0.749
002161,远望谷,包装印刷,0.578
002162,悦心健康,家居用品,0.572
002163,海南发展,建筑装饰,0.511
002164,宁波东力,汽车零部件,0.593
002165,红宝丽,化学原料,0.54
002166,莱茵生物,中药,0.693
002167,东方锆业,小金属,0.686
002169,智光电气,其他电子,0.57
002170,芭田股份,农化制品,0.678
002171,楚江新材,金属新材料,0.646
002172,澳洋健康,中药,0.605
002173,创新医疗,医疗服务,0.494
002174,游族网络,游戏,0.656
002176,江特电机,能源金属,0.768
002177,御银股份,多元金融,0.592
002178,延华智能,软件开发,0.555
002179,中航光电,军工电子,0.665
002180,奔图科技,计算机设备,0.585
002181,粤传媒,文化传媒,0.59
002182,宝武镁业,小金属,0.712
002183,怡亚通,贸易,0.644
002184,海得控制,通用设备,0.566
002185,华天科技,半导体,0.748
002186,全聚德,旅游及酒店,0.767
002187,广百股份,零售,0.677
002188,中天服务,家居用品,0.729
002189,中光学,军工电子,0.646
002190,成飞集成,军工装备,0.61
002191,劲嘉股份,包装印刷,0.641
002192,融捷股份,能源金属,0.844
002194,武汉凡谷,通信设备,0.571
002195,岩山科技,IT服务,0.603
002196,方正电机,电机,0.698
002197,证通电子,通信服务,0.561
002199,东晶电子,黑色家电,0.429
002200,交投生态,服装家纺,0.514
002201,九鼎新材,建筑材料,0.559
002202,金风科技,风电设备,0.633
002203,海亮股份,小金属,0.512
002204,大连重工,工程机械,0.578
002205,国统股份,建筑材料,0.594
002206,海利得,化学纤维,0.735
002208,合肥城建,房地产,0.4
002209,达意隆,汽车零部件,0.614
002210,飞马国际,综合,0.505
002212,天融信,软件开发,0.664
002213,大为股份,其他电子,0.594
002215,诺普信,农化制品,0.557
002216,三全食品,食品加工制造,0.761
002218,拓日新能,光伏设备,0.526
002219,新里程,医疗服务,0.608
002221,东华能源,石油加工贸易,0.631
002222,福晶科技,通信设备,0.682
002223,鱼跃医疗,医药商业,0.52
002224,三力士,纺织制造,0.686
002225,濮耐股份,建筑材料,0.594
002226,江南化工,建筑材料,0.555
002228,合兴包装,包装印刷,0.63
002229,鸿博股份,通信服务,0.586
002230,科大讯飞,软件开发,0.759
002232,启明信息,软件开发,0.636
002233,塔牌集团,公路铁路运输,0.527
002234,民和股份,养殖业,0.827
002235,安妮股份,造纸,0.499
002236,大华股份,计算机设备,0.73
002237,恒邦股份,贵金属,0.857
002238,天威视讯,文化传媒,0.679
002239,奥特佳,汽车整车,0.675
002240,盛新锂能,能源金属,0.829
002241,歌尔股份,消费电子,0.68
002242,九阳股份,小家电,0.619
002243,力合科创,环境治理,0.626
002244,滨江集团,房地产,0.62
002245,蔚蓝锂芯,电池,0.572
002246,北化股份,军工装备,0.508
002247,聚力文化,建筑装饰,0.762
002248,华东数控,通用设备,0.588
002249,大洋电机,电机,0.71
002250,联化科技,农化制品,0.527
002251,步步高,零售,0.567
002252,上海莱士,中药,0.74
002253,川大智胜,教育,0.494
002254,泰和新材,电子化学品,0.474
002255,海陆重工,电网设备,0.571
002256,兆新股份,建筑装饰,0.432
002258,利尔化学,农化制品,0.577
002259,升达林业,服装家纺,0.415
002261,拓维信息,IT服务,0.571
002262,恩华药业,化学制药,0.573
002263,大东南,塑料制品,0.561
002264,新华都,文化传媒,0.602
002265,建设工业,军工装备,0.547
002266,浙富控股,工业金属,0.612
002267,陕天然气,燃气,0.674
002268,电科网安,软件开发,0.751
002269,美邦服饰,服装家纺,0.59
002270,华明装备,电网设备,0.573
002271,东方雨虹,建筑材料,0.664
002272,川润股份,通信设备,0.575
002273,水晶光电,消费电子,0.698
002274,华昌化工,化学原料,0.659
002275,桂林三金,中药,0.71
002276,万马股份,汽车零部件,0.576
002277,友阿股份,零售,0.53
002278,神开股份,专用设备,0.471
002279,久其软件,软件开发,0.679
002281,光迅科技,通信设备,0.735
002282,博深股份,建筑装饰,0.745
002283,天润工业,汽车零部件,0.632
002284,亚太股份,汽车零部件,0.703
002285,世联行,房地产,0.744
002286,保龄宝,饮料制造,0.544
002287,奇正藏药,中药,0.687
002289,宇顺电子,服装家纺,0.278
002290,禾盛新材,其他电子,0.54
002291,遥望科技,文化传媒,0.664
002292,奥飞娱乐,文化传媒,0.713
002293,罗莱生活,服装家纺,0.53
002294,信立泰,化学制药,0.579
002295,精艺股份,工业金属,0.571
002296,辉煌科技,白色家电,0.714
002297,博云新材,军工装备,0.577
002298,中电鑫龙,电网设备,0.519
002299,圣农发展,养殖业,0.66
002300,太阳电缆,电网设备,0.592
002301,齐心集团,家居用品,0.639
002302,西部建设,建筑材料,0.639
002303,美盈森,包装印刷,0.584
002304,洋河股份,白酒,0.819
002307,北新路桥,建筑装饰,0.55
002309,中利集团,贸易,0.286
002310,东方新能,电力,0.295
002311,海大集团,白酒,0.471
002312,川发龙蟒,农化制品,0.626
002313,日海智能,通信服务,0.541
002314,南山控股,房地产,0.72
002315,焦点科技,文化传媒,0.672
002316,亚联发展,综合,0.606
002317,众生药业,化学制药,0.622
002318,久立特材,工业金属,0.468
002319,乐通股份,环境治理,0.532
002320,海峡股份,港口航运,0.544
002321,华英农业,养殖业,0.614
002322,理工能科,电网设备,0.642
002324,普利特,塑料制品,0.671
002326,永太科技,电池,0.59
002327,富安娜,食品加工制造,0.577
002328,新朋股份,汽车零部件,0.605
002329,皇氏集团,饮料制造,0.602
002330,得利斯,食品加工制造,0.796
002331,皖通科技,IT服务,0.631
002332,仙琚制药,中药,0.716
002333,罗普斯金,建筑材料,0.582
002334,英威腾,其他电源设备,0.716
002335,科华数据,其他电源设备,0.698
002337,赛象科技,专用设备,0.715
002338,奥普光电,军工电子,0.633
002339,积成电子,电网设备,0.711
002340,格林美,能源金属,0.767
002342,巨力索具,专用设备,0.405
002343,慈文传媒,影视院线,0.763
002344,海宁皮城,公路铁路运输,0.596
002345,潮宏基,服装家纺,0.535
002346,柘中股份,电网设备,0.507
002347,泰尔股份,汽车零部件,0.509
002348,高乐股份,家居用品,0.487
002349,精华制药,中药,0.791
002350,北京科锐,电网设备,0.575
002351,漫步者,消费电子,0.652
002352,顺丰控股,物流,0.488
002353,杰瑞股份,其他电源设备,0.459
002354,天娱数科,文化传媒,0.606
002355,兴民智通,汽车零部件,0.564
002356,鹏飞绿能,建筑装饰,0.533
002357,富临运业,建筑装饰,0.537
002358,森源电气,电网设备,0.716
002361,神剑股份,军工电子,0.485
002362,汉王科技,IT服务,0.689
002363,隆基机械,汽车零部件,0.701
002364,中恒电气,其他电源设备,0.649
002365,永安药业,农产品加工,0.422
002366,融发核电,电网设备,0.503
002367,康力电梯,专用设备,0.617
002368,太极股份,软件开发,0.768
002369,卓翼科技,消费电子,0.532
002370,亚太药业,化学制药,0.625
002371,北方华创,半导体,0.73
002372,伟星新材,白酒,0.597
002373,千方科技,IT服务,0.739
002374,中锐股份,包装印刷,0.509
002375,亚厦股份,建筑装饰,0.745
002376,新北洋,计算机设备,0.727
002377,国创高新,综合,0.579
002378,章源钨业,小金属,0.75
002379,宏桥控股,工业金属,0.547
002380,科远智慧,IT服务,0.605
002381,双箭股份,纺织制造,0.799
002382,蓝帆医疗,中药,0.602
002383,合众思壮,军工电子,0.663
002384,东山精密,元件,0.689
002385,大北农,种植业与林业,0.82
002386,天原股份,化学原料,0.747
002387,维信诺,光学光电子,0.575
002388,新亚制程,光学光电子,0.537
002389,航天彩虹,军工装备,0.792
002390,信邦制药,中药,0.689
002391,长青股份,农化制品,0.729
002392,北京利尔,建筑材料,0.54
002393,力生制药,化学制药,0.673
002394,联发股份,纺织制造,0.596
002395,双象股份,家居用品,0.533
002396,星网锐捷,通信设备,0.648
002397,梦洁股份,服装家纺,0.592
002398,垒知集团,建筑材料,0.636
002399,海普瑞,化学制药,0.796
002400,省广集团,文化传媒,0.736
002401,中远海科,IT服务,0.63
002402,和而泰,白色家电,0.521
002403,爱仕达,小家电,0.544
002404,嘉欣丝绸,服装家纺,0.623
002405,四维图新,软件开发,0.727
002406,远东传动,汽车零部件,0.623
002407,多氟多,电池,0.644
002408,齐翔腾达,化学原料,0.667
002409,雅克科技,电子化学品,0.774
002410,广联达,软件开发,0.717
002412,汉森制药,中药,0.666
002413,雷科防务,军工电子,0.708
002414,高德红外,军工电子,0.666
002415,海康威视,计算机设备,0.6
002416,爱施德,汽车零部件,0.51
002418,康盛股份,其他电源设备,0.577
002419,天虹股份,零售,0.768
002420,毅昌科技,白色家电,0.647
002421,达实智能,IT服务,0.649
002422,科伦药业,化学制药,0.635
002423,中粮资本,多元金融,0.679
002425,凯撒文化,游戏,0.544
002426,胜利精密,消费电子,0.594
002427,尤夫股份,化学纤维,0.608
002428,云南锗业,小金属,0.652
002429,兆驰股份,通信设备,0.618
002430,杭氧股份,化学原料,0.422
002432,九安医疗,通信设备,0.394
002434,万里扬,汽车零部件,0.728
002436,兴森科技,元件,0.758
002437,誉衡药业,化学制药,0.702
002438,江苏神通,电网设备,0.598
002439,启明星辰,软件开发,0.776
002440,闰土股份,化学原料,0.533
002441,众业达,电网设备,0.737
002442,龙星科技,化学制品,0.596
002443,金洲管道,建筑材料,0.501
002444,巨星科技,小家电,0.442
002445,中南文化,环境治理,0.559
002446,盛路通信,军工电子,0.732
002448,中原内配,汽车零部件,0.646
002449,国星光电,光学光电子,0.628
002451,摩恩电气,电网设备,0.651
002452,长高电气,电网设备,0.633
002453,华软科技,化学制品,0.511
002454,松芝股份,汽车零部件,0.72
002455,百川股份,化学原料,0.676
002456,欧菲光,光学光电子,0.702
002457,青龙管业,建筑材料,0.507
002458,益生股份,养殖业,0.677
002459,晶澳科技,光伏设备,0.802
002460,赣锋锂业,能源金属,0.875
002461,珠江啤酒,饮料制造,0.637
002462,嘉事堂,医药商业,0.663
002463,沪电股份,元件,0.745
002465,海格通信,军工电子,0.713
002466,天齐锂业,能源金属,0.887
002467,二六三,通信服务,0.649
002468,申通快递,物流,0.464
002469,三维化学,化学原料,0.533
002470,金正大,农化制品,0.712
002471,中超控股,电网设备,0.482
002472,双环传动,电机,0.725
002474,榕基软件,IT服务,0.628
002475,立讯精密,消费电子,0.638
002476,新叶股份,石油加工贸易,0.653
002478,常宝股份,电网设备,0.558
002479,富春环保,电力,0.708
002480,新筑股份,家居用品,0.497
002481,双塔食品,食品加工制造,0.78
002482,广田集团,房地产,0.695
002483,润邦股份,专用设备,0.618
002484,江海股份,元件,0.694
002486,嘉麟杰,服装家纺,0.763
002487,大金重工,风电设备,0.626
002488,金固股份,白色家电,0.432
002489,浙江永强,家居用品,0.712
002490,山东墨龙,油气开采及服务,0.598
002491,通鼎互联,通信设备,0.617
002492,恒基达鑫,物流,0.599
002493,荣盛石化,农化制品,0.603
002494,华斯股份,服装家纺,0.797
002495,佳隆股份,零售,0.749
002496,辉丰股份,建筑装饰,0.571
002497,雅化集团,能源金属,0.74
002498,汉缆股份,电网设备,0.631
002500,山西证券,证券,0.933
002506,协鑫集成,光伏设备,0.641
002507,涪陵榨菜,食品加工制造,0.764
002508,老板电器,白酒,0.573
002510,天汽模,汽车零部件,0.543
002511,中顺洁柔,美容护理,0.694
002513,蓝丰生化,农化制品,0.56
002515,金字火腿,电子化学品,0.494
002516,旷达科技,汽车零部件,0.671
002517,恺英网络,游戏,0.73
002518,科士达,其他电源设备,0.721
002519,银河电子,军工电子,0.669
002520,日发精机,通用设备,0.64
002521,齐峰新材,造纸,0.559
002522,浙江众成,塑料制品,0.596
002523,天桥起重,专用设备,0.623
002524,光正眼科,医疗器械,0.681
002526,山东矿机,汽车零部件,0.644
002527,新时达,电机,0.687
002529,海源复材,服装家纺,0.503
002530,金财互联,文化传媒,0.554
002531,天顺风能,风电设备,0.677
002532,天山铝业,工业金属,0.724
002533,金杯电工,电网设备,0.721
002534,西子洁能,其他电源设备,0.624
002535,林州重机,服装家纺,0.674
002536,飞龙股份,元件,0.566
002537,海联金汇,多元金融,0.581
002539,云图控股,农化制品,0.711
002540,亚太科技,工业金属,0.681
002541,鸿路钢构,公路铁路运输,0.437
002543,万和电气,厨卫电器,0.664
002544,普天科技,军工电子,0.729
002545,东方铁塔,农化制品,0.597
002546,新联电子,电网设备,0.615
002548,金新农,农产品加工,0.687
002549,凯美特气,电子化学品,0.368
002550,千红制药,化学制药,0.686
002551,尚荣医疗,医疗器械,0.678
002552,宝鼎科技,元件,0.559
002553,南方精工,电机,0.575
002554,惠博普,油气开采及服务,0.708
002555,三七互娱,游戏,0.765
002556,辉隆股份,农化制品,0.745
002557,洽洽食品,食品加工制造,0.69
002565,顺灏股份,军工电子,0.496
002594,比亚迪,汽车整车,0.562
002607,中公教育,教育,0.718
002631,德尔未来,建筑材料,0.439
002645,华宏科技,金属新材料,0.65
002674,兴业科技,纺织制造,0.407
002679,福建金森,纺织制造,0.547
002682,龙洲股份,物流,0.542
002714,牧原股份,养殖业,0.629
002718,友邦吊顶,塑料制品,0.398
002812,恩捷股份,电池,0.707
002821,凯莱英,医疗服务,0.668
002832,比音勒芬,食品加工制造,0.583
002837,英维克,元件,0.649
002858,力盛体育,家居用品,0.694
002930,宏川智慧,物流,0.589
002951,金时科技,其他电源设备,0.304
002980,华盛昌,元件,0.51
003032,传智教育,教育,0.66
003035,南网能源,电力,0.63
300005,探路者,专用设备,0.581
300015,爱尔眼科,医疗器械,0.739
300017,网宿科技,通信服务,0.721
300021,大禹节水,种植业与林业,0.635
300033,同花顺,证券,0.835
300058,蓝色光标,文化传媒,0.755
300059,东方财富,证券,0.892
300131,英唐智控,其他电子,0.641
300144,宋城演艺,旅游及酒店,0.795
300164,通源石油,油气开采及服务,0.874
300182,捷成股份,文化传媒,0.805
300189,神农种业,种植业与林业,0.805
300192,科德教育,教育,0.691
300209,行云科技,互联网电商,0.466
300251,光线传媒,影视院线,0.676
300274,阳光电源,光伏设备,0.608
300285,国瓷材料,电子化学品,0.708
300308,中际旭创,元件,0.634
300364,中文在线,文化传媒,0.792
300395,菲利华,元件,0.655
300418,昆仑万维,游戏,0.678
300424,航新科技,军工装备,0.753
300442,润泽科技,通信服务,0.703
300475,香农芯创,其他电子,0.721
300498,温氏股份,养殖业,0.727
300502,新易盛,元件,0.627
300567,精测电子,半导体,0.771
300604,长川科技,半导体,0.752
300651,金陵体育,家居用品,0.52
300658,延江股份,环境治理,0.555
300699,光威复材,军工装备,0.746
300720,海川智能,电子化学品,0.516
300736,百邦科技,其他电子,0.533
300749,顶固集创,建筑材料,0.512
300750,宁德时代,电池,0.647
300759,康龙化成,医疗服务,0.824
300779,惠城环保,其他社会服务,0.356
300788,中信出版,文化传媒,0.675
300803,指南针,证券,0.814
300806,斯迪克,电子化学品,0.677
300819,聚杰微纤,塑料制品,0.546
300873,海晨股份,通用设备,0.661
300938,信测标准,自动化设备,0.571
300975,商络电子,其他电子,0.742
301073,君亭酒店,旅游及酒店,0.819
301127,武汉天源,自动化设备,0.506
301171,易点天下,文化传媒,0.65
301297,富乐德,半导体,0.611
301306,西测测试,军工电子,0.641
301357,北方长龙,军工装备,0.644
301526,国际复材,元件,0.627
600010,包钢股份,小金属,0.653
600019,宝钢股份,银行,0.55
600026,中远海能,港口航运,0.577
600028,中国石化,油气开采及服务,0.569
600029,南方航空,机场航运,0.861
600030,中信证券,证券,0.883
600036,招商银行,银行,0.801
600108,亚盛集团,种植业与林业,0.704
600111,北方稀土,小金属,0.735
600115,中国东航,机场航运,0.843
600126,杭钢股份,通信服务,0.579
600127,金健米业,种植业与林业,0.652
600150,中国船舶,军工装备,0.533
600158,中体产业,家居用品,0.562
600159,大龙地产,房地产,0.801
600176,中国巨石,电子化学品,0.603
600179,安通控股,港口航运,0.534
600186,莲花控股,通信服务,0.467
600188,兖矿能源,煤炭开采加工,0.795
600233,圆通速递,物流,0.401
600246,万通发展,半导体,0.42
600257,大湖股份,农产品加工,0.673
600258,首旅酒店,旅游及酒店,0.699
600276,恒瑞医药,化学制药,0.597
600354,敦煌种业,种植业与林业,0.818
600396,华电辽能,电力,0.61
600410,华胜天成,IT服务,0.542
600487,亨通光电,通信设备,0.611
600519,贵州茅台,白酒,0.756
600598,北大荒,种植业与林业,0.739
600611,大众交通,计算机设备,0.444
600641,先导基电,电子化学品,0.607
600667,太极实业,电子化学品,0.681
600673,东阳光,其他电源设备,0.531
600688,上海石化,石油加工贸易,0.694
600737,中粮糖业,农产品加工,0.497
600754,锦江酒店,旅游及酒店,0.74
600769,祥龙电业,包装印刷,0.467
600787,中储股份,物流,0.625
600871,石化油服,油气开采及服务,0.823
600875,东方电气,电网设备,0.61
600879,航天电子,军工电子,0.729
600887,伊利股份,白酒,0.653
600893,航发动力,军工装备,0.701
600895,张江高科,半导体,0.585
600900,长江电力,银行,0.519
600938,中国海油,油气开采及服务,0.717
600941,中国移动,银行,0.487
600984,建设机械,房地产,0.545
601006,大秦铁路,银行,0.601
601015,陕西黑猫,煤炭开采加工,0.792
601088,中国神华,煤炭开采加工,0.593
601111,中国国航,机场航运,0.845
601118,海南橡胶,农化制品,0.546
601133,柏诚股份,电子化学品,0.585
601208,东材科技,元件,0.7
601211,国泰海通,证券,0.637
601225,陕西煤业,煤炭开采加工,0.706
601233,桐昆股份,化学纤维,0.574
601288,农业银行,银行,0.677
601318,中国平安,保险,0.9
601333,广深铁路,公路铁路运输,0.689
601336,新华保险,保险,0.912
601398,工商银行,银行,0.728
601601,中国太保,保险,0.905
601669,中国电建,建筑装饰,0.522
601698,中国卫通,军工电子,0.69
601728,中国电信,银行,0.409
601816,京沪高铁,银行,0.585
601857,中国石油,油气开采及服务,0.63
601858,中国科传,文化传媒,0.692
601868,中国能建,电力,0.555
601872,招商轮船,港口航运,0.554
601888,中国中免,白酒,0.647
601899,紫金矿业,贵金属,0.754
601919,中远海控,港口航运,0.62
601969,海南矿业,化学原料,0.57
601991,大唐发电,电力,0.662
603058,永吉股份,包装印刷,0.621
603099,长白山,旅游及酒店,0.697
603127,昭衍新药,医疗服务,0.721
603226,菲林格尔,塑料制品,0.398
603259,药明康德,医疗服务,0.653
603288,海天味业,白酒,0.665
603300,海南华铁,多元金融,0.573
603318,水发燃气,燃气,0.552
603466,风语筑,文化传媒,0.63
603505,金石资源,小金属,0.589
603538,美诺华,化学制药,0.573
603588,高能环境,工业金属,0.597
603608,天创时尚,服装家纺,0.348
603629,利通电子,通信设备,0.492
603686,福龙马,汽车零部件,0.434
603687,大胜达,包装印刷,0.459
603816,顾家家居,白酒,0.495
603833,欧派家居,白酒,0.583
603929,亚翔集成,半导体,0.494
603958,哈森股份,服装家纺,0.439
603979,金诚信,工业金属,0.679
603986,兆易创新,半导体,0.7
603993,洛阳钼业,工业金属,0.791
605086,龙高股份,贸易,0.434
605090,九丰能源,燃气,0.423
605289,罗曼股份,其他电子,0.504
605299,舒华体育,家居用品,0.523
605318,法狮龙,其他电子,0.374
