2024-02-21,000001,1
2024-04-29,000002,1
2024-05-17,000002,1
2024-09-26,000002,1
2024-09-27,000002,2
2024-09-30,000002,3
2025-02-12,000002,1
2025-12-10,000002,1
2026-09-18,000002,1
2026-09-21,000002,2
2026-09-29,000002,1
2023-08-11,000006,1
2023-11-21,000006,1
2023-11-22,000006,2
2024-09-03,000006,1
2024-09-27,000006,1
2024-10-18,000006,1
2024-10-21,000006,2
2024-10-22,000006,3
2024-10-24,000006,1
2024-10-25,000006,2
2024-10-31,000006,1
2024-11-07,000006,1
2024-11-28,000006,1
2025-01-20,000006,1
2025-03-27,000006,1
2025-08-12,000006,1
2025-09-24,000006,1
2025-09-30,000006,1
2025-10-10,000006,1
2025-10-13,000006,2
2025-10-21,000006,1
2026-05-12,000006,1
2026-05-18,000006,1
2026-08-13,000006,1
2024-07-02,000007,1
2024-07-03,000007,2
2024-09-30,000007,1
2024-11-05,000007,1
2025-04-25,000007,1
2025-12-01,000007,1
2025-12-15,000007,1
2026-04-30,000007,1
2026-08-18,000007,1
2026-08-20,000007,1
2024-03-07,000008,1
2024-03-08,000008,2
2024-03-11,000008,3
2024-07-19,000008,1
2024-08-01,000008,1
2024-11-05,000008,1
2024-12-02,000008,1
2024-12-03,000008,2
2024-12-04,000008,3
2024-12-05,000008,4
2024-12-24,000008,1
2025-02-19,000008,1
2025-04-03,000008,1
2025-11-11,000008,1
2026-01-06,000008,1
2026-03-30,000008,1
2026-03-31,000008,2
2026-07-14,000008,1
2024-02-06,000009,1
2024-02-07,000009,2
2024-09-30,000009,1
2024-10-25,000009,1
2025-09-24,000009,1
2026-07-30,000009,1
2026-07-31,000009,2
2023-08-29,000011,1
2024-08-02,000011,1
2024-08-08,000011,1
2024-08-09,000011,2
2025-08-11,000011,1
2025-08-12,000011,2
2025-10-23,000011,1
2025-10-28,000011,1
2026-07-23,000011,1
2026-07-24,000011,2
2026-08-28,000011,1
2026-08-31,000011,2
2026-09-08,000011,1
2026-09-28,000011,1
2026-09-29,000011,2
2026-09-30,000011,3
2026-02-25,000012,1
2026-05-21,000012,1
2026-05-22,000012,2
2026-06-16,000012,1
2026-06-22,000012,1
2026-06-30,000012,1
2023-07-13,000014,1
2023-07-25,000014,1
2024-01-26,000014,1
2025-03-11,000014,1
2025-04-10,000014,1
2025-05-19,000014,1
2025-06-11,000014,1
2025-07-07,000014,1
2025-08-12,000014,1
2025-09-19,000014,1
2025-09-23,000014,1
2025-10-16,000014,1
2026-02-09,000014,1
2026-03-10,000014,1
2026-07-16,000014,1
2024-01-09,000017,1
2024-01-10,000017,2
2024-01-11,000017,3
2024-01-12,000017,4
2024-01-15,000017,5
2024-01-16,000017,6
2024-01-17,000017,7
2024-01-18,000017,8
2024-01-19,000017,9
2024-01-22,000017,10
2024-01-23,000017,11
2024-01-25,000017,1
2024-02-05,000017,1
2024-02-20,000017,1
2024-02-21,000017,2
2024-02-26,000017,1
2024-04-10,000017,1
2024-05-06,000017,1
2024-07-05,000017,1
2025-01-02,000017,1
2025-03-11,000017,1
2025-04-22,000017,1
2025-04-25,000017,1
2025-09-09,000017,1
2025-11-19,000017,1
2025-11-20,000017,2
2025-11-21,000017,3
2025-12-18,000017,1
2026-06-29,000017,1
2026-06-30,000017,2
2026-07-23,000017,1
2026-08-20,000017,1
2026-08-21,000017,2
2026-08-24,000017,3
2026-08-25,000017,4
2026-08-26,000017,5
2026-08-27,000017,6
2026-08-28,000017,7
2025-10-23,000019,1
2026-04-07,000019,1
2026-08-18,000019,1
2026-09-01,000019,1
2026-09-09,000019,1
2023-07-04,000020,1
2023-07-06,000020,1
2023-07-07,000020,2
2023-07-10,000020,3
2024-01-15,000020,1
2024-01-16,000020,2
2024-01-17,000020,3
2024-01-22,000020,1
2024-01-24,000020,1
2024-01-25,000020,2
2024-01-26,000020,3
2024-02-02,000020,1
2024-02-19,000020,1
2024-02-23,000020,1
2024-08-21,000020,1
2024-08-23,000020,1
2024-09-03,000020,1
2024-09-04,000020,2
2024-09-09,000020,1
2024-09-10,000020,2
2024-09-19,000020,1
2025-01-20,000020,1
2025-06-17,000020,1
2025-06-18,000020,2
2025-09-25,000020,1
2025-09-26,000020,2
2025-12-08,000020,1
2026-03-16,000020,1
2026-03-17,000020,2
2026-03-18,000020,3
2026-03-19,000020,4
2026-03-20,000020,5
2026-08-18,000020,1
2026-08-19,000020,2
2026-09-08,000020,1
2026-09-21,000020,1
2026-09-28,000020,1
2023-10-31,000021,1
2024-08-30,000021,1
2024-09-30,000021,1
2024-10-08,000021,2
2024-10-25,000021,1
2024-10-28,000021,2
2024-10-30,000021,1
2024-11-11,000021,1
2025-09-24,000021,1
2025-09-30,000021,1
2025-10-09,000021,2
2026-02-13,000021,1
2026-05-18,000021,1
2026-06-24,000021,1
2026-06-29,000021,1
2026-07-09,000021,1
2026-07-21,000021,1
2023-10-27,000025,1
2024-01-19,000025,1
2024-02-06,000025,1
2024-04-08,000025,1
2024-10-25,000025,1
2024-10-28,000025,2
2025-03-31,000025,1
2025-04-16,000025,1
2025-04-17,000025,2
2025-04-18,000025,3
2025-10-23,000025,1
2025-11-26,000025,1
2026-05-29,000025,1
2026-06-10,000025,1
2026-07-30,000025,1
2023-11-07,000026,1
2025-05-09,000026,1
2025-06-26,000026,1
2025-06-27,000026,2
2025-06-30,000026,3
2025-07-02,000026,1
2025-08-07,000026,1
2025-08-11,000026,1
2025-08-12,000026,2
2025-12-31,000026,1
2026-04-13,000026,1
2026-04-15,000026,1
2026-05-19,000026,1
2026-05-22,000026,1
2026-06-30,000026,1
2026-08-10,000026,1
2026-08-17,000026,1
2024-09-30,000027,1
2024-10-08,000027,2
2025-10-23,000027,1
2024-01-25,000028,1
2024-02-02,000029,1
2024-09-26,000029,1
2024-09-27,000029,2
2024-10-31,000029,1
2025-02-10,000029,1
2025-05-30,000029,1
2025-07-10,000029,1
2025-08-26,000029,1
2026-01-29,000029,1
2026-05-11,000029,1
2026-05-12,000029,2
2026-06-09,000029,1
2026-06-10,000029,2
2026-06-16,000029,1
2026-08-17,000029,1
2026-03-31,000030,1
2024-05-17,000031,1
2024-09-30,000031,1
2024-11-28,000031,1
2025-04-14,000031,1
2026-01-20,000031,1
2026-01-29,000031,1
2026-06-01,000031,1
2023-12-04,000032,1
2024-01-11,000032,1
2024-01-25,000032,1
2024-09-27,000032,1
2024-09-30,000032,2
2024-10-08,000032,3
2025-02-10,000032,1
2025-02-14,000032,1
2025-02-21,000032,1
2025-02-24,000032,2
2025-08-01,000032,1
2026-06-11,000032,1
2026-06-12,000032,2
2026-06-15,000032,3
2026-06-16,000032,4
2026-06-24,000032,1
2026-07-31,000032,1
2023-10-30,000034,1
2024-09-30,000034,1
2024-10-08,000034,2
2025-02-07,000034,1
2025-02-10,000034,2
2025-02-14,000034,1
2026-06-16,000034,1
2026-06-25,000034,1
2024-02-07,000035,1
2024-04-17,000035,1
2025-09-11,000035,1
2025-12-05,000035,1
2025-12-11,000035,1
2026-02-27,000035,1
2026-03-02,000035,2
2026-03-24,000035,1
2026-07-23,000035,1
2024-09-30,000036,1
2024-11-20,000036,1
2025-02-28,000036,1
2025-11-17,000036,1
2025-12-01,000036,1
2025-12-19,000036,1
2025-12-23,000036,1
2025-12-24,000036,2
2025-12-26,000036,1
2026-01-21,000036,1
2026-01-22,000036,2
2026-02-25,000036,1
2026-05-08,000036,1
2026-07-14,000036,1
2026-09-29,000036,1
2024-01-17,000037,1
2024-01-29,000037,1
2024-01-30,000037,2
2024-04-08,000037,1
2024-05-31,000037,1
2024-06-06,000037,1
2025-05-29,000037,1
2025-07-04,000037,1
2025-07-07,000037,2
2025-11-10,000037,1
2026-03-18,000037,1
2026-03-26,000037,1
2026-03-31,000037,1
2026-04-17,000037,1
2026-05-29,000037,1
2026-06-01,000037,2
2026-06-09,000037,1
2026-07-17,000037,1
2026-07-20,000037,2
2026-08-03,000037,1
2025-11-14,000039,1
2025-11-26,000039,1
2026-02-03,000039,1
2026-02-04,000039,2
2026-04-29,000039,1
2024-02-27,000042,1
2024-03-11,000042,1
2024-03-12,000042,2
2024-06-17,000042,1
2024-07-01,000042,1
2024-07-12,000042,1
2024-09-27,000042,1
2024-10-14,000042,1
2025-01-27,000042,1
2025-02-07,000042,1
2026-03-17,000042,1
2026-06-23,000042,1
2024-02-08,000045,1
2024-02-19,000045,2
2024-04-17,000045,1
2024-08-29,000045,1
2024-08-30,000045,2
2024-10-25,000045,1
2024-10-28,000045,2
2024-10-29,000045,3
2025-05-26,000045,1
2025-09-17,000045,1
2025-10-13,000045,1
2025-10-23,000045,1
2026-01-21,000045,1
2026-03-05,000045,1
2026-07-28,000045,1
2025-03-26,000048,1
2025-12-29,000048,1
2026-01-20,000048,1
2026-01-21,000048,2
2026-03-18,000048,1
2026-03-30,000048,1
2026-06-01,000048,1
2026-06-09,000048,1
2026-06-10,000048,2
2026-06-11,000048,3
2026-06-16,000048,1
2026-06-22,000048,1
2026-06-25,000048,1
2026-07-10,000048,1
2026-07-21,000048,1
2026-07-31,000048,1
2026-08-04,000048,1
2026-08-12,000048,1
2026-09-10,000048,1
2024-06-17,000049,1
2024-06-28,000049,1
2024-07-09,000049,1
2024-07-31,000049,1
2025-12-01,000049,1
2024-02-07,000050,1
2024-09-10,000050,1
2026-06-17,000050,1
2025-01-13,000055,1
2025-04-25,000055,1
2026-06-01,000055,1
2026-06-02,000055,2
2026-09-16,000055,1
2023-09-06,000058,1
2023-09-13,000058,1
2023-09-15,000058,1
2023-11-21,000058,1
2023-11-22,000058,2
2024-08-23,000058,1
2024-09-03,000058,1
2024-09-04,000058,2
2024-09-09,000058,1
2024-10-25,000058,1
2024-10-28,000058,2
2024-10-29,000058,3
2024-10-30,000058,4
2024-11-28,000058,1
2024-12-02,000058,1
2025-02-27,000058,1
2025-03-03,000058,1
2025-10-10,000058,1
2025-10-23,000058,1
2024-04-12,000059,1
2026-08-19,000059,1
2026-08-28,000059,1
2026-09-08,000059,1
2026-01-28,000060,1
2026-05-06,000060,1
2026-05-22,000060,1
2026-06-22,000060,1
2025-04-08,000061,1
2025-08-27,000061,1
2025-08-28,000061,2
2025-09-10,000061,1
2025-10-21,000061,1
2025-11-11,000061,1
2025-11-12,000061,2
2025-12-15,000061,1
2024-05-17,000062,1
2024-06-19,000062,1
2024-08-15,000062,1
2024-08-16,000062,2
2024-08-19,000062,3
2024-08-20,000062,4
2024-08-21,000062,5
2024-08-22,000062,6
2024-08-23,000062,7
2024-08-26,000062,8
2024-08-27,000062,9
2024-08-28,000062,10
2024-08-30,000062,1
2024-09-02,000062,2
2024-09-03,000062,3
2024-09-04,000062,4
2024-09-05,000062,5
2024-09-06,000062,6
2024-09-30,000062,1
2024-10-08,000062,2
2024-10-16,000062,1
2024-10-17,000062,2
2024-10-29,000062,1
2025-02-10,000062,1
2025-03-17,000062,1
2025-03-27,000062,1
2025-04-11,000062,1
2025-04-14,000062,2
2025-05-06,000062,1
2025-06-27,000062,1
2025-08-18,000062,1
2026-03-11,000062,1
2026-04-07,000062,1
2026-04-22,000062,1
2026-04-24,000062,1
2026-04-27,000062,2
2026-05-11,000062,1
2026-06-02,000062,1
2026-08-28,000062,1
2024-02-27,000063,1
2024-10-08,000063,1
2024-11-11,000063,1
2025-01-09,000063,1
2025-12-01,000063,1
2026-05-28,000063,1
2024-01-25,000065,1
2025-02-18,000065,1
2025-02-19,000065,2
2025-02-24,000065,1
2025-06-24,000065,1
2025-06-27,000065,1
2026-03-24,000065,1
2026-08-24,000065,1
2023-10-11,000066,1
2024-02-06,000066,1
2024-10-17,000066,1
2024-10-23,000066,1
2024-10-29,000066,1
2024-10-30,000066,2
2024-10-31,000066,3
2024-11-01,000066,4
2024-11-06,000066,1
2024-11-07,000066,2
2024-11-08,000066,3
2024-11-19,000066,1
2025-04-08,000066,1
2025-04-09,000066,2
2025-08-13,000066,1
2026-01-12,000066,1
2026-01-21,000066,1
2026-03-09,000066,1
2026-04-30,000066,1
2026-05-06,000066,2
2026-05-07,000066,3
2026-07-06,000066,1
2024-01-18,000068,1
2024-01-19,000068,2
2024-01-24,000068,1
2024-01-25,000068,2
2024-01-26,000068,3
2024-01-29,000068,4
2024-07-23,000068,1
2024-08-23,000068,1
2024-08-26,000068,2
2024-09-10,000068,1
2024-10-25,000068,1
2024-10-28,000068,2
2024-12-12,000068,1
2025-08-15,000068,1
2026-05-28,000068,1
2026-06-05,000068,1
2026-06-08,000068,2
2026-07-01,000068,1
2026-09-29,000068,1
2024-09-26,000069,1
2024-09-27,000069,2
2024-09-30,000069,3
2024-10-08,000069,4
2025-11-10,000069,1
2025-11-11,000069,2
2023-11-06,000070,1
2024-01-22,000070,1
2024-01-23,000070,2
2024-01-24,000070,3
2024-01-25,000070,4
2024-01-26,000070,5
2024-02-19,000070,1
2024-02-22,000070,1
2024-02-23,000070,2
2025-08-07,000070,1
2025-08-11,000070,1
2025-08-13,000070,1
2025-08-14,000070,2
2025-08-25,000070,1
2025-08-26,000070,2
2025-08-28,000070,1
2025-09-12,000070,1
2025-10-23,000070,1
2025-11-21,000070,1
2025-11-24,000070,2
2025-11-25,000070,3
2025-11-26,000070,4
2025-12-05,000070,1
2025-12-10,000070,1
2025-12-22,000070,1
2026-02-04,000070,1
2026-02-10,000070,1
2026-02-11,000070,2
2026-02-12,000070,3
2026-03-02,000070,1
2026-03-25,000070,1
2026-03-31,000070,1
2026-04-09,000070,1
2026-04-16,000070,1
2026-05-07,000070,1
2026-06-15,000070,1
2026-06-22,000070,1
2026-06-23,000070,2
2026-08-25,000070,1
2025-05-19,000088,1
2025-10-23,000090,1
2025-11-17,000090,1
2026-05-28,000090,1
2026-05-29,000090,2
2025-02-17,000096,1
2025-02-18,000096,2
2025-02-20,000096,1
2025-02-24,000096,1
2025-02-25,000096,2
2025-02-26,000096,3
2025-02-27,000096,4
2026-03-02,000096,1
2026-03-03,000096,2
2024-01-24,000099,1
2024-03-12,000099,1
2024-03-13,000099,2
2024-03-27,000099,1
2024-03-28,000099,2
2024-03-29,000099,3
2024-04-01,000099,4
2024-04-10,000099,1
2024-04-15,000099,1
2024-04-17,000099,1
2024-04-18,000099,2
2024-04-19,000099,3
2024-07-29,000099,1
2024-07-30,000099,2
2024-09-24,000099,1
2024-10-21,000099,1
2024-10-30,000099,1
2024-11-05,000099,1
2024-11-06,000099,2
2024-11-18,000099,1
2026-06-12,000099,1
2024-04-01,000100,1
2024-10-30,000100,1
2024-10-31,000100,2
2026-06-17,000100,1
2026-06-25,000100,1
2026-06-30,000100,1
2023-12-01,000151,1
2024-01-24,000151,1
2024-01-25,000151,2
2024-01-26,000151,3
2024-01-29,000151,4
2024-06-04,000151,1
2024-09-09,000151,1
2024-09-24,000151,1
2024-10-10,000151,1
2024-10-23,000151,1
2024-10-31,000151,1
2025-03-25,000151,1
2026-05-29,000151,1
2026-06-12,000151,1
2023-09-25,000153,1
2024-02-08,000153,1
2025-07-01,000153,1
2025-07-28,000153,1
2026-08-18,000153,1
2023-11-15,000155,1
2023-12-05,000155,1
2024-02-06,000155,1
2024-04-29,000155,1
2024-09-30,000155,1
2024-12-02,000155,1
2024-12-03,000155,2
2025-10-29,000155,1
2026-03-27,000155,1
2026-04-02,000155,1
2026-07-23,000155,1
2024-02-07,000156,1
2024-03-22,000156,1
2024-09-30,000156,1
2025-02-11,000156,1
2025-02-12,000156,2
2025-03-12,000156,1
2026-02-10,000156,1
2023-09-04,000158,1
2023-09-05,000158,2
2023-09-21,000158,1
2023-10-10,000158,1
2023-10-11,000158,2
2024-01-11,000158,1
2024-01-25,000158,1
2024-07-22,000158,1
2024-08-23,000158,1
2024-08-29,000158,1
2024-09-10,000158,1
2024-09-12,000158,1
2024-09-18,000158,1
2024-09-20,000158,1
2024-09-23,000158,2
2024-09-25,000158,1
2024-09-30,000158,1
2024-10-08,000158,2
2024-10-09,000158,3
2024-10-14,000158,1
2024-10-16,000158,1
2024-10-24,000158,1
2024-10-28,000158,1
2024-10-30,000158,1
2024-10-31,000158,2
2024-11-04,000158,1
2025-01-14,000158,1
2025-02-07,000158,1
2025-02-10,000158,2
2025-02-12,000158,1
2025-02-24,000158,1
2025-04-30,000158,1
2025-05-06,000158,2
2025-07-17,000158,1
2025-10-16,000158,1
2026-06-09,000158,1
2026-09-01,000158,1
2024-02-08,000159,1
2024-07-30,000159,1
2024-12-16,000159,1
2025-06-19,000159,1
2026-01-08,000159,1
2026-01-23,000159,1
2026-05-14,000159,1
2024-09-30,000166,1
2024-10-08,000166,2
2024-11-14,000301,1
2026-03-03,000301,1
2026-07-06,000301,1
2024-07-26,000338,1
2025-11-06,000338,1
2026-05-06,000338,1
2024-02-06,000400,1
2025-07-21,000400,1
2026-01-19,000400,1
2023-10-25,000401,1
2025-07-21,000401,1
2024-02-08,000402,1
2024-09-25,000402,1
2024-09-26,000402,2
2024-09-27,000402,3
2024-09-30,000402,4
2024-10-08,000402,5
2024-10-16,000402,1
2024-11-07,000402,1
2024-11-18,000402,1
2025-04-18,000402,1
2026-04-10,000402,1
2026-04-13,000402,2
2026-04-29,000402,1
2026-04-30,000402,2
2026-05-06,000402,3
2026-09-21,000402,1
2024-02-06,000403,1
2025-04-07,000403,1
2025-06-12,000403,1
2026-05-21,000403,1
2024-02-08,000404,1
2026-04-20,000404,1
2025-09-02,000407,1
2025-11-11,000407,1
2025-11-12,000407,2
2025-11-13,000407,3
2025-11-14,000407,4
2025-11-17,000407,5
2025-11-18,000407,6
2025-12-22,000407,1
2026-01-22,000407,1
2026-03-03,000407,1
2025-01-17,000408,1
2023-12-11,000409,1
2023-12-12,000409,2
2023-12-13,000409,3
2024-02-19,000409,1
2024-10-08,000409,1
2024-11-26,000409,1
2024-11-29,000409,1
2025-03-03,000409,1
2025-03-04,000409,2
2025-03-05,000409,3
2025-03-06,000409,4
2025-03-07,000409,5
2025-03-18,000409,1
2025-07-15,000409,1
2026-01-14,000409,1
2026-05-25,000409,1
2023-10-20,000410,1
2024-02-26,000410,1
2024-07-22,000410,1
2024-10-28,000410,1
2025-03-10,000410,1
2025-10-22,000410,1
2026-08-12,000410,1
2026-09-18,000410,1
2023-08-14,000411,1
2024-03-08,000411,1
2025-11-26,000411,1
2025-12-18,000411,1
2025-12-30,000411,1
2026-06-15,000411,1
2024-03-28,000415,1
2024-10-31,000415,1
2024-11-01,000415,2
2024-11-04,000415,3
2024-11-05,000415,4
2024-11-06,000415,5
2024-11-08,000415,1
2024-11-14,000415,1
2026-03-24,000415,1
2025-01-02,000417,1
2025-03-14,000417,1
2025-04-10,000417,1
2025-08-12,000417,1
2025-08-13,000417,2
2025-10-13,000417,1
2025-12-19,000417,1
2026-01-20,000417,1
2026-05-18,000417,1
2026-05-19,000417,2
2026-05-20,000417,3
2026-05-22,000417,1
2026-07-09,000417,1
2026-07-24,000417,1
2023-07-31,000419,1
2025-02-10,000419,1
2025-12-19,000419,1
2024-01-11,000420,1
2024-03-12,000420,1
2024-03-22,000420,1
2024-03-28,000420,1
2024-05-17,000420,1
2024-12-10,000420,1
2025-03-18,000420,1
2025-04-23,000420,1
2025-05-14,000420,1
2025-05-15,000420,2
2025-05-19,000420,1
2025-08-20,000420,1
2025-12-29,000420,1
2026-03-12,000420,1
2023-12-08,000421,1
2023-12-11,000421,2
2023-12-12,000421,3
2023-12-15,000421,1
2024-03-06,000421,1
2024-04-10,000421,1
2024-05-06,000421,1
2024-07-16,000421,1
2024-07-17,000421,2
2024-07-29,000421,1
2024-07-30,000421,2
2024-11-25,000421,1
2024-11-27,000421,1
2024-11-28,000421,2
2024-12-03,000421,1
2024-12-26,000421,1
2025-01-13,000421,1
2025-01-14,000421,2
2025-10-28,000421,1
2026-03-03,000421,1
2023-12-26,000422,1
2024-04-19,000422,1
2024-05-07,000422,1
2024-05-08,000422,2
2024-07-01,000422,1
2025-03-24,000422,1
2025-05-07,000422,1
2025-09-29,000422,1
2026-02-24,000422,1
2024-09-27,000423,1
2026-05-11,000425,1
2025-09-29,000426,1
2025-10-09,000426,1
2025-11-13,000426,1
2026-01-05,000426,1
2026-01-23,000426,1
2026-01-26,000426,2
2026-04-08,000426,1
2026-07-21,000426,1
2023-08-14,000428,1
2024-01-16,000428,1
2024-04-11,000428,1
2024-11-07,000428,1
2025-04-11,000428,1
2025-04-17,000428,1
2026-07-27,000428,1
2026-07-28,000428,2
2026-07-29,000428,3
2026-07-31,000428,1
2026-08-10,000428,1
2026-08-25,000428,1
2026-08-26,000428,2
2026-09-04,000428,1
2026-09-07,000428,2
2024-02-22,000430,1
2024-04-22,000430,1
2024-09-25,000430,1
2024-09-26,000430,2
2024-09-30,000430,1
2025-01-07,000430,1
2025-01-15,000430,1
2025-03-24,000430,1
2025-04-10,000430,1
2026-09-24,000498,1
2024-12-12,000501,1
2024-12-16,000501,1
2024-12-27,000501,1
2025-04-08,000501,1
2025-08-08,000501,1
2025-08-15,000501,1
2023-11-13,000503,1
2024-05-24,000503,1
2024-07-23,000503,1
2024-09-30,000503,1
2024-10-08,000503,2
2024-10-14,000503,1
2024-10-18,000503,1
2024-10-21,000503,2
2024-10-23,000503,1
2024-11-20,000503,1
2024-11-27,000503,1
2025-02-05,000503,1
2025-02-14,000503,1
2025-03-12,000503,1
2026-01-09,000503,1
2026-01-12,000503,2
2026-07-28,000503,1
2026-09-28,000503,1
2024-02-08,000504,1
2024-02-19,000504,2
2024-02-21,000504,1
2024-03-04,000504,1
2024-03-08,000504,1
2024-04-18,000504,1
2024-04-30,000504,1
2024-05-08,000504,1
2024-05-09,000504,2
2024-06-07,000504,1
2024-06-12,000504,1
2024-06-20,000504,1
2024-06-21,000504,2
2024-09-02,000504,1
2024-09-04,000504,1
2024-09-09,000504,1
2024-10-21,000504,1
2025-01-14,000504,1
2026-07-15,000504,1
2026-07-16,000504,2
2026-09-17,000504,1
2026-09-18,000504,2
2026-09-21,000504,3
2026-09-22,000504,4
2026-09-30,000504,1
2024-01-26,000505,1
2024-09-04,000505,1
2024-09-19,000505,1
2024-12-02,000505,1
2025-04-14,000505,1
2025-04-15,000505,2
2025-07-24,000505,1
2025-11-24,000505,1
2025-12-10,000505,1
2025-12-22,000505,1
2025-12-26,000505,1
2026-08-17,000505,1
2026-08-18,000505,2
2026-08-19,000505,3
2026-09-01,000505,1
2023-07-13,000506,1
2023-08-01,000506,1
2023-08-24,000506,1
2023-09-04,000506,1
2024-02-08,000506,1
2024-03-21,000506,1
2024-04-02,000506,1
2024-04-03,000506,2
2024-04-08,000506,3
2024-04-11,000506,1
2024-04-12,000506,2
2025-06-05,000506,1
2025-06-06,000506,2
2025-10-09,000506,1
2025-10-13,000506,1
2025-10-15,000506,1
2026-01-19,000506,1
2026-01-20,000506,2
2026-01-21,000506,3
2026-01-26,000506,1
2026-01-27,000506,2
2026-01-28,000506,3
2026-01-29,000506,4
2026-03-02,000506,1
2026-04-08,000506,1
2026-05-26,000506,1
2026-06-12,000506,1
2026-06-15,000506,2
2026-07-02,000506,1
2026-07-03,000506,2
2026-07-08,000506,1
2026-07-22,000506,1
2026-07-31,000506,1
2026-08-07,000506,1
2026-08-10,000506,2
2024-03-14,000507,1
2025-03-18,000507,1
2025-04-09,000507,1
2025-05-19,000507,1
2023-08-22,000509,1
2023-10-11,000509,1
2024-02-22,000509,1
2024-03-13,000509,1
2024-08-08,000509,1
2024-08-09,000509,2
2024-08-12,000509,3
2024-08-13,000509,4
2024-09-26,000509,1
2024-11-07,000509,1
2025-03-07,000509,1
2025-09-22,000509,1
2025-10-21,000509,1
2025-10-22,000509,2
2025-11-26,000509,1
2026-03-05,000509,1
2026-03-06,000509,2
2026-03-20,000509,1
2026-03-24,000509,1
2026-05-07,000509,1
2026-05-25,000509,1
2026-05-26,000509,2
2026-05-27,000509,3
2026-05-28,000509,4
2026-06-09,000509,1
2026-09-18,000509,1
2024-10-18,000510,1
2024-10-24,000510,1
2024-12-04,000510,1
2025-04-11,000510,1
2025-04-14,000510,2
2025-04-15,000510,3
2025-04-17,000510,1
2025-04-21,000510,1
2025-04-24,000510,1
2025-05-23,000510,1
2025-05-26,000510,2
2025-06-03,000510,1
2025-08-07,000510,1
2025-11-25,000510,1
2025-11-26,000510,2
2025-11-27,000510,3
2025-12-04,000510,1
2025-12-12,000510,1
2025-12-19,000510,1
2025-12-26,000510,1
2026-01-06,000510,1
2026-01-21,000510,1
2026-02-11,000510,1
2026-02-27,000510,1
2026-03-02,000510,2
2026-05-22,000510,1
2026-05-25,000510,2
2026-05-26,000510,3
2026-06-01,000510,1
2026-06-11,000510,1
2026-06-12,000510,2
2026-06-15,000510,3
2026-06-22,000510,1
2026-07-21,000510,1
2026-08-04,000510,1
2026-08-05,000510,2
2025-07-16,000513,1
2026-09-28,000513,1
2023-08-16,000514,1
2023-08-17,000514,2
2024-05-21,000514,1
2024-05-22,000514,2
2024-05-23,000514,3
2024-09-20,000514,1
2024-09-30,000514,1
2024-10-14,000514,1
2024-10-16,000514,1
2024-11-01,000514,1
2025-04-17,000514,1
2025-04-18,000514,2
2025-04-24,000514,1
2025-07-07,000514,1
2025-07-08,000514,2
2025-07-09,000514,3
2025-07-10,000514,4
2025-07-15,000514,1
2025-09-24,000514,1
2025-11-06,000514,1
2025-11-07,000514,2
2024-09-09,000516,1
2024-09-30,000516,1
2024-10-08,000516,2
2024-11-12,000516,1
2025-02-19,000516,1
2025-02-20,000516,2
2026-01-05,000516,1
2026-01-06,000516,2
2026-01-13,000516,1
2026-01-14,000516,2
2026-03-06,000516,1
2024-03-12,000517,1
2024-04-29,000517,1
2024-05-17,000517,1
2024-09-26,000517,1
2024-09-30,000517,1
2026-02-04,000517,1
2026-06-05,000517,1
2026-06-08,000517,2
2026-07-28,000517,1
2023-08-09,000518,1
2023-11-22,000518,1
2023-11-23,000518,2
2023-11-24,000518,3
2023-11-27,000518,4
2024-02-23,000518,1
2024-03-15,000518,1
2024-05-08,000518,1
2024-05-09,000518,2
2024-08-02,000518,1
2024-08-12,000518,1
2024-10-24,000518,1
2024-10-28,000518,1
2024-11-07,000518,1
2024-11-08,000518,2
2024-11-12,000518,1
2024-12-09,000518,1
2025-01-06,000518,1
2025-03-28,000518,1
2026-05-20,000518,1
2026-05-21,000518,2
2026-05-22,000518,3
2026-05-25,000518,4
2026-06-03,000518,1
2024-02-06,000519,1
2024-04-22,000519,1
2024-06-05,000519,1
2024-10-08,000519,1
2024-10-28,000519,1
2025-04-09,000519,1
2025-06-25,000519,1
2025-06-30,000519,1
2026-06-22,000519,1
2023-11-08,000520,1
2024-04-03,000520,1
2024-04-16,000520,1
2024-04-18,000520,1
2024-04-19,000520,2
2024-05-09,000520,1
2024-05-13,000520,1
2024-05-20,000520,1
2024-05-27,000520,1
2024-07-02,000520,1
2024-10-10,000520,1
2024-10-15,000520,1
2024-10-22,000520,1
2024-10-25,000520,1
2024-10-28,000520,2
2024-10-29,000520,3
2024-10-30,000520,4
2024-10-31,000520,5
2024-11-04,000520,1
2024-11-05,000520,2
2024-12-06,000520,1
2024-12-13,000520,1
2025-02-07,000520,1
2025-04-11,000520,1
2025-05-13,000520,1
2025-05-14,000520,2
2025-06-13,000520,1
2025-06-17,000520,1
2026-06-04,000520,1
2026-06-05,000520,2
2026-06-15,000520,1
2026-07-01,000520,1
2026-07-02,000520,2
2026-08-17,000520,1
2026-08-20,000520,1
2024-01-25,000521,1
2024-04-30,000521,1
2024-07-26,000521,1
2024-07-31,000521,1
2024-08-23,000521,1
2026-06-29,000521,1
2026-07-01,000521,1
2024-01-15,000523,1
2024-09-26,000523,1
2025-03-14,000523,1
2025-03-17,000523,2
2025-11-26,000523,1
2025-12-19,000523,1
2025-12-22,000523,2
2025-12-26,000523,1
2026-01-20,000523,1
2026-08-20,000523,1
2026-09-08,000523,1
2026-09-09,000523,2
2023-12-14,000524,1
2023-12-15,000524,2
2024-03-06,000524,1
2024-03-18,000524,1
2024-04-18,000524,1
2024-04-25,000524,1
2025-04-02,000524,1
2025-04-03,000524,2
2025-04-10,000524,1
2025-09-04,000524,1
2026-07-08,000524,1
2025-06-17,000525,1
2026-02-09,000525,1
2026-03-04,000525,1
2023-07-20,000526,1
2023-09-28,000526,1
2023-10-11,000526,1
2023-10-24,000526,1
2023-10-25,000526,2
2023-12-01,000526,1
2023-12-13,000526,1
2024-01-25,000526,1
2024-02-05,000526,1
2024-02-26,000526,1
2024-04-17,000526,1
2024-08-06,000526,1
2024-09-26,000526,1
2024-12-16,000526,1
2026-07-21,000526,1
2026-07-30,000526,1
2026-08-18,000526,1
2026-08-19,000526,2
2024-04-11,000528,1
2024-04-17,000528,1
2025-02-25,000528,1
2025-03-05,000528,1
2025-07-22,000528,1
2025-02-25,000529,1
2023-10-27,000530,1
2024-11-06,000530,1
2024-11-07,000530,2
2024-12-12,000530,1
2024-12-13,000530,2
2024-12-16,000530,3
2024-12-19,000530,1
2025-02-27,000530,1
2025-06-05,000530,1
2025-07-02,000530,1
2025-12-01,000530,1
2025-12-02,000530,2
2025-12-30,000530,1
2026-05-28,000530,1
2025-01-06,000531,1
2025-01-14,000531,1
2025-10-15,000531,1
2024-01-10,000532,1
2024-01-16,000532,1
2024-01-17,000532,2
2024-01-24,000532,1
2024-04-26,000532,1
2024-04-29,000532,2
2024-05-07,000532,1
2024-08-15,000532,1
2024-10-08,000532,1
2025-01-27,000532,1
2025-02-05,000532,2
2025-02-06,000532,3
2025-12-10,000532,1
2026-01-09,000532,1
2026-05-22,000532,1
2026-09-10,000532,1
2026-09-18,000532,1
2026-09-21,000532,2
2024-12-26,000533,1
2024-12-27,000533,2
2024-12-30,000533,3
2024-12-31,000533,4
2025-01-02,000533,5
2025-01-03,000533,6
2025-01-07,000533,1
2025-01-08,000533,2
2025-02-17,000533,1
2025-03-12,000533,1
2025-06-04,000533,1
2025-06-05,000533,2
2025-08-04,000533,1
2025-11-05,000533,1
2025-11-06,000533,2
2025-11-10,000533,1
2025-11-13,000533,1
2025-12-12,000533,1
2026-02-02,000533,1
2026-02-03,000533,2
2026-02-04,000533,3
2026-02-12,000533,1
2026-03-04,000533,1
2026-03-05,000533,2
2026-03-06,000533,3
2026-03-09,000533,4
2026-03-16,000533,1
2026-03-17,000533,2
2026-05-13,000533,1
2026-06-01,000533,1
2026-07-23,000533,1
2026-07-24,000533,2
2026-07-27,000533,3
2026-07-28,000533,4
2026-08-03,000533,1
2026-08-04,000533,2
2026-08-26,000533,1
2024-03-22,000534,1
2024-11-21,000534,1
2025-08-01,000534,1
2025-08-04,000534,2
2025-08-08,000534,1
2025-11-06,000534,1
2025-12-12,000534,1
2026-01-19,000534,1
2026-02-03,000534,1
2026-02-26,000534,1
2026-03-06,000534,1
2026-03-09,000534,2
2026-04-01,000534,1
2026-04-08,000534,1
2026-04-10,000534,1
2026-06-18,000534,1
2023-08-31,000536,1
2023-09-04,000536,1
2023-09-05,000536,2
2023-09-06,000536,3
2023-09-07,000536,4
2023-09-08,000536,5
2023-09-12,000536,1
2023-09-13,000536,2
2023-09-19,000536,1
2023-09-26,000536,1
2023-09-27,000536,2
2023-09-28,000536,3
2023-10-09,000536,4
2023-11-14,000536,1
2023-11-23,000536,1
2023-12-26,000536,1
2024-02-22,000536,1
2024-08-09,000536,1
2024-08-14,000536,1
2024-08-16,000536,1
2024-09-09,000536,1
2024-09-10,000536,2
2024-09-11,000536,3
2024-09-12,000536,4
2024-09-13,000536,5
2024-09-30,000536,1
2024-10-08,000536,2
2024-10-09,000536,3
2024-10-25,000536,1
2024-10-28,000536,2
2024-10-29,000536,3
2024-10-30,000536,4
2024-10-31,000536,5
2024-11-01,000536,6
2024-11-04,000536,7
2024-11-05,000536,8
2024-11-06,000536,9
2024-11-07,000536,10
2024-11-19,000536,1
2024-12-03,000536,1
2025-02-07,000536,1
2025-02-10,000536,2
2025-02-25,000536,1
2025-03-06,000536,1
2025-08-07,000536,1
2025-08-20,000536,1
2025-11-14,000536,1
2025-11-20,000536,1
2025-12-03,000536,1
2025-12-15,000536,1
2026-03-05,000536,1
2026-05-21,000536,1
2026-06-04,000536,1
2026-07-01,000536,1
2026-07-02,000536,2
2026-08-26,000536,1
2026-09-01,000536,1
2023-07-07,000537,1
2026-03-10,000537,1
2026-03-11,000537,2
2026-03-12,000537,3
2026-03-24,000537,1
2026-04-23,000537,1
2026-08-10,000537,1
2025-05-28,000539,1
2025-05-29,000539,2
2026-03-18,000539,1
2026-03-19,000539,2
2026-03-24,000539,1
2026-03-25,000539,2
2026-04-21,000539,1
2026-05-27,000539,1
2026-05-28,000539,2
2026-05-29,000539,3
2026-06-01,000539,4
2026-07-20,000539,1
2023-10-11,000541,1
2023-10-23,000541,1
2023-10-26,000541,1
2024-02-08,000541,1
2025-01-20,000541,1
2025-03-20,000541,1
2025-03-24,000541,1
2026-06-16,000541,1
2025-10-27,000543,1
2023-07-17,000544,1
2024-04-29,000544,1
2024-02-23,000545,1
2024-04-02,000545,1
2024-04-25,000545,1
2024-08-20,000545,1
2024-09-03,000545,1
2024-09-30,000545,1
2024-10-30,000545,1
2024-11-01,000545,1
2025-05-07,000545,1
2025-05-26,000545,1
2025-05-29,000545,1
2025-07-15,000545,1
2025-08-14,000545,1
2025-11-07,000545,1
2025-11-28,000545,1
2026-01-06,000545,1
2026-02-24,000545,1
2026-02-25,000545,2
2026-03-06,000545,1
2026-03-11,000545,1
2026-06-15,000545,1
2026-06-22,000545,1
2026-07-01,000545,1
2026-07-06,000545,1
2023-10-20,000546,1
2023-10-24,000546,1
2023-11-15,000546,1
2023-12-06,000546,1
2024-04-01,000546,1
2024-08-22,000546,1
2024-09-11,000546,1
2024-11-21,000546,1
2024-11-25,000546,1
2025-06-04,000546,1
2025-07-18,000546,1
2025-11-17,000546,1
2025-11-18,000546,2
2025-11-19,000546,3
2025-12-12,000546,1
2025-12-17,000546,1
2025-12-19,000546,1
2026-02-26,000546,1
2026-03-27,000546,1
2026-04-16,000546,1
2026-04-24,000546,1
2024-02-06,000547,1
2024-02-07,000547,2
2024-08-01,000547,1
2024-08-07,000547,1
2024-09-30,000547,1
2025-02-20,000547,1
2025-06-23,000547,1
2025-10-28,000547,1
2025-11-14,000547,1
2025-11-17,000547,2
2025-11-18,000547,3
2025-11-19,000547,4
2025-11-20,000547,5
2025-11-24,000547,1
2025-11-28,000547,1
2025-12-01,000547,2
2025-12-02,000547,3
2025-12-05,000547,1
2025-12-26,000547,1
2025-12-29,000547,2
2025-12-31,000547,1
2026-02-03,000547,1
2026-02-25,000547,1
2026-05-08,000547,1
2026-06-12,000547,1
2026-07-10,000547,1
2024-02-19,000548,1
2024-09-25,000548,1
2024-11-22,000548,1
2024-11-25,000548,2
2025-10-21,000548,1
2023-07-17,000550,1
2023-07-18,000550,2
2023-07-25,000550,1
2023-10-27,000550,1
2023-11-14,000550,1
2023-11-15,000550,2
2023-11-17,000550,1
2024-01-22,000550,1
2024-02-29,000550,1
2024-07-10,000550,1
2024-07-12,000550,1
2024-07-23,000550,1
2024-07-30,000550,1
2024-07-31,000550,2
2024-09-30,000550,1
2024-11-12,000550,1
2024-03-07,000551,1
2024-09-30,000551,1
2024-10-08,000551,2
2024-10-10,000551,1
2024-10-18,000551,1
2025-12-22,000551,1
2025-12-23,000551,2
2025-12-24,000551,3
2025-12-25,000551,4
2026-04-08,000551,1
2026-04-29,000551,1
2026-06-23,000551,1
2026-06-29,000551,1
2026-08-17,000551,1
2024-02-06,000553,1
2024-10-21,000553,1
2024-10-23,000553,1
2024-10-24,000553,2
2024-10-25,000553,3
2024-12-18,000553,1
2024-12-27,000553,1
2026-03-12,000553,1
2026-03-27,000553,1
2026-04-30,000553,1
2026-05-06,000553,2
2023-10-16,000554,1
2024-01-17,000554,1
2024-01-23,000554,1
2024-02-29,000554,1
2024-09-30,000554,1
2025-06-13,000554,1
2025-06-16,000554,2
2025-06-23,000554,1
2026-01-29,000554,1
2026-02-24,000554,1
2026-03-02,000554,1
2026-03-03,000554,2
2026-07-14,000554,1
2023-10-26,000555,1
2024-04-26,000555,1
2024-04-29,000555,2
2024-09-24,000555,1
2024-09-30,000555,1
2024-10-08,000555,2
2024-10-29,000555,1
2024-11-04,000555,1
2024-12-11,000555,1
2024-12-18,000555,1
2025-02-21,000555,1
2025-03-03,000555,1
2025-03-18,000555,1
2025-03-21,000555,1
2025-05-29,000555,1
2025-06-23,000555,1
2025-08-25,000555,1
2025-10-23,000555,1
2025-10-29,000555,1
2025-10-30,000555,2
2025-11-03,000555,1
2026-03-05,000555,1
2026-07-21,000555,1
2023-11-24,000557,1
2024-02-08,000557,1
2024-08-23,000557,1
2024-11-07,000557,1
2024-11-08,000557,2
2024-11-11,000557,3
2023-07-05,000558,1
2024-01-10,000558,1
2024-08-05,000558,1
2024-08-09,000558,1
2024-10-16,000558,1
2024-10-28,000558,1
2024-12-11,000558,1
2024-12-12,000558,2
2024-12-13,000558,3
2024-12-16,000558,4
2024-12-31,000558,1
2025-03-24,000558,1
2025-04-14,000558,1
2025-04-25,000558,1
2025-07-28,000558,1
2025-07-30,000558,1
2025-08-01,000558,1
2025-09-10,000558,1
2026-06-10,000558,1
2024-02-06,000559,1
2024-05-06,000559,1
2024-10-31,000559,1
2024-11-04,000559,1
2025-04-02,000559,1
2025-05-08,000559,1
2025-05-09,000559,2
2025-05-12,000559,3
2025-09-15,000559,1
2025-09-16,000559,2
2025-09-17,000559,3
2025-09-18,000559,4
2025-09-23,000559,1
2025-09-26,000559,1
2025-09-29,000559,2
2025-10-31,000559,1
2025-11-06,000559,1
2025-12-25,000559,1
2025-12-30,000559,1
2026-02-10,000559,1
2023-09-04,000560,1
2024-03-12,000560,1
2024-03-14,000560,1
2024-04-26,000560,1
2024-04-29,000560,2
2024-05-10,000560,1
2024-05-16,000560,1
2024-05-17,000560,2
2024-05-20,000560,3
2024-05-22,000560,1
2024-07-01,000560,1
2024-07-30,000560,1
2024-08-06,000560,1
2024-09-18,000560,1
2024-09-26,000560,1
2024-09-27,000560,2
2024-09-30,000560,3
2024-10-16,000560,1
2024-11-12,000560,1
2025-04-18,000560,1
2026-01-29,000560,1
2026-02-04,000560,1
2026-02-25,000560,1
2026-08-19,000560,1
2026-08-25,000560,1
2026-08-28,000560,1
2026-08-31,000560,2
2026-09-01,000560,3
2026-09-04,000560,1
2026-09-08,000560,1
2026-09-21,000560,1
2026-09-22,000560,2
2026-09-23,000560,3
2024-02-08,000561,1
2024-02-29,000561,1
2024-03-28,000561,1
2024-04-22,000561,1
2024-08-22,000561,1
2024-09-20,000561,1
2024-10-25,000561,1
2024-10-28,000561,2
2025-01-10,000561,1
2025-05-22,000561,1
2025-05-23,000561,2
2025-05-27,000561,1
2025-06-23,000561,1
2025-08-12,000561,1
2025-08-13,000561,2
2025-08-14,000561,3
2025-08-18,000561,1
2026-01-23,000561,1
2024-09-30,000563,1
2024-10-14,000563,1
2024-10-31,000563,1
2024-11-07,000563,1
2024-06-04,000564,1
2024-09-20,000564,1
2024-11-05,000564,1
2024-11-06,000564,2
2024-11-07,000564,3
2024-11-08,000564,4
2024-11-12,000564,1
2024-11-13,000564,2
2024-11-21,000564,1
2024-11-28,000564,1
2024-11-29,000564,2
2024-12-02,000564,3
2024-12-05,000564,1
2024-12-12,000564,1
2025-02-10,000564,1
2025-04-08,000564,1
2025-09-02,000564,1
2025-09-16,000564,1
2026-06-16,000564,1
2026-08-17,000564,1
2026-09-01,000564,1
2024-02-07,000565,1
2024-02-21,000565,1
2024-10-16,000565,1
2025-04-25,000565,1
2025-04-28,000565,2
2025-04-29,000565,3
2025-04-30,000565,4
2025-05-06,000565,5
2025-05-07,000565,6
2025-05-14,000565,1
2025-05-15,000565,2
2025-05-16,000565,3
2025-05-27,000565,1
2025-06-04,000565,1
2026-01-23,000565,1
2026-04-27,000565,1
2026-08-28,000565,1
2026-09-09,000565,1
2026-09-10,000565,2
2024-08-13,000566,1
2024-09-06,000566,1
2024-09-09,000566,2
2024-09-10,000566,3
2024-09-11,000566,4
2024-09-12,000566,5
2024-09-13,000566,6
2024-09-30,000566,1
2024-10-23,000566,1
2024-10-24,000566,2
2024-11-05,000566,1
2024-11-06,000566,2
2024-11-07,000566,3
2024-12-02,000566,1
2025-02-26,000566,1
2025-04-11,000566,1
2025-05-15,000566,1
2025-05-30,000566,1
2025-06-03,000566,2
2025-07-24,000566,1
2025-11-14,000566,1
2025-11-17,000566,2
2025-11-20,000566,1
2025-11-25,000566,1
2025-12-19,000566,1
2025-12-22,000566,2
2025-12-23,000566,3
2026-06-23,000566,1
2026-06-24,000566,2
2026-06-29,000566,1
2026-06-30,000566,2
2026-07-01,000566,3
2026-07-02,000566,4
2026-07-15,000566,1
2026-07-16,000566,2
2026-07-22,000566,1
2026-07-27,000566,1
2026-07-28,000566,2
2026-07-30,000566,1
2026-08-25,000566,1
2026-09-21,000566,1
2024-07-31,000567,1
2024-09-24,000567,1
2024-09-25,000567,2
2024-09-30,000567,1
2024-10-08,000567,2
2024-10-14,000567,1
2024-11-01,000567,1
2024-12-02,000567,1
2025-04-14,000567,1
2025-07-24,000567,1
2025-10-29,000567,1
2025-12-10,000567,1
2025-12-22,000567,1
2026-04-29,000567,1
2026-04-30,000567,2
2026-08-28,000567,1
2024-09-26,000568,1
2024-09-27,000568,2
2024-09-30,000568,3
2024-11-07,000568,1
2026-01-29,000568,1
2023-07-07,000570,1
2023-07-10,000570,2
2023-07-11,000570,3
2023-11-02,000570,1
2023-12-13,000570,1
2024-09-05,000570,1
2025-02-28,000570,1
2025-03-06,000570,1
2025-03-13,000570,1
2026-04-16,000570,1
2023-11-20,000571,1
2024-03-14,000571,1
2024-03-15,000571,2
2024-03-18,000571,3
2024-03-19,000571,4
2024-03-20,000571,5
2024-03-28,000571,1
2024-04-25,000571,1
2024-09-30,000571,1
2024-10-14,000571,1
2024-12-27,000571,1
2025-03-21,000571,1
2025-10-09,000571,1
2025-12-03,000571,1
2025-12-08,000571,1
2025-12-22,000571,1
2026-02-09,000571,1
2026-04-16,000571,1
2026-05-18,000571,1
2026-06-09,000571,1
2026-06-22,000571,1
2026-06-23,000571,2
2026-07-15,000571,1
2026-08-03,000571,1
2023-07-27,000572,1
2023-07-28,000572,2
2023-07-31,000572,3
2023-11-10,000572,1
2023-11-13,000572,2
2023-11-14,000572,3
2023-11-17,000572,1
2024-02-21,000572,1
2024-02-29,000572,1
2024-03-26,000572,1
2024-07-18,000572,1
2024-07-25,000572,1
2024-08-01,000572,1
2024-10-29,000572,1
2024-10-30,000572,2
2024-10-31,000572,3
2024-11-06,000572,1
2024-12-02,000572,1
2025-04-14,000572,1
2025-06-24,000572,1
2025-07-24,000572,1
2025-09-15,000572,1
2025-10-15,000572,1
2025-10-16,000572,2
2025-10-31,000572,1
2025-11-03,000572,2
2025-11-04,000572,3
2025-11-05,000572,4
2025-11-07,000572,1
2025-11-13,000572,1
2025-12-02,000572,1
2025-12-10,000572,1
2025-12-22,000572,1
2026-03-17,000572,1
2026-07-02,000572,1
2026-09-14,000572,1
2023-07-19,000573,1
2023-08-11,000573,1
2024-06-07,000573,1
2024-06-12,000573,1
2024-11-21,000573,1
2024-11-22,000573,2
2024-11-25,000573,3
2025-01-03,000573,1
2025-01-06,000573,2
2025-01-07,000573,3
2025-01-08,000573,4
2025-01-09,000573,5
2025-01-10,000573,6
2025-01-23,000573,1
2025-02-24,000573,1
2025-02-25,000573,2
2025-02-26,000573,3
2025-03-18,000573,1
2025-03-25,000573,1
2025-05-21,000573,1
2026-01-28,000573,1
2026-07-10,000573,1
2023-11-29,000576,1
2024-02-08,000576,1
2024-03-05,000576,1
2024-03-13,000576,1
2024-04-17,000576,1
2024-11-05,000576,1
2024-11-06,000576,2
2024-12-12,000576,1
2025-05-09,000576,1
2025-05-14,000576,1
2025-06-23,000576,1
2025-08-25,000576,1
2026-07-02,000576,1
2026-07-03,000576,2
2026-08-27,000576,1
2025-02-21,000581,1
2025-03-10,000581,1
2026-02-25,000581,1
2025-04-09,000582,1
2025-04-11,000582,1
2026-05-08,000582,1
2023-09-22,000586,1
2024-02-19,000586,1
2024-02-22,000586,1
2024-02-27,000586,1
2024-02-28,000586,2
2024-02-29,000586,3
2024-03-01,000586,4
2024-03-05,000586,1
2024-03-19,000586,1
2024-04-26,000586,1
2024-08-07,000586,1
2024-08-08,000586,2
2024-09-10,000586,1
2024-10-25,000586,1
2024-12-16,000586,1
2024-12-18,000586,1
2024-12-19,000586,2
2025-01-22,000586,1
2025-01-23,000586,2
2025-09-11,000586,1
2026-04-02,000586,1
2026-04-03,000586,2
2026-04-07,000586,3
2026-04-08,000586,4
2026-04-09,000586,5
2026-04-20,000586,1
2026-05-19,000586,1
2026-06-02,000586,1
2026-08-27,000586,1
2024-01-05,000590,1
2024-04-09,000590,1
2024-05-27,000590,1
2024-08-27,000590,1
2024-10-30,000590,1
2025-02-20,000590,1
2025-03-03,000590,1
2025-06-16,000590,1
2025-07-10,000590,1
2025-08-11,000590,1
2025-10-23,000590,1
2026-08-20,000590,1
2026-01-14,000591,1
2026-01-23,000591,1
2026-05-12,000591,1
2023-09-13,000592,1
2024-01-17,000592,1
2024-01-26,000592,1
2024-09-30,000592,1
2024-10-29,000592,1
2024-10-30,000592,2
2024-11-07,000592,1
2024-12-03,000592,1
2024-12-11,000592,1
2024-12-16,000592,1
2024-12-31,000592,1
2025-01-08,000592,1
2025-03-11,000592,1
2025-08-27,000592,1
2025-10-17,000592,1
2025-10-20,000592,2
2025-10-23,000592,1
2025-10-24,000592,2
2025-10-27,000592,3
2025-10-28,000592,4
2025-10-29,000592,5
2025-10-31,000592,1
2025-11-03,000592,2
2025-11-04,000592,3
2025-11-05,000592,4
2025-11-13,000592,1
2025-11-14,000592,2
2025-11-17,000592,3
2025-11-28,000592,1
2025-12-02,000592,1
2026-01-23,000592,1
2026-01-27,000592,1
2026-02-05,000592,1
2026-03-25,000592,1
2026-03-30,000592,1
2026-03-31,000592,2
2026-07-02,000592,1
2026-08-27,000592,1
2026-09-04,000592,1
2026-09-16,000592,1
2026-09-24,000592,1
2023-10-23,000593,1
2023-11-10,000593,1
2024-03-01,000593,1
2025-10-24,000593,1
2025-10-29,000593,1
2025-10-30,000593,2
2025-11-04,000593,1
2025-11-12,000593,1
2025-12-02,000593,1
2025-12-25,000593,1
2026-01-12,000593,1
2026-01-13,000593,2
2026-01-14,000593,3
2026-01-23,000593,1
2026-01-26,000593,2
2026-02-25,000593,1
2026-02-27,000593,1
2026-03-12,000593,1
2026-04-16,000593,1
2026-04-23,000593,1
2026-04-27,000593,1
2026-04-28,000593,2
2026-06-15,000593,1
2026-07-06,000593,1
2026-07-15,000593,1
2026-07-31,000593,1
2026-08-03,000593,2
2026-08-04,000593,3
2026-08-05,000593,4
2026-08-12,000593,1
2026-08-13,000593,2
2023-12-29,000595,1
2024-01-02,000595,2
2024-01-03,000595,3
2024-02-19,000595,1
2024-02-23,000595,1
2024-02-26,000595,2
2024-03-05,000595,1
2024-07-26,000595,1
2024-07-29,000595,2
2024-08-21,000595,1
2024-09-03,000595,1
2024-09-18,000595,1
2024-09-20,000595,1
2024-09-23,000595,2
2024-09-24,000595,3
2024-09-25,000595,4
2024-10-11,000595,1
2024-10-14,000595,2
2024-10-23,000595,1
2024-10-28,000595,1
2024-10-31,000595,1
2024-11-26,000595,1
2024-12-02,000595,1
2024-12-16,000595,1
2025-02-12,000595,1
2025-03-19,000595,1
2025-03-20,000595,2
2026-07-02,000595,1
2026-07-03,000595,2
2026-07-22,000595,1
2026-07-23,000595,2
2026-07-24,000595,3
2026-07-31,000595,1
2026-08-03,000595,2
2026-08-04,000595,3
2026-09-22,000595,1
2024-09-26,000596,1
2024-09-27,000596,2
2024-09-30,000596,3
2024-10-08,000596,4
2024-11-07,000596,1
2026-01-29,000596,1
2026-07-15,000596,1
2026-07-20,000596,1
2026-09-01,000596,1
2024-08-06,000597,1
2024-08-07,000597,2
2024-08-08,000597,3
2024-08-09,000597,4
2024-11-06,000597,1
2024-11-07,000597,2
2025-01-06,000597,1
2026-08-18,000597,1
2024-03-18,000599,1
2024-09-13,000599,1
2024-10-24,000599,1
2024-10-28,000599,1
2024-10-29,000599,2
2024-11-11,000599,1
2025-04-03,000599,1
2025-06-03,000599,1
2025-06-06,000599,1
2025-08-28,000599,1
2025-10-24,000599,1
2025-10-27,000599,2
2025-10-28,000599,3
2026-01-28,000599,1
2024-12-24,000600,1
2025-04-15,000600,1
2025-07-14,000600,1
2026-03-12,000600,1
2026-05-19,000600,1
2026-05-28,000600,1
2026-07-20,000600,1
2024-02-26,000601,1
2025-03-19,000601,1
2025-03-20,000601,2
2025-03-24,000601,1
2025-03-31,000601,1
2025-04-14,000601,1
2025-04-15,000601,2
2025-04-24,000601,1
2025-04-25,000601,2
2025-07-04,000601,1
2025-07-07,000601,2
2026-03-06,000601,1
2026-03-09,000601,2
2026-03-18,000601,1
2026-03-19,000601,2
2026-03-20,000601,3
2026-03-24,000601,1
2026-03-25,000601,2
2026-05-12,000601,1
2026-05-13,000601,2
2026-05-27,000601,1
2026-06-02,000601,1
2026-07-01,000601,1
2026-07-02,000601,2
2023-07-14,000603,1
2023-09-14,000603,1
2024-03-29,000603,1
2024-04-03,000603,1
2024-04-12,000603,1
2024-05-20,000603,1
2024-10-31,000603,1
2025-06-06,000603,1
2025-09-01,000603,1
2025-09-12,000603,1
2025-09-22,000603,1
2025-09-29,000603,1
2026-01-23,000603,1
2026-01-26,000603,2
2026-01-28,000603,1
2026-02-24,000603,1
2026-06-30,000603,1
2026-07-01,000603,2
2026-07-21,000603,1
2026-07-22,000603,2
2026-07-23,000603,3
2026-08-05,000603,1
2026-08-07,000603,1
2026-08-21,000603,1
2024-11-05,000605,1
2024-11-06,000605,2
2024-11-07,000605,3
2024-11-08,000605,4
2024-11-14,000605,1
2024-11-18,000605,1
2024-11-19,000605,2
2024-11-20,000605,3
2024-11-21,000605,4
2024-11-22,000605,5
2025-05-19,000605,1
2025-01-16,000607,1
2025-06-26,000607,1
2025-07-08,000607,1
2025-07-09,000607,2
2025-07-10,000607,3
2025-07-11,000607,4
2026-01-23,000607,1
2026-01-29,000607,1
2026-09-21,000607,1
2026-09-22,000607,2
2026-09-29,000607,1
2023-08-01,000608,1
2024-01-26,000608,1
2024-04-29,000608,1
2024-05-06,000608,1
2024-09-24,000608,1
2024-09-25,000608,2
2024-09-26,000608,3
2024-09-27,000608,4
2024-09-30,000608,5
2024-10-08,000608,6
2024-10-16,000608,1
2024-11-07,000608,1
2024-11-08,000608,2
2024-11-18,000608,1
2024-12-06,000608,1
2025-03-20,000608,1
2026-05-27,000608,1
2026-05-29,000608,1
2026-06-05,000608,1
2026-06-09,000608,1
2026-06-16,000608,1
2026-06-18,000608,1
2026-07-23,000608,1
2026-08-03,000608,1
2024-04-09,000612,1
2024-04-17,000612,1
2025-03-17,000612,1
2025-03-18,000612,2
2025-05-19,000612,1
2026-01-12,000612,1
2026-04-13,000612,1
2026-06-22,000612,1
2024-01-24,000617,1
2024-09-25,000617,1
2024-09-30,000617,1
2024-10-08,000617,2
2024-10-11,000617,1
2024-10-14,000617,2
2024-10-21,000617,1
2025-04-09,000617,1
2025-04-22,000617,1
2025-07-08,000617,1
2025-08-19,000617,1
2025-08-21,000617,1
2025-08-22,000617,2
2026-03-16,000617,1
2026-03-19,000617,1
2024-11-29,000619,1
2024-12-02,000619,2
2024-12-03,000619,3
2024-12-09,000619,1
2024-12-10,000619,2
2024-12-13,000619,1
2025-01-02,000619,1
2025-01-16,000619,1
2025-02-27,000619,1
2025-03-03,000619,1
2025-11-11,000619,1
2025-11-12,000619,2
2024-05-22,000620,1
2024-05-23,000620,2
2024-05-24,000620,3
2024-06-04,000620,1
2024-09-30,000620,1
2024-11-05,000620,1
2024-11-06,000620,2
2024-11-07,000620,3
2024-12-11,000620,1
2024-12-12,000620,2
2025-01-21,000620,1
2025-04-18,000620,1
2025-04-21,000620,2
2025-10-21,000620,1
2025-10-22,000620,2
2025-10-23,000620,3
2025-10-24,000620,4
2025-10-27,000620,5
2025-10-28,000620,6
2025-11-03,000620,1
2025-11-04,000620,2
2025-11-05,000620,3
2025-11-10,000620,1
2025-11-14,000620,1
2025-11-17,000620,2
2025-11-25,000620,1
2025-12-15,000620,1
2026-01-06,000620,1
2026-01-07,000620,2
2026-01-16,000620,1
2026-01-28,000620,1
2026-03-16,000620,1
2026-04-14,000620,1
2026-05-06,000620,1
2026-06-08,000620,1
2026-06-26,000620,1
2026-06-30,000620,1
2026-07-01,000620,2
2026-07-10,000620,1
2026-08-14,000620,1
2026-08-18,000620,1
2026-08-24,000620,1
2026-09-08,000620,1
2024-09-30,000623,1
2024-10-08,000623,2
2023-07-25,000625,1
2023-11-27,000625,1
2023-11-28,000625,2
2024-11-11,000625,1
2023-12-04,000626,1
2024-02-21,000626,1
2024-08-01,000626,1
2024-09-30,000626,1
2024-10-22,000626,1
2024-10-23,000626,2
2024-10-28,000626,1
2024-11-21,000626,1
2024-11-22,000626,2
2024-12-05,000626,1
2025-04-10,000626,1
2025-04-11,000626,2
2025-04-14,000626,3
2025-04-21,000626,1
2025-07-18,000626,1
2025-10-14,000626,1
2025-10-15,000626,2
2025-10-16,000626,3
2025-10-17,000626,4
2025-10-20,000626,5
2026-03-11,000626,1
2026-04-10,000626,1
2026-06-01,000626,1
2026-08-28,000626,1
2023-10-19,000628,1
2023-10-20,000628,2
2023-10-23,000628,3
2023-10-24,000628,4
2023-10-25,000628,5
2023-10-26,000628,6
2023-10-27,000628,7
2023-10-30,000628,8
2023-10-31,000628,9
2023-11-01,000628,10
2023-11-02,000628,11
2023-11-07,000628,1
2023-12-01,000628,1
2024-01-11,000628,1
2024-01-15,000628,1
2024-02-08,000628,1
2024-02-19,000628,2
2024-02-20,000628,3
2024-02-22,000628,1
2024-02-23,000628,2
2024-02-27,000628,1
2024-02-29,000628,1
2024-03-04,000628,1
2024-03-05,000628,2
2024-04-17,000628,1
2024-04-24,000628,1
2024-04-26,000628,1
2024-05-14,000628,1
2024-05-20,000628,1
2024-06-21,000628,1
2024-09-09,000628,1
2024-09-30,000628,1
2024-10-08,000628,2
2024-10-14,000628,1
2024-10-15,000628,2
2024-10-16,000628,3
2024-10-30,000628,1
2025-04-18,000628,1
2025-05-19,000628,1
2025-08-11,000628,1
2025-08-18,000628,1
2025-08-22,000628,1
2026-01-08,000628,1
2026-02-12,000628,1
2026-02-27,000628,1
2026-04-30,000628,1
2026-05-28,000628,1
2026-08-21,000628,1
2026-09-02,000628,1
2024-02-06,000629,1
2024-09-30,000629,1
2024-12-09,000629,1
2025-09-29,000629,1
2025-11-05,000629,1
2026-01-06,000629,1
2026-01-26,000629,1
2025-08-06,000630,1
2025-10-09,000630,1
2026-01-23,000630,1
2026-01-26,000630,2
2026-01-28,000630,1
2026-01-29,000630,2
2026-05-22,000630,1
2026-06-12,000630,1
2023-10-20,000631,1
2023-10-23,000631,2
2023-10-24,000631,3
2023-10-25,000631,4
2023-10-26,000631,5
2023-10-27,000631,6
2024-10-31,000631,1
2024-11-29,000631,1
2025-01-13,000631,1
2025-01-14,000631,2
2025-11-11,000631,1
2025-11-12,000631,2
2026-03-31,000631,1
2026-06-11,000631,1
2023-09-18,000633,1
2023-09-22,000633,1
2023-11-24,000633,1
2024-08-27,000633,1
2024-08-28,000633,2
2025-01-13,000633,1
2025-03-26,000633,1
2025-03-27,000633,2
2025-06-23,000633,1
2025-07-01,000633,1
2025-11-13,000633,1
2025-11-14,000633,2
2025-11-18,000633,1
2025-11-28,000633,1
2024-01-04,000635,1
2024-01-18,000635,1
2024-01-19,000635,2
2024-02-19,000635,1
2024-02-22,000635,1
2024-02-28,000635,1
2024-10-28,000635,1
2024-11-04,000635,1
2024-11-08,000635,1
2024-12-18,000635,1
2025-07-10,000635,1
2025-11-19,000635,1
2026-01-07,000635,1
2026-02-24,000635,1
2026-09-01,000635,1
2026-09-02,000635,2
2024-02-06,000636,1
2024-02-07,000636,2
2024-02-08,000636,3
2024-07-11,000636,1
2025-09-05,000636,1
2025-10-24,000636,1
2026-02-05,000636,1
2026-02-24,000636,1
2026-02-25,000636,2
2026-05-11,000636,1
2026-05-19,000636,1
2026-05-22,000636,1
2026-05-25,000636,2
2026-05-28,000636,1
2026-06-09,000636,1
2026-06-15,000636,1
2026-06-25,000636,1
2026-07-14,000636,1
2026-07-27,000636,1
2026-07-29,000636,1
2026-09-11,000636,1
2024-07-17,000637,1
2024-11-05,000637,1
2025-03-26,000637,1
2025-05-14,000637,1
2025-05-15,000637,2
2025-06-19,000637,1
2025-06-20,000637,2
2025-06-23,000637,3
2025-10-21,000637,1
2025-10-22,000637,2
2025-10-24,000637,1
2026-03-02,000637,1
2025-08-20,000650,1
2025-08-21,000650,2
2024-09-30,000652,1
2024-10-08,000652,2
2024-10-14,000652,1
2024-10-28,000652,1
2025-11-26,000652,1
2026-04-07,000652,1
2024-02-08,000655,1
2024-10-28,000655,1
2025-03-11,000655,1
2025-07-08,000655,1
2025-07-09,000655,2
2025-07-10,000655,3
2025-10-09,000655,1
2023-07-06,000656,1
2023-07-21,000656,1
2023-07-24,000656,2
2023-07-25,000656,3
2023-07-26,000656,4
2023-07-31,000656,1
2023-08-28,000656,1
2023-08-29,000656,2
2023-10-20,000656,1
2023-10-30,000656,1
2023-11-21,000656,1
2023-11-23,000656,1
2023-12-21,000656,1
2024-02-19,000656,1
2026-07-02,000656,1
2026-07-03,000656,2
2026-07-06,000656,3
2026-08-10,000656,1
2024-01-10,000657,1
2024-02-06,000657,1
2024-03-15,000657,1
2024-05-06,000657,1
2025-07-22,000657,1
2025-07-24,000657,1
2025-10-28,000657,1
2025-10-29,000657,2
2025-11-05,000657,1
2026-01-21,000657,1
2026-01-26,000657,1
2026-02-11,000657,1
2026-02-25,000657,1
2026-02-27,000657,1
2026-04-16,000657,1
2026-04-29,000657,1
2026-05-22,000657,1
2026-06-15,000657,1
2026-06-18,000657,1
2026-06-22,000657,2
2026-08-05,000657,1
2024-02-26,000659,1
2024-02-27,000659,2
2024-10-25,000659,1
2024-12-03,000659,1
2024-12-12,000659,1
2025-03-05,000659,1
2025-09-09,000659,1
2025-12-26,000659,1
2025-12-29,000659,2
2026-01-27,000659,1
2026-02-11,000659,1
2026-03-25,000659,1
2026-04-10,000659,1
2026-05-08,000659,1
2026-07-28,000659,1
2026-08-25,000659,1
2024-09-27,000661,1
2024-09-30,000661,2
2024-10-08,000661,3
2025-07-03,000661,1
2025-09-01,000661,1
2025-09-02,000661,2
2026-02-25,000661,1
2024-07-12,000663,1
2024-09-30,000663,1
2024-12-19,000663,1
2025-02-17,000663,1
2025-11-17,000663,1
2025-11-19,000663,1
2025-11-20,000663,2
2025-11-24,000663,1
2024-03-04,000665,1
2024-06-13,000665,1
2024-10-29,000665,1
2024-12-06,000665,1
2024-12-18,000665,1
2024-12-31,000665,1
2025-03-06,000665,1
2025-03-07,000665,2
2025-03-10,000665,3
2025-03-11,000665,4
2025-03-12,000665,5
2025-04-30,000665,1
2025-06-05,000665,1
2025-07-25,000665,1
2025-08-05,000665,1
2025-10-21,000665,1
2025-11-17,000665,1
2025-12-30,000665,1
2026-08-12,000665,1
2024-02-19,000668,1
2024-02-20,000668,2
2024-02-21,000668,3
2024-04-29,000668,1
2024-06-07,000668,1
2024-07-02,000668,1
2024-09-11,000668,1
2024-10-10,000668,1
2024-10-29,000668,1
2024-11-05,000668,1
2025-01-07,000668,1
2025-01-09,000668,1
2025-01-27,000668,1
2025-03-10,000668,1
2025-04-14,000668,1
2025-04-16,000668,1
2025-04-17,000668,2
2026-06-05,000668,1
2026-07-23,000668,1
2026-07-24,000668,2
2026-07-29,000668,1
2026-08-13,000668,1
2026-09-30,000668,1
2023-07-11,000670,1
2023-07-21,000670,1
2023-08-30,000670,1
2023-10-19,000670,1
2023-11-01,000670,1
2023-11-23,000670,1
2023-11-24,000670,2
2023-12-07,000670,1
2024-02-08,000670,1
2024-02-29,000670,1
2024-03-05,000670,1
2024-05-16,000670,1
2024-08-01,000670,1
2024-09-26,000670,1
2024-10-08,000670,1
2024-10-30,000670,1
2024-10-31,000670,2
2024-11-08,000670,1
2024-11-11,000670,2
2024-11-19,000670,1
2024-11-28,000670,1
2024-12-11,000670,1
2024-12-20,000670,1
2025-04-11,000670,1
2025-04-14,000670,2
2025-04-22,000670,1
2025-05-20,000670,1
2025-07-03,000670,1
2025-08-07,000670,1
2026-01-20,000670,1
2026-01-21,000670,2
2026-01-22,000670,3
2026-03-20,000670,1
2026-04-10,000670,1
2026-05-22,000670,1
2026-06-04,000670,1
2026-06-09,000670,1
2026-07-24,000670,1
2026-08-17,000670,1
2026-09-16,000670,1
2024-10-21,000672,1
2025-07-21,000672,1
2025-07-22,000672,2
2025-09-24,000672,1
2025-09-30,000672,1
2025-12-31,000672,1
2026-05-11,000672,1
2026-05-12,000672,2
2026-05-18,000672,1
2026-06-17,000672,1
2026-07-09,000672,1
2023-10-10,000676,1
2023-10-30,000676,1
2023-10-31,000676,2
2023-11-02,000676,1
2023-11-21,000676,1
2023-12-29,000676,1
2024-01-11,000676,1
2024-01-12,000676,2
2024-06-18,000676,1
2024-09-19,000676,1
2024-09-30,000676,1
2024-10-08,000676,2
2024-10-21,000676,1
2024-10-22,000676,2
2024-10-23,000676,3
2024-11-11,000676,1
2025-08-22,000676,1
2025-09-01,000676,1
2026-07-15,000676,1
2026-07-16,000676,2
2026-07-17,000676,3
2026-07-27,000676,1
2026-07-31,000676,1
2026-09-22,000676,1
2023-08-31,000678,1
2024-01-02,000678,1
2024-02-02,000678,1
2024-02-21,000678,1
2024-08-20,000678,1
2024-08-21,000678,2
2024-09-06,000678,1
2024-09-13,000678,1
2024-09-19,000678,1
2024-09-30,000678,1
2024-11-05,000678,1
2024-12-10,000678,1
2024-12-24,000678,1
2025-02-28,000678,1
2025-03-04,000678,1
2025-03-10,000678,1
2025-03-11,000678,2
2025-03-12,000678,3
2025-03-13,000678,4
2025-03-17,000678,1
2025-03-18,000678,2
2025-03-19,000678,3
2025-03-20,000678,4
2025-04-23,000678,1
2025-05-07,000678,1
2025-05-12,000678,1
2025-05-14,000678,1
2025-07-14,000678,1
2025-11-25,000678,1
2025-11-28,000678,1
2025-12-10,000678,1
2026-03-31,000678,1
2026-05-08,000678,1
2026-08-18,000678,1
2026-09-24,000678,1
2026-09-28,000678,2
2026-09-29,000678,3
2026-09-30,000678,4
2023-07-20,000679,1
2023-07-24,000679,1
2023-09-18,000679,1
2023-09-25,000679,1
2023-10-24,000679,1
2024-01-09,000679,1
2024-02-21,000679,1
2024-06-12,000679,1
2024-06-18,000679,1
2024-07-03,000679,1
2024-07-04,000679,2
2024-07-11,000679,1
2024-07-17,000679,1
2024-07-22,000679,1
2024-08-05,000679,1
2024-08-06,000679,2
2024-08-30,000679,1
2024-09-30,000679,1
2024-11-07,000679,1
2024-11-14,000679,1
2024-11-20,000679,1
2024-11-21,000679,2
2024-11-29,000679,1
2024-12-11,000679,1
2024-12-13,000679,1
2024-12-16,000679,2
2024-12-30,000679,1
2025-01-13,000679,1
2025-01-14,000679,2
2025-02-17,000679,1
2025-04-08,000679,1
2025-07-21,000679,1
2025-10-27,000679,1
2026-06-16,000679,1
2026-06-17,000679,2
2026-09-08,000679,1
2023-10-16,000680,1
2023-10-25,000680,1
2024-01-25,000680,1
2024-03-26,000680,1
2024-05-06,000680,1
2024-06-12,000680,1
2025-03-05,000680,1
2025-07-28,000680,1
2023-11-20,000681,1
2023-12-07,000681,1
2024-02-19,000681,1
2024-10-31,000681,1
2024-12-03,000681,1
2024-12-06,000681,1
2024-12-09,000681,2
2024-12-11,000681,1
2024-12-12,000681,2
2024-12-13,000681,3
2025-01-24,000681,1
2025-01-27,000681,2
2025-02-12,000681,1
2025-02-13,000681,2
2025-03-06,000681,1
2025-05-08,000681,1
2025-10-09,000681,1
2025-11-18,000681,1
2025-11-21,000681,1
2026-01-12,000681,1
2026-01-13,000681,2
2026-01-15,000681,1
2026-02-10,000681,1
2026-06-01,000681,1
2026-06-09,000681,1
2024-02-06,000682,1
2024-04-22,000682,1
2025-08-25,000682,1
2026-06-22,000682,1
2024-02-06,000683,1
2024-09-30,000683,1
2025-07-21,000683,1
2024-09-30,000685,1
2024-10-08,000685,2
2025-09-24,000685,1
2026-05-18,000685,1
2024-09-30,000686,1
2024-10-08,000686,2
2025-11-10,000686,1
2024-01-26,000688,1
2024-07-11,000688,1
2024-09-30,000688,1
2024-12-16,000688,1
2025-03-03,000688,1
2025-11-10,000688,1
2025-11-11,000688,2
2025-11-13,000688,1
2025-11-17,000688,1
2025-12-17,000688,1
2025-12-26,000688,1
2026-01-21,000688,1
2026-03-24,000688,1
2026-04-13,000688,1
2026-06-11,000688,1
2026-07-23,000688,1
2026-03-25,000690,1
2026-04-21,000690,1
2023-07-04,000691,1
2023-07-06,000691,1
2024-01-04,000691,1
2024-03-15,000691,1
2024-04-02,000691,1
2024-04-22,000691,1
2024-04-23,000691,2
2024-04-24,000691,3
2024-04-25,000691,4
2024-05-08,000691,1
2025-01-14,000691,1
2025-04-22,000691,1
2025-04-25,000691,1
2025-04-28,000691,2
2026-06-23,000691,1
2024-05-29,000692,1
2024-06-04,000692,1
2024-06-05,000692,2
2024-10-29,000692,1
2024-11-04,000692,1
2024-12-16,000692,1
2024-12-18,000692,1
2025-10-20,000692,1
2025-12-03,000692,1
2025-12-04,000692,2
2026-03-26,000692,1
2026-04-29,000692,1
2026-05-28,000692,1
2026-08-06,000692,1
2026-08-12,000692,1
2026-08-13,000692,2
2026-09-30,000692,1
2024-02-08,000695,1
2024-05-09,000695,1
2024-10-24,000695,1
2024-11-12,000695,1
2024-11-13,000695,2
2024-11-18,000695,1
2024-11-20,000695,1
2024-11-22,000695,1
2024-11-25,000695,2
2025-02-14,000695,1
2025-02-21,000695,1
2025-03-03,000695,1
2025-05-19,000695,1
2025-05-20,000695,2
2025-05-21,000695,3
2025-05-22,000695,4
2025-05-23,000695,5
2025-05-28,000695,1
2025-06-03,000695,1
2025-06-05,000695,1
2025-06-20,000695,1
2025-11-10,000695,1
2025-11-17,000695,1
2025-11-28,000695,1
2025-12-23,000695,1
2026-01-06,000695,1
2026-03-27,000695,1
2026-04-07,000695,1
2026-05-20,000695,1
2026-06-17,000695,1
2026-08-13,000695,1
2026-08-25,000695,1
2024-05-17,000697,1
2024-05-20,000697,2
2024-07-29,000697,1
2024-09-24,000697,1
2024-10-14,000697,1
2024-11-05,000697,1
2024-11-06,000697,2
2024-12-27,000697,1
2025-01-06,000697,1
2025-03-04,000697,1
2025-03-11,000697,1
2025-04-09,000697,1
2026-05-07,000697,1
2023-07-28,000700,1
2023-08-29,000700,1
2023-10-12,000700,1
2023-10-13,000700,2
2024-02-08,000700,1
2024-07-11,000700,1
2024-11-07,000700,1
2025-06-27,000700,1
2025-08-13,000700,1
2025-08-14,000700,2
2025-08-20,000700,1
2025-09-16,000700,1
2025-09-17,000700,2
2025-10-31,000700,1
2025-11-06,000700,1
2025-12-29,000700,1
2025-12-30,000700,2
2026-01-21,000700,1
2026-05-07,000700,1
2026-06-02,000700,1
2026-06-03,000700,2
2026-06-15,000700,1
2026-07-02,000700,1
2023-08-10,000701,1
2023-08-22,000701,1
2024-03-28,000701,1
2024-03-29,000701,2
2024-04-01,000701,3
2024-04-02,000701,4
2024-04-03,000701,5
2024-07-29,000701,1
2024-10-29,000701,1
2024-11-07,000701,1
2025-01-13,000701,1
2025-03-05,000701,1
2025-03-13,000701,1
2025-04-10,000701,1
2025-06-05,000701,1
2025-06-06,000701,2
2025-06-12,000701,1
2025-11-25,000701,1
2025-12-08,000701,1
2024-02-21,000702,1
2024-05-14,000702,1
2024-05-20,000702,1
2024-05-21,000702,2
2024-05-22,000702,3
2024-05-23,000702,4
2024-05-24,000702,5
2024-06-03,000702,1
2024-08-08,000702,1
2024-09-13,000702,1
2024-09-30,000702,1
2024-10-14,000702,1
2024-10-16,000702,1
2024-10-18,000702,1
2024-10-21,000702,2
2024-10-25,000702,1
2024-10-28,000702,2
2025-01-06,000702,1
2025-02-13,000702,1
2025-05-19,000702,1
2025-06-11,000702,1
2025-07-11,000702,1
2025-08-08,000702,1
2026-09-04,000702,1
2024-02-06,000703,1
2025-12-02,000703,1
2025-12-30,000703,1
2026-03-05,000703,1
2026-03-23,000703,1
2026-04-07,000703,1
2026-07-14,000703,1
2023-08-11,000705,1
2023-12-13,000705,1
2023-12-14,000705,2
2023-12-20,000705,1
2023-12-29,000705,1
2024-09-23,000705,1
2025-07-16,000705,1
2025-07-17,000705,2
2024-09-30,000709,1
2023-08-16,000710,1
2023-11-20,000710,1
2023-11-21,000710,2
2023-11-22,000710,3
2023-12-05,000710,1
2024-02-19,000710,1
2024-03-18,000710,1
2024-03-19,000710,2
2024-03-20,000710,3
2024-03-21,000710,4
2024-04-25,000710,1
2024-08-12,000710,1
2024-09-30,000710,1
2024-11-25,000710,1
2024-12-09,000710,1
2025-02-07,000710,1
2025-02-10,000710,2
2025-02-14,000710,1
2025-02-17,000710,2
2025-02-19,000710,1
2025-03-03,000710,1
2025-03-04,000710,2
2025-03-06,000710,1
2025-04-11,000710,1
2025-05-13,000710,1
2025-05-23,000710,1
2025-07-04,000710,1
2025-08-22,000710,1
2026-01-13,000710,1
2026-05-08,000710,1
2026-08-04,000710,1
2026-08-10,000710,1
2026-08-20,000710,1
2026-08-21,000710,2
2026-09-24,000710,1
2026-09-30,000710,1
2023-08-25,000712,1
2023-08-28,000712,2
2023-10-19,000712,1
2023-10-20,000712,2
2023-10-24,000712,1
2023-11-06,000712,1
2024-04-26,000712,1
2024-07-22,000712,1
2024-07-23,000712,2
2024-07-25,000712,1
2024-07-26,000712,2
2024-07-31,000712,1
2024-08-01,000712,2
2024-08-13,000712,1
2024-09-24,000712,1
2024-09-27,000712,1
2024-09-30,000712,2
2024-10-08,000712,3
2024-11-26,000712,1
2024-11-27,000712,2
2024-11-28,000712,3
2024-11-29,000712,4
2025-05-14,000712,1
2025-07-24,000712,1
2026-05-11,000712,1
2026-08-05,000712,1
2026-08-26,000712,1
2026-08-27,000712,2
2026-08-28,000712,3
2026-08-31,000712,4
2024-08-08,000713,1
2024-11-06,000713,1
2024-12-27,000713,1
2025-04-07,000713,1
2025-04-08,000713,2
2026-08-18,000713,1
2026-09-01,000713,1
2023-07-28,000715,1
2023-09-01,000715,1
2024-01-08,000715,1
2024-01-09,000715,2
2024-01-10,000715,3
2024-01-11,000715,4
2024-03-22,000715,1
2024-07-03,000715,1
2024-11-07,000715,1
2024-12-16,000715,1
2025-03-31,000715,1
2025-04-08,000715,1
2026-04-21,000715,1
2026-04-23,000715,1
2026-08-12,000715,1
2023-07-21,000716,1
2024-11-01,000716,1
2024-11-04,000716,2
2024-11-05,000716,3
2024-11-06,000716,4
2024-11-07,000716,5
2024-11-08,000716,6
2024-11-12,000716,1
2024-11-25,000716,1
2024-11-28,000716,1
2024-11-29,000716,2
2024-12-02,000716,3
2024-12-03,000716,4
2024-12-12,000716,1
2025-01-02,000716,1
2025-04-08,000716,1
2025-12-16,000716,1
2026-04-29,000716,1
2026-05-20,000716,1
2026-08-18,000716,1
2026-08-28,000716,1
2024-01-29,000717,1
2024-02-22,000717,1
2024-02-23,000717,2
2024-09-13,000717,1
2024-09-23,000717,1
2024-09-24,000717,2
2024-09-25,000717,3
2024-09-26,000717,4
2024-09-27,000717,5
2024-09-30,000717,6
2024-10-28,000717,1
2024-11-18,000717,1
2024-12-05,000717,1
2024-12-06,000717,2
2024-12-09,000717,3
2024-12-11,000717,1
2024-12-18,000717,1
2025-02-26,000717,1
2024-09-30,000718,1
2024-11-07,000718,1
2024-12-12,000718,1
2025-09-09,000718,1
2025-09-10,000718,2
2025-09-11,000718,3
2025-09-12,000718,4
2026-06-04,000718,1
2023-07-31,000719,1
2023-08-04,000719,1
2023-08-07,000719,2
2023-08-14,000719,1
2023-08-22,000719,1
2023-08-29,000719,1
2024-03-19,000719,1
2024-03-22,000719,1
2024-12-06,000719,1
2024-01-26,000720,1
2024-02-19,000720,1
2024-04-17,000720,1
2024-06-25,000720,1
2024-07-05,000720,1
2024-09-13,000720,1
2024-10-25,000720,1
2025-04-18,000720,1
2025-04-28,000720,1
2025-07-09,000720,1
2025-11-05,000720,1
2025-12-12,000720,1
2026-01-16,000720,1
2026-01-19,000720,2
2026-03-06,000720,1
2026-03-24,000720,1
2026-03-25,000720,2
2026-03-26,000720,3
2026-03-27,000720,4
2026-03-31,000720,1
2026-04-02,000720,1
2026-04-03,000720,2
2026-04-07,000720,3
2026-05-07,000720,1
2026-05-08,000720,2
2026-05-13,000720,1
2026-05-28,000720,1
2026-08-06,000720,1
2026-08-12,000720,1
2026-09-16,000720,1
2023-07-20,000721,1
2023-07-31,000721,1
2024-09-26,000721,1
2024-10-29,000721,1
2024-11-07,000721,1
2024-11-26,000721,1
2024-12-10,000721,1
2024-12-11,000721,2
2024-12-13,000721,1
2025-08-20,000721,1
2026-07-30,000721,1
2026-09-01,000721,1
2023-12-13,000722,1
2024-02-19,000722,1
2024-05-24,000722,1
2025-04-02,000722,1
2025-04-03,000722,2
2025-04-25,000722,1
2025-05-19,000722,1
2025-05-20,000722,2
2025-05-21,000722,3
2025-06-06,000722,1
2026-03-24,000722,1
2026-03-25,000722,2
2026-03-26,000722,3
2026-06-01,000722,1
2026-07-15,000722,1
2026-07-17,000722,1
2026-07-20,000722,2
2026-09-10,000722,1
2024-02-06,000723,1
2024-02-07,000723,2
2024-02-29,000723,1
2024-03-01,000723,2
2024-09-30,000723,1
2024-10-23,000723,1
2025-03-10,000723,1
2025-03-13,000723,1
2025-07-10,000723,1
2025-11-17,000723,1
2026-02-04,000723,1
2026-08-19,000723,1
2026-08-24,000723,1
2026-05-21,000725,1
2026-05-22,000725,2
2026-06-04,000725,1
2026-06-17,000725,1
2023-09-28,000727,1
2023-10-10,000727,1
2023-10-12,000727,1
2023-10-13,000727,2
2023-10-18,000727,1
2024-10-30,000727,1
2024-11-07,000727,1
2024-11-26,000727,1
2024-12-11,000727,1
2025-09-15,000727,1
2025-09-22,000727,1
2025-12-01,000727,1
2026-03-05,000727,1
2026-04-08,000727,1
2026-06-01,000727,1
2024-09-27,000728,1
2024-09-30,000728,2
2024-10-08,000728,3
2026-02-27,000731,1
2026-09-16,000731,1
2024-02-27,000733,1
2024-09-30,000733,1
2024-10-08,000733,2
2026-06-04,000733,1
2026-06-15,000733,1
2026-07-01,000733,1
2024-02-08,000735,1
2024-07-15,000735,1
2024-12-02,000735,1
2025-04-08,000735,1
2025-07-24,000735,1
2025-11-03,000735,1
2025-12-02,000735,1
2025-12-10,000735,1
2025-12-22,000735,1
2026-08-17,000735,1
2026-08-18,000735,2
2026-09-04,000735,1
2026-09-07,000735,2
2023-12-12,000736,1
2024-01-25,000736,1
2024-01-26,000736,2
2024-03-12,000736,1
2024-05-10,000736,1
2024-09-13,000736,1
2024-09-18,000736,2
2024-09-23,000736,1
2024-09-26,000736,1
2024-09-30,000736,1
2024-10-16,000736,1
2025-04-10,000736,1
2026-06-16,000736,1
2026-07-29,000736,1
2026-08-12,000736,1
2026-08-19,000736,1
2023-09-04,000737,1
2024-03-14,000737,1
2024-03-15,000737,2
2024-03-20,000737,1
2024-03-29,000737,1
2024-04-02,000737,1
2024-04-03,000737,2
2024-04-18,000737,1
2024-05-14,000737,1
2024-05-20,000737,1
2024-07-11,000737,1
2024-11-01,000737,1
2025-01-03,000737,1
2025-01-13,000737,1
2025-03-24,000737,1
2025-06-27,000737,1
2025-08-25,000737,1
2025-09-12,000737,1
2025-09-17,000737,1
2025-10-09,000737,1
2026-01-28,000737,1
2026-01-29,000737,2
2026-06-12,000737,1
2026-08-17,000737,1
2026-01-19,000738,1
2026-01-27,000738,1
2026-02-03,000738,1
2024-02-06,000739,1
2024-02-07,000739,2
2026-05-11,000739,1
2026-08-04,000739,1
2026-08-07,000739,1
2023-07-25,000750,1
2023-07-28,000750,1
2024-09-06,000750,1
2024-09-24,000750,1
2024-09-25,000750,2
2024-09-26,000750,3
2024-09-27,000750,4
2024-09-30,000750,5
2024-10-08,000750,6
2024-10-24,000750,1
2024-11-07,000750,1
2025-09-11,000750,1
2024-04-08,000751,1
2025-07-18,000751,1
2026-01-15,000751,1
2026-01-23,000751,1
2026-01-26,000751,2
2026-01-28,000751,1
2026-02-25,000751,1
2026-04-22,000751,1
2026-06-12,000751,1
2026-06-22,000751,1
2026-06-29,000751,1
2026-08-05,000751,1
2024-02-08,000753,1
2024-11-26,000753,1
2024-11-27,000753,2
2024-11-28,000753,3
2024-11-29,000753,4
2024-12-02,000753,5
2024-12-03,000753,6
2024-12-04,000753,7
2025-03-21,000753,1
2025-03-26,000753,1
2025-08-21,000753,1
2025-08-25,000753,1
2025-10-10,000753,1
2025-10-27,000753,1
2025-10-28,000753,2
2025-11-04,000753,1
2025-11-05,000753,2
2025-11-07,000753,1
2025-11-28,000753,1
2025-12-22,000753,1
2026-03-25,000753,1
2026-03-30,000753,1
2026-09-16,000753,1
2026-09-24,000753,1
2024-02-01,000755,1
2024-02-02,000755,2
2024-08-20,000755,1
2024-08-22,000755,1
2024-08-23,000755,2
2024-12-24,000755,1
2025-11-05,000755,1
2023-10-16,000756,1
2024-08-12,000756,1
2025-01-03,000756,1
2025-01-06,000756,2
2025-05-16,000756,1
2025-11-25,000756,1
2026-06-23,000756,1
2026-06-29,000756,1
2026-09-21,000756,1
2026-09-22,000756,2
2023-10-18,000757,1
2023-10-19,000757,2
2023-12-04,000757,1
2024-02-21,000757,1
2024-07-11,000757,1
2024-07-29,000757,1
2024-08-02,000757,1
2024-11-08,000757,1
2024-12-11,000757,1
2025-03-20,000757,1
2025-09-12,000757,1
2025-10-09,000757,1
2026-07-01,000757,1
2024-09-30,000758,1
2025-07-11,000758,1
2025-07-18,000758,1
2026-01-28,000758,1
2026-02-25,000758,1
2026-06-12,000758,1
2023-12-05,000759,1
2024-02-02,000759,1
2024-04-29,000759,1
2024-06-19,000759,1
2024-06-25,000759,1
2024-08-28,000759,1
2024-11-07,000759,1
2024-12-02,000759,1
2024-12-04,000759,1
2024-12-09,000759,1
2024-12-10,000759,2
2024-12-11,000759,3
2024-12-12,000759,4
2024-12-13,000759,5
2024-12-18,000759,1
2024-12-19,000759,2
2024-12-25,000759,1
2024-12-26,000759,2
2024-12-27,000759,3
2024-12-30,000759,4
2024-12-31,000759,5
2025-01-02,000759,6
2025-01-16,000759,1
2025-02-27,000759,1
2025-04-08,000759,1
2025-04-09,000759,2
2025-04-10,000759,3
2025-05-08,000759,1
2025-10-21,000759,1
2025-12-10,000759,1
2025-12-23,000759,1
2026-05-26,000759,1
2026-05-27,000759,2
2026-06-05,000759,1
2026-06-08,000759,2
2026-06-12,000759,1
2026-06-29,000759,1
2026-07-08,000759,1
2026-07-14,000759,1
2026-09-07,000759,1
2026-09-08,000759,2
2026-09-09,000759,3
2024-03-15,000761,1
2024-09-13,000761,1
2024-09-24,000761,1
2024-09-26,000761,1
2024-10-28,000761,1
2025-01-24,000761,1
2025-02-07,000761,1
2025-02-18,000761,1
2025-02-26,000761,1
2025-05-19,000761,1
2023-10-27,000762,1
2024-09-27,000762,1
2024-09-30,000762,2
2024-10-08,000762,3
2024-11-01,000762,1
2025-07-24,000762,1
2026-04-02,000762,1
2026-04-10,000762,1
2026-04-16,000762,1
2023-07-04,000766,1
2023-08-21,000766,1
2023-08-30,000766,1
2023-08-31,000766,2
2023-09-04,000766,1
2023-09-11,000766,1
2023-09-12,000766,2
2023-09-13,000766,3
2023-09-14,000766,4
2023-09-15,000766,5
2023-09-21,000766,1
2023-09-28,000766,1
2023-10-12,000766,1
2023-10-13,000766,2
2023-10-17,000766,1
2023-11-14,000766,1
2023-11-23,000766,1
2023-11-24,000766,2
2023-12-04,000766,1
2023-12-05,000766,2
2023-12-08,000766,1
2023-12-13,000766,1
2023-12-26,000766,1
2024-03-04,000766,1
2024-08-29,000766,1
2024-08-30,000766,2
2024-12-06,000766,1
2025-06-16,000766,1
2026-01-12,000766,1
2026-04-07,000766,1
2026-06-25,000766,1
2023-07-07,000767,1
2023-07-10,000767,2
2023-09-08,000767,1
2024-05-28,000767,1
2024-11-12,000767,1
2025-05-09,000767,1
2025-05-13,000767,1
2025-07-14,000767,1
2026-02-06,000767,1
2026-02-12,000767,1
2026-03-26,000767,1
2026-03-27,000767,2
2026-05-12,000767,1
2026-05-13,000767,2
2026-05-29,000767,1
2026-06-01,000767,2
2026-07-20,000767,1
2024-09-30,000768,1
2026-01-06,000768,1
2026-06-12,000768,1
2024-09-30,000776,1
2024-10-08,000776,2
2025-09-29,000776,1
2026-06-22,000776,1
2024-03-20,000777,1
2024-04-16,000777,1
2024-04-22,000777,1
2024-10-22,000777,1
2025-01-14,000777,1
2025-05-26,000777,1
2025-06-17,000777,1
2025-07-14,000777,1
2025-10-09,000777,1
2025-11-03,000777,1
2025-12-25,000777,1
2025-12-26,000777,2
2026-06-15,000777,1
2026-06-16,000777,2
2026-06-17,000777,3
2026-06-29,000777,1
2023-10-25,000778,1
2024-03-05,000779,1
2024-08-26,000779,1
2024-08-27,000779,2
2024-12-06,000779,1
2025-02-07,000779,1
2025-03-18,000779,1
2025-03-21,000779,1
2026-07-17,000779,1
2026-07-28,000779,1
2026-08-11,000779,1
2026-08-17,000779,1
2026-08-25,000779,1
2023-11-16,000782,1
2024-03-11,000782,1
2024-11-05,000782,1
2025-02-20,000782,1
2025-08-18,000782,1
2026-04-16,000782,1
2026-05-08,000782,1
2024-02-06,000783,1
2024-04-01,000783,1
2024-09-26,000783,1
2024-09-27,000783,2
2024-09-30,000783,3
2024-10-08,000783,4
2026-04-30,000783,1
2026-05-06,000783,2
2026-06-22,000783,1
2026-06-23,000783,2
2026-06-25,000783,1
2024-02-06,000785,1
2024-02-07,000785,2
2024-07-11,000785,1
2024-12-06,000785,1
2024-12-10,000785,1
2024-12-11,000785,2
2024-12-12,000785,3
2024-12-13,000785,4
2024-12-16,000785,5
2025-01-03,000785,1
2025-02-10,000785,1
2025-02-11,000785,2
2025-02-12,000785,3
2025-02-13,000785,4
2025-02-14,000785,5
2025-02-27,000785,1
2025-07-30,000785,1
2025-11-26,000785,1
2026-01-12,000785,1
2026-01-13,000785,2
2026-04-15,000785,1
2026-06-08,000785,1
2024-04-29,000786,1
2024-02-08,000788,1
2024-04-30,000788,1
2024-12-18,000788,1
2025-01-06,000788,1
2025-06-16,000788,1
2025-11-10,000788,1
2025-11-25,000788,1
2025-11-26,000788,2
2026-04-01,000788,1
2026-04-02,000788,2
2026-04-15,000788,1
2025-07-21,000789,1
2025-07-22,000789,2
2024-04-30,000790,1
2024-10-25,000790,1
2024-10-28,000790,2
2026-04-30,000790,1
2026-09-24,000790,1
2024-03-19,000791,1
2024-03-20,000791,2
2024-05-13,000791,1
2024-05-17,000791,1
2025-03-12,000791,1
2026-03-25,000791,1
2026-04-13,000791,1
2026-05-11,000791,1
2026-05-28,000791,1
2026-06-16,000791,1
2026-01-05,000792,1
2024-02-07,000795,1
2024-10-31,000795,1
2024-11-01,000795,2
2024-11-04,000795,3
2024-11-05,000795,4
2024-11-06,000795,5
2024-11-07,000795,6
2024-11-08,000795,7
2024-11-12,000795,1
2024-11-22,000795,1
2024-12-04,000795,1
2025-01-15,000795,1
2025-06-09,000795,1
2026-07-01,000795,1
2024-10-29,000796,1
2024-11-25,000796,1
2024-12-02,000796,1
2025-02-27,000796,1
2025-04-09,000796,1
2025-07-08,000796,1
2025-07-17,000796,1
2025-07-22,000796,1
2025-07-24,000796,1
2025-07-30,000796,1
2025-08-18,000796,1
2025-08-29,000796,1
2025-09-10,000796,1
2025-11-05,000796,1
2025-12-22,000796,1
2025-12-24,000796,1
2026-08-25,000796,1
2023-09-06,000797,1
2023-09-13,000797,1
2024-04-29,000797,1
2024-07-11,000797,1
2025-03-05,000797,1
2025-11-04,000797,1
2025-11-13,000797,1
2025-11-17,000797,1
2025-11-25,000797,1
2025-12-18,000797,1
2023-08-24,000798,1
2023-08-28,000798,1
2024-11-07,000798,1
2025-07-02,000798,1
2025-07-30,000798,1
2025-11-14,000798,1
2025-11-17,000798,2
2025-11-18,000798,3
2025-11-19,000798,4
2025-11-20,000798,5
2025-11-21,000798,6
2025-11-24,000798,7
2026-01-07,000798,1
2026-01-30,000798,1
2026-02-13,000798,1
2026-08-28,000798,1
2026-09-04,000798,1
2026-09-07,000798,2
2026-09-09,000798,1
2024-05-06,000799,1
2024-09-19,000799,1
2024-09-26,000799,1
2024-09-27,000799,2
2024-09-30,000799,3
2024-10-08,000799,4
2024-11-07,000799,1
2025-03-14,000799,1
2025-08-19,000799,1
2025-08-20,000799,2
2025-11-10,000799,1
2026-01-29,000799,1
2026-05-29,000799,1
2023-10-27,000800,1
2023-11-28,000800,1
2023-09-08,000801,1
2023-10-25,000801,1
2024-02-29,000801,1
2024-03-04,000801,1
2024-03-06,000801,1
2024-03-19,000801,1
2024-03-20,000801,2
2024-04-24,000801,1
2024-07-31,000801,1
2024-10-14,000801,1
2024-10-16,000801,1
2024-10-30,000801,1
2024-11-18,000801,1
2024-11-19,000801,2
2024-11-20,000801,3
2024-11-21,000801,4
2024-11-22,000801,5
2024-11-25,000801,6
2025-02-25,000801,1
2025-12-12,000801,1
2026-06-30,000801,1
2023-07-24,000802,1
2023-11-08,000802,1
2023-12-06,000802,1
2023-12-07,000802,2
2024-02-23,000802,1
2024-09-30,000802,1
2024-10-30,000802,1
2025-01-27,000802,1
2025-12-24,000802,1
2026-04-21,000802,1
2026-05-06,000802,1
2026-08-10,000802,1
2026-08-11,000802,2
2026-08-12,000802,3
2026-08-13,000802,4
2024-04-03,000803,1
2024-04-08,000803,2
2024-09-19,000803,1
2024-10-16,000803,1
2024-11-01,000803,1
2024-11-04,000803,2
2024-11-15,000803,1
2024-11-22,000803,1
2024-11-25,000803,2
2024-11-28,000803,1
2025-11-07,000803,1
2025-11-12,000803,1
2026-01-12,000803,1
2026-01-19,000803,1
2026-02-24,000803,1
2026-07-23,000803,1
2026-01-28,000807,1
2024-04-23,000809,1
2025-09-09,000809,1
2025-09-10,000809,2
2025-10-30,000809,1
2025-11-05,000809,1
2025-12-31,000809,1
2026-03-24,000809,1
2026-05-20,000809,1
2023-12-20,000810,1
2024-08-15,000810,1
2024-08-16,000810,2
2024-08-19,000810,3
2024-08-22,000810,1
2024-08-26,000810,1
2024-09-30,000810,1
2024-10-16,000810,1
2024-10-22,000810,1
2024-12-24,000810,1
2024-12-25,000810,2
2025-02-06,000810,1
2025-09-09,000810,1
2026-07-10,000810,1
2023-07-17,000811,1
2024-12-13,000811,1
2025-02-21,000811,1
2025-05-08,000811,1
2025-07-31,000811,1
2025-12-05,000811,1
2025-12-08,000811,2
2026-02-03,000811,1
2026-03-24,000811,1
2026-04-08,000811,1
2026-04-22,000811,1
2026-05-11,000811,1
2026-05-13,000811,1
2026-05-19,000811,1
2026-06-09,000811,1
2026-06-15,000811,1
2026-06-17,000811,1
2026-06-18,000811,2
2026-06-22,000811,3
2026-06-25,000811,1
2026-06-30,000811,1
2026-07-09,000811,1
2026-08-04,000811,1
2026-08-05,000811,2
2026-08-17,000811,1
2023-08-16,000812,1
2024-11-14,000812,1
2024-11-19,000812,1
2024-11-21,000812,1
2025-12-02,000812,1
2026-09-14,000812,1
2023-08-09,000813,1
2023-09-12,000813,1
2023-09-20,000813,1
2023-09-22,000813,1
2023-09-25,000813,2
2023-09-27,000813,1
2024-07-01,000813,1
2024-07-05,000813,1
2024-11-21,000813,1
2024-12-06,000813,1
2024-12-09,000813,2
2024-12-10,000813,3
2024-12-12,000813,1
2024-12-13,000813,2
2025-03-13,000813,1
2025-07-30,000813,1
2025-07-31,000813,2
2025-09-01,000813,1
2025-09-15,000813,1
2026-01-29,000813,1
2026-06-23,000813,1
2026-09-03,000813,1
2023-10-23,000815,1
2023-11-07,000815,1
2024-02-08,000815,1
2024-02-19,000815,2
2024-02-22,000815,1
2024-02-23,000815,2
2024-02-26,000815,3
2024-03-08,000815,1
2024-04-17,000815,1
2024-09-19,000815,1
2024-10-08,000815,1
2024-11-19,000815,1
2024-11-28,000815,1
2025-02-05,000815,1
2025-02-21,000815,1
2025-02-26,000815,1
2025-03-11,000815,1
2025-03-14,000815,1
2025-03-17,000815,2
2025-04-09,000815,1
2025-04-29,000815,1
2025-06-06,000815,1
2026-01-26,000815,1
2026-01-28,000815,1
2026-02-10,000815,1
2026-03-05,000815,1
2026-03-06,000815,2
2026-03-09,000815,3
2026-03-18,000815,1
2026-03-19,000815,2
2026-04-01,000815,1
2026-04-16,000815,1
2026-05-06,000815,1
2026-06-10,000815,1
2026-07-20,000815,1
2026-07-21,000815,2
2026-07-22,000815,3
2026-07-23,000815,4
2026-07-31,000815,1
2026-08-03,000815,2
2026-08-04,000815,3
2024-05-08,000816,1
2024-07-11,000816,1
2024-07-12,000816,2
2024-09-24,000816,1
2024-12-06,000816,1
2024-12-11,000816,1
2024-12-13,000816,1
2024-12-16,000816,2
2025-02-17,000816,1
2025-02-24,000816,1
2025-02-25,000816,2
2025-04-08,000816,1
2025-04-09,000816,2
2025-12-01,000816,1
2026-02-25,000816,1
2026-09-07,000816,1
2023-10-27,000818,1
2024-02-07,000818,1
2024-02-08,000818,2
2024-09-30,000818,1
2024-11-04,000818,1
2024-12-20,000818,1
2025-01-27,000818,1
2025-02-05,000818,2
2025-02-06,000818,3
2025-02-07,000818,4
2025-02-10,000818,5
2025-02-11,000818,6
2025-02-13,000818,1
2025-02-17,000818,1
2025-02-19,000818,1
2025-02-20,000818,2
2025-08-22,000818,1
2026-02-10,000818,1
2026-03-06,000818,1
2026-04-29,000818,1
2026-05-06,000818,1
2026-05-07,000818,2
2026-05-22,000818,1
2026-06-24,000818,1
2026-06-25,000818,2
2026-06-30,000818,1
2024-05-16,000819,1
2024-06-21,000819,1
2024-11-04,000819,1
2025-07-09,000819,1
2025-10-09,000819,1
2025-10-10,000819,2
2026-04-21,000819,1
2023-08-31,000820,1
2024-01-02,000820,1
2024-01-03,000820,2
2024-01-04,000820,3
2024-01-26,000820,1
2024-02-21,000820,1
2024-03-06,000820,1
2024-04-29,000820,1
2024-06-07,000820,1
2024-07-02,000820,1
2024-08-08,000820,1
2024-08-12,000820,1
2024-08-21,000820,1
2024-09-02,000820,1
2024-09-24,000820,1
2024-10-28,000820,1
2025-01-08,000820,1
2025-01-09,000820,2
2025-01-13,000820,1
2025-01-21,000820,1
2025-03-17,000820,1
2025-04-17,000820,1
2026-07-30,000820,1
2026-07-31,000820,2
2026-08-03,000820,3
2026-08-04,000820,4
2024-11-25,000822,1
2025-03-25,000822,1
2025-04-03,000822,1
2025-04-08,000822,1
2025-04-21,000822,1
2025-06-13,000822,1
2026-02-05,000822,1
2026-03-27,000822,1
2024-02-08,000823,1
2024-12-20,000823,1
2025-04-14,000823,1
2025-07-08,000823,1
2025-08-11,000823,1
2025-12-09,000823,1
2026-05-07,000823,1
2026-06-15,000823,1
2026-06-17,000823,1
2026-06-22,000823,1
2026-06-24,000823,1
2026-06-25,000823,2
2026-06-26,000823,3
2026-09-07,000823,1
2026-09-10,000823,1
2026-09-11,000823,2
2026-09-14,000823,3
2026-09-29,000823,1
2025-12-15,000825,1
2023-11-06,000828,1
2023-11-07,000828,2
2023-11-08,000828,3
2023-11-09,000828,4
2024-09-30,000828,1
2024-10-08,000828,2
2023-10-30,000829,1
2023-11-07,000829,1
2023-11-08,000829,2
2023-11-23,000829,1
2023-11-29,000829,1
2024-01-04,000829,1
2024-05-31,000829,1
2024-06-13,000829,1
2024-10-18,000829,1
2024-10-22,000829,1
2025-02-26,000829,1
2025-03-05,000829,1
2025-12-01,000829,1
2026-06-30,000829,1
2026-07-16,000829,1
2026-09-21,000829,1
2023-09-04,000830,1
2025-11-10,000830,1
2026-04-07,000830,1
2023-07-05,000831,1
2024-02-06,000831,1
2024-02-07,000831,2
2024-02-08,000831,3
2024-09-30,000831,1
2024-11-01,000831,1
2025-03-11,000831,1
2025-07-11,000831,1
2025-08-28,000831,1
2025-08-29,000831,2
2025-10-09,000831,1
2025-10-13,000831,1
2026-04-29,000831,1
2026-08-07,000831,1
2026-08-14,000831,1
2024-03-19,000833,1
2024-11-07,000833,1
2024-11-11,000833,1
2024-11-12,000833,2
2024-11-13,000833,3
2024-11-14,000833,4
2024-11-15,000833,5
2024-11-18,000833,6
2024-11-19,000833,7
2024-11-20,000833,8
2024-11-21,000833,9
2024-11-22,000833,10
2024-11-25,000833,11
2024-12-03,000833,1
2025-01-20,000833,1
2025-02-13,000833,1
2025-04-09,000833,1
2025-09-12,000833,1
2025-10-14,000833,1
2025-11-12,000833,1
2025-11-14,000833,1
2026-02-12,000833,1
2026-03-06,000833,1
2026-03-11,000833,1
2026-04-30,000833,1
2026-06-08,000833,1
2026-06-22,000833,1
2026-09-08,000833,1
2024-02-26,000837,1
2024-11-04,000837,1
2025-01-22,000837,1
2025-03-05,000837,1
2025-03-26,000837,1
2025-04-23,000837,1
2025-09-02,000837,1
2025-09-05,000837,1
2024-06-13,000839,1
2024-10-24,000839,1
2024-10-28,000839,1
2024-10-31,000839,1
2024-11-08,000839,1
2025-02-17,000839,1
2025-08-29,000839,1
2026-01-22,000839,1
2026-02-10,000839,1
2026-02-13,000839,1
2026-02-25,000839,1
2026-03-10,000839,1
2026-03-11,000839,2
2026-05-08,000839,1
2026-06-18,000839,1
2026-07-22,000839,1
2026-08-06,000839,1
2026-09-14,000839,1
2023-07-28,000850,1
2024-04-03,000850,1
2024-09-06,000850,1
2024-09-13,000850,1
2024-09-30,000850,1
2024-10-08,000850,2
2025-04-16,000850,1
2025-05-09,000850,1
2025-06-26,000850,1
2025-12-15,000850,1
2026-09-23,000850,1
2026-09-24,000850,2
2024-02-08,000852,1
2025-01-03,000852,1
2025-03-21,000852,1
2025-10-20,000852,1
2025-10-21,000852,2
2025-10-22,000852,3
2025-10-23,000852,4
2026-08-18,000852,1
2026-09-02,000852,1
2024-03-07,000856,1
2024-04-12,000856,1
2025-01-20,000856,1
2025-01-21,000856,2
2025-01-22,000856,3
2025-01-23,000856,4
2025-01-24,000856,5
2025-01-27,000856,6
2025-02-10,000856,1
2025-02-12,000856,1
2025-02-17,000856,1
2025-02-18,000856,2
2025-02-19,000856,3
2025-02-20,000856,4
2025-05-08,000856,1
2025-07-01,000856,1
2025-07-22,000856,1
2026-02-03,000856,1
2024-09-26,000858,1
2024-09-27,000858,2
2024-09-30,000858,3
2026-01-29,000858,1
2024-02-08,000859,1
2024-06-07,000859,1
2024-06-11,000859,2
2024-06-12,000859,3
2024-06-13,000859,4
2024-08-30,000859,1
2024-09-02,000859,2
2024-09-03,000859,3
2024-09-30,000859,1
2024-10-08,000859,2
2024-10-16,000859,1
2024-10-17,000859,2
2024-10-18,000859,3
2024-10-21,000859,4
2024-10-29,000859,1
2024-11-11,000859,1
2024-12-16,000859,1
2024-12-17,000859,2
2024-12-18,000859,3
2025-03-27,000859,1
2025-04-01,000859,1
2025-04-08,000859,1
2025-04-17,000859,1
2025-04-21,000859,1
2025-05-07,000859,1
2025-05-23,000859,1
2025-11-19,000859,1
2025-11-20,000859,2
2025-11-21,000859,3
2025-11-24,000859,4
2025-12-01,000859,1
2025-12-02,000859,2
2025-12-05,000859,1
2025-12-11,000859,1
2025-12-23,000859,1
2025-12-25,000859,1
2026-01-05,000859,1
2026-01-07,000859,1
2026-02-10,000859,1
2026-02-13,000859,1
2026-03-25,000859,1
2026-05-20,000859,1
2026-05-28,000859,1
2026-06-30,000859,1
2026-07-28,000859,1
2026-08-10,000859,1
2026-08-11,000859,2
2024-02-06,000860,1
2024-09-26,000860,1
2024-09-27,000860,2
2024-11-07,000860,1
2026-01-29,000860,1
2024-02-23,000862,1
2024-05-30,000862,1
2025-04-01,000862,1
2025-04-08,000862,1
2025-04-21,000862,1
2025-12-12,000862,1
2026-03-04,000862,1
2026-03-09,000862,1
2026-03-20,000862,1
2026-07-23,000862,1
2026-07-27,000862,1
