600000,2026-09-30,0
000001,2026-09-30,0
300001,2026-09-30,0
000002,2026-09-30,0
000006,2026-09-30,0
000007,2026-09-30,0
000008,2026-09-30,0
000009,2026-09-30,0
000011,2026-09-30,3
000012,2026-09-30,0
000014,2026-09-30,0
000017,2026-09-30,0
000019,2026-09-30,0
000020,2026-09-30,0
000021,2026-09-30,0
000025,2026-09-30,0
000026,2026-09-30,0
000027,2026-09-30,0
000028,2026-09-30,0
000029,2026-09-30,0
000030,2026-09-30,0
000031,2026-09-30,0
000032,2026-09-30,0
000034,2026-09-30,0
000035,2026-09-30,0
000036,2026-09-30,0
000037,2026-09-30,0
000039,2026-09-30,0
000042,2026-09-30,0
000045,2026-09-30,0
000048,2026-09-30,0
000049,2026-09-30,0
000050,2026-09-30,0
000055,2026-09-30,0
000058,2026-09-30,0
000059,2026-09-30,0
000060,2026-09-30,0
000061,2026-09-30,0
000062,2026-09-30,0
000063,2026-09-30,0
000065,2026-09-30,0
000066,2026-09-30,0
000068,2026-09-30,0
000069,2026-09-30,0
000070,2026-09-30,0
000088,2026-09-30,0
000089,2026-09-30,0
000090,2026-09-30,0
000096,2026-09-30,0
000099,2026-09-30,0
000100,2026-09-30,0
000151,2026-09-30,0
000153,2026-09-30,0
000155,2026-09-30,0
000156,2026-09-30,0
000157,2026-09-30,0
000158,2026-09-30,0
000159,2026-09-30,0
000166,2026-09-30,0
000301,2026-09-30,0
000333,2026-09-30,0
000338,2026-09-30,0
000400,2026-09-30,0
000401,2026-09-30,0
000402,2026-09-30,0
000403,2026-09-30,0
000404,2026-09-30,0
000407,2026-09-30,0
000408,2026-09-30,0
000409,2026-09-30,0
000410,2026-09-30,0
000411,2026-09-30,0
000415,2026-09-30,0
000417,2026-09-30,0
000419,2026-09-30,0
000420,2026-09-30,0
000421,2026-09-30,0
000422,2026-09-30,0
000423,2026-09-30,0
000425,2026-09-30,0
000426,2026-09-30,0
000428,2026-09-30,0
000429,2026-09-30,0
000430,2026-09-30,0
000498,2026-09-30,0
000501,2026-09-30,0
000503,2026-09-30,0
000504,2026-09-30,1
000505,2026-09-30,0
000506,2026-09-30,0
000507,2026-09-30,0
000509,2026-09-30,0
000510,2026-09-30,0
000513,2026-09-30,0
000514,2026-09-30,0
000516,2026-09-30,0
000517,2026-09-30,0
000518,2026-09-30,0
000519,2026-09-30,0
000520,2026-09-30,0
000521,2026-09-30,0
000523,2026-09-30,0
000524,2026-09-30,0
000525,2026-09-30,0
000526,2026-09-30,0
000528,2026-09-30,0
000529,2026-09-30,0
000530,2026-09-30,0
000531,2026-09-30,0
000532,2026-09-30,0
000533,2026-09-30,0
000534,2026-09-30,0
000536,2026-09-30,0
000537,2026-09-30,0
000538,2026-09-30,0
000539,2026-09-30,0
000541,2026-09-30,0
000543,2026-09-30,0
000544,2026-09-30,0
000545,2026-09-30,0
000546,2026-09-30,0
000547,2026-09-30,0
000548,2026-09-30,0
000550,2026-09-30,0
000551,2026-09-30,0
000552,2026-09-30,0
000553,2026-09-30,0
000554,2026-09-30,0
000555,2026-09-30,0
000557,2026-09-30,0
000558,2026-09-30,0
000559,2026-09-30,0
000560,2026-09-30,0
000561,2026-09-30,0
000563,2026-09-30,0
000564,2026-09-30,0
000565,2026-09-30,0
000566,2026-09-30,0
000567,2026-09-30,0
000568,2026-09-30,0
000570,2026-09-30,0
000571,2026-09-30,0
000572,2026-09-30,0
000573,2026-09-30,0
000576,2026-09-30,0
000581,2026-09-30,0
000582,2026-09-30,0
000586,2026-09-30,0
000589,2026-09-30,0
000590,2026-09-30,0
000591,2026-09-30,0
000592,2026-09-30,0
000593,2026-09-30,0
000595,2026-09-30,0
000596,2026-09-30,0
000597,2026-09-30,0
000598,2026-09-30,0
000599,2026-09-30,0
000600,2026-09-30,0
000601,2026-09-30,0
000603,2026-09-30,0
000605,2026-09-30,0
000607,2026-09-30,0
000608,2026-09-30,0
000612,2026-09-30,0
000617,2026-09-30,0
000619,2026-09-30,0
000620,2026-09-30,0
000623,2026-09-30,0
000625,2026-09-30,0
000626,2026-09-30,0
000628,2026-09-30,0
000629,2026-09-30,0
000630,2026-09-30,0
000631,2026-09-30,0
000633,2026-09-30,0
000635,2026-09-30,0
000636,2026-09-30,0
000637,2026-09-30,0
000650,2026-09-30,0
000651,2026-09-30,0
000652,2026-09-30,0
000655,2026-09-30,0
000656,2026-09-30,0
000657,2026-09-30,0
000659,2026-09-30,0
000661,2026-09-30,0
000663,2026-09-30,0
000665,2026-09-30,0
000668,2026-09-30,1
000670,2026-09-30,0
000672,2026-09-30,0
000676,2026-09-30,0
000678,2026-09-30,4
000679,2026-09-30,0
000680,2026-09-30,0
000681,2026-09-30,0
000682,2026-09-30,0
000683,2026-09-30,0
000685,2026-09-30,0
000686,2026-09-30,0
000688,2026-09-30,0
000690,2026-09-30,0
000691,2026-09-30,0
000692,2026-09-30,1
000695,2026-09-30,0
000697,2026-09-30,0
000700,2026-09-30,0
000701,2026-09-30,0
000702,2026-09-30,0
000703,2026-09-30,0
000705,2026-09-30,0
000707,2026-09-30,0
000708,2026-09-30,0
000709,2026-09-30,0
000710,2026-09-30,1
000712,2026-09-30,0
000713,2026-09-30,0
000715,2026-09-30,0
000716,2026-09-30,0
000717,2026-09-30,0
000718,2026-09-30,0
000719,2026-09-30,0
000720,2026-09-30,0
000721,2026-09-30,0
000722,2026-09-30,0
000723,2026-09-30,0
000725,2026-09-30,0
000726,2026-09-30,0
000727,2026-09-30,0
000728,2026-09-30,0
000729,2026-09-30,0
000731,2026-09-30,0
000733,2026-09-30,0
000735,2026-09-30,0
000736,2026-09-30,0
000737,2026-09-30,0
000738,2026-09-30,0
000739,2026-09-30,0
000750,2026-09-30,0
000751,2026-09-30,0
000753,2026-09-30,0
000755,2026-09-30,0
000756,2026-09-30,0
000757,2026-09-30,0
000758,2026-09-30,0
000759,2026-09-30,0
000761,2026-09-30,0
000762,2026-09-30,0
000766,2026-09-30,0
000767,2026-09-30,0
000768,2026-09-30,0
000776,2026-09-30,0
000777,2026-09-30,0
000778,2026-09-30,0
000779,2026-09-30,0
000782,2026-09-30,0
000783,2026-09-30,0
000785,2026-09-30,0
000786,2026-09-30,0
000788,2026-09-30,0
000789,2026-09-30,0
000790,2026-09-30,0
000791,2026-09-30,0
000792,2026-09-30,0
000795,2026-09-30,0
000796,2026-09-30,0
000797,2026-09-30,0
000798,2026-09-30,0
000799,2026-09-30,0
000800,2026-09-30,0
000801,2026-09-30,0
000802,2026-09-30,0
000803,2026-09-30,0
000807,2026-09-30,0
000809,2026-09-30,0
000810,2026-09-30,0
000811,2026-09-30,0
000812,2026-09-30,0
000813,2026-09-30,0
000815,2026-09-30,0
000816,2026-09-30,0
000818,2026-09-30,0
000819,2026-09-30,0
000820,2026-09-30,0
000822,2026-09-30,0
000823,2026-09-30,0
000825,2026-09-30,0
000828,2026-09-30,0
000829,2026-09-30,0
000830,2026-09-30,0
000831,2026-09-30,0
000833,2026-09-30,0
000837,2026-09-30,0
000839,2026-09-30,0
000848,2026-09-30,0
000850,2026-09-30,0
000852,2026-09-30,0
000856,2026-09-30,0
000858,2026-09-30,0
000859,2026-09-30,0
000860,2026-09-30,0
000862,2026-09-30,0
000863,2026-09-30,0
000868,2026-09-30,0
000869,2026-09-30,0
000875,2026-09-30,0
000876,2026-09-30,0
000877,2026-09-30,0
000878,2026-09-30,0
000880,2026-09-30,0
000881,2026-09-30,0
000882,2026-09-30,0
000883,2026-09-30,0
000885,2026-09-30,0
000886,2026-09-30,0
000887,2026-09-30,0
000888,2026-09-30,0
000889,2026-09-30,0
000890,2026-09-30,0
000892,2026-09-30,0
000893,2026-09-30,0
000895,2026-09-30,0
000897,2026-09-30,0
000898,2026-09-30,0
000899,2026-09-30,0
000900,2026-09-30,0
000901,2026-09-30,0
000902,2026-09-30,0
000905,2026-09-30,0
000906,2026-09-30,0
000908,2026-09-30,0
000910,2026-09-30,0
000912,2026-09-30,0
000913,2026-09-30,0
000915,2026-09-30,0
000917,2026-09-30,0
000919,2026-09-30,0
000920,2026-09-30,0
000921,2026-09-30,0
000922,2026-09-30,0
000923,2026-09-30,0
000925,2026-09-30,0
000926,2026-09-30,0
000927,2026-09-30,0
000928,2026-09-30,0
000929,2026-09-30,0
000930,2026-09-30,0
000931,2026-09-30,0
000932,2026-09-30,0
000933,2026-09-30,0
000935,2026-09-30,0
000936,2026-09-30,0
000937,2026-09-30,0
000938,2026-09-30,0
000948,2026-09-30,0
000949,2026-09-30,0
000950,2026-09-30,0
000951,2026-09-30,0
000952,2026-09-30,0
000953,2026-09-30,0
000955,2026-09-30,0
000957,2026-09-30,0
000958,2026-09-30,0
000959,2026-09-30,0
000960,2026-09-30,0
000962,2026-09-30,0
000963,2026-09-30,0
000965,2026-09-30,0
000966,2026-09-30,0
000967,2026-09-30,0
000968,2026-09-30,0
000969,2026-09-30,0
000970,2026-09-30,0
000972,2026-09-30,0
000973,2026-09-30,0
000975,2026-09-30,0
000977,2026-09-30,0
000978,2026-09-30,0
000980,2026-09-30,0
000981,2026-09-30,0
000983,2026-09-30,0
000985,2026-09-30,0
000987,2026-09-30,0
000988,2026-09-30,0
000989,2026-09-30,0
000990,2026-09-30,0
000993,2026-09-30,0
000995,2026-09-30,0
000997,2026-09-30,0
000998,2026-09-30,0
000999,2026-09-30,0
001201,2026-09-30,0
001202,2026-09-30,0
001203,2026-09-30,0
001205,2026-09-30,0
001206,2026-09-30,1
001207,2026-09-30,0
001208,2026-09-30,0
001209,2026-09-30,0
001210,2026-09-30,0
001211,2026-09-30,0
001212,2026-09-30,0
001213,2026-09-30,0
001215,2026-09-30,0
001216,2026-09-30,0
001217,2026-09-30,0
001218,2026-09-30,0
001219,2026-09-30,0
001220,2026-09-30,0
001221,2026-09-30,0
001222,2026-09-30,0
001223,2026-09-30,0
001225,2026-09-30,0
001226,2026-09-30,0
001227,2026-09-30,0
001228,2026-09-30,0
001229,2026-09-30,0
001230,2026-09-30,0
001231,2026-09-30,0
001233,2026-09-30,0
001234,2026-09-30,0
001236,2026-09-30,0
001237,2026-09-30,0
001238,2026-09-30,0
001239,2026-09-30,0
001248,2026-09-30,0
001255,2026-09-30,0
001256,2026-09-30,0
001257,2026-09-30,0
001258,2026-09-30,0
001259,2026-09-30,0
001260,2026-09-30,0
001266,2026-09-30,1
001267,2026-09-30,0
001268,2026-09-30,0
001269,2026-09-30,0
001270,2026-09-30,0
001277,2026-09-30,0
001278,2026-09-30,0
001279,2026-09-30,0
001280,2026-09-30,0
001282,2026-09-30,0
001283,2026-09-30,0
001285,2026-09-30,0
001286,2026-09-30,0
001287,2026-09-30,0
001288,2026-09-30,0
001289,2026-09-30,0
001296,2026-09-30,0
001298,2026-09-30,0
001299,2026-09-30,0
001300,2026-09-30,0
001301,2026-09-30,0
001306,2026-09-30,0
001308,2026-09-30,0
001309,2026-09-30,0
001311,2026-09-30,0
001312,2026-09-30,0
001313,2026-09-30,0
001314,2026-09-30,0
001316,2026-09-30,0
001317,2026-09-30,0
001318,2026-09-30,1
001319,2026-09-30,0
001322,2026-09-30,0
001323,2026-09-30,0
001324,2026-09-30,0
001325,2026-09-30,0
001326,2026-09-30,0
001328,2026-09-30,0
001330,2026-09-30,0
001331,2026-09-30,0
001332,2026-09-30,0
001333,2026-09-30,0
001335,2026-09-30,0
001336,2026-09-30,0
001337,2026-09-30,0
001338,2026-09-30,0
001339,2026-09-30,0
001356,2026-09-30,0
001358,2026-09-30,0
001359,2026-09-30,0
001360,2026-09-30,0
001365,2026-09-30,0
001366,2026-09-30,0
001367,2026-09-30,0
001368,2026-09-30,0
001369,2026-09-30,0
001373,2026-09-30,0
001376,2026-09-30,0
001378,2026-09-30,0
001379,2026-09-30,0
001380,2026-09-30,0
001382,2026-09-30,0
001386,2026-09-30,0
001387,2026-09-30,0
001388,2026-09-30,0
001389,2026-09-30,0
001390,2026-09-30,0
001391,2026-09-30,0
001393,2026-09-30,0
001395,2026-09-30,0
001396,2026-09-30,0
001399,2026-09-30,0
001400,2026-09-30,0
001696,2026-09-30,0
001872,2026-09-30,0
001896,2026-09-30,0
001914,2026-09-30,0
001965,2026-09-30,0
001979,2026-09-30,0
002001,2026-09-30,0
002003,2026-09-30,0
002004,2026-09-30,0
002005,2026-09-30,0
002006,2026-09-30,0
002007,2026-09-30,0
002008,2026-09-30,0
002009,2026-09-30,0
002010,2026-09-30,0
002011,2026-09-30,0
002012,2026-09-30,0
002014,2026-09-30,0
002015,2026-09-30,0
002016,2026-09-30,0
002017,2026-09-30,0
002019,2026-09-30,0
002020,2026-09-30,0
002021,2026-09-30,0
002022,2026-09-30,0
002023,2026-09-30,0
002025,2026-09-30,0
002026,2026-09-30,0
002027,2026-09-30,0
002028,2026-09-30,0
002029,2026-09-30,0
002030,2026-09-30,0
002031,2026-09-30,0
002032,2026-09-30,0
002033,2026-09-30,0
002034,2026-09-30,0
002035,2026-09-30,0
002036,2026-09-30,0
002037,2026-09-30,0
002038,2026-09-30,0
002039,2026-09-30,0
002040,2026-09-30,0
002041,2026-09-30,1
002042,2026-09-30,0
002043,2026-09-30,0
002044,2026-09-30,0
002045,2026-09-30,0
002046,2026-09-30,0
002047,2026-09-30,0
002048,2026-09-30,0
002049,2026-09-30,0
002050,2026-09-30,0
002051,2026-09-30,0
002052,2026-09-30,0
002053,2026-09-30,0
002054,2026-09-30,0
002056,2026-09-30,0
002057,2026-09-30,0
002058,2026-09-30,2
002059,2026-09-30,0
002060,2026-09-30,0
002061,2026-09-30,0
002062,2026-09-30,0
002063,2026-09-30,0
002064,2026-09-30,0
002065,2026-09-30,0
002066,2026-09-30,0
002067,2026-09-30,0
002068,2026-09-30,0
002069,2026-09-30,0
002072,2026-09-30,0
002073,2026-09-30,0
002074,2026-09-30,0
002075,2026-09-30,0
002076,2026-09-30,0
002077,2026-09-30,0
002078,2026-09-30,0
002079,2026-09-30,0
002080,2026-09-30,0
002081,2026-09-30,0
002083,2026-09-30,0
002084,2026-09-30,0
002085,2026-09-30,0
002086,2026-09-30,0
002088,2026-09-30,0
002090,2026-09-30,0
002091,2026-09-30,0
002092,2026-09-30,0
002093,2026-09-30,0
002094,2026-09-30,0
002095,2026-09-30,0
002096,2026-09-30,0
002097,2026-09-30,0
002098,2026-09-30,0
002099,2026-09-30,0
002100,2026-09-30,0
002101,2026-09-30,0
002103,2026-09-30,0
002104,2026-09-30,0
002105,2026-09-30,0
002106,2026-09-30,0
002107,2026-09-30,0
002108,2026-09-30,0
002110,2026-09-30,0
002111,2026-09-30,0
002112,2026-09-30,0
002114,2026-09-30,0
002115,2026-09-30,0
002116,2026-09-30,0
002117,2026-09-30,0
002119,2026-09-30,0
002120,2026-09-30,0
002121,2026-09-30,0
002123,2026-09-30,0
002124,2026-09-30,0
002125,2026-09-30,0
002126,2026-09-30,0
002127,2026-09-30,0
002128,2026-09-30,0
002129,2026-09-30,0
002130,2026-09-30,0
002131,2026-09-30,0
002132,2026-09-30,0
002133,2026-09-30,0
002134,2026-09-30,0
002135,2026-09-30,0
002136,2026-09-30,0
002137,2026-09-30,0
002138,2026-09-30,0
002139,2026-09-30,0
002140,2026-09-30,0
002141,2026-09-30,0
002142,2026-09-30,0
002144,2026-09-30,0
002145,2026-09-30,0
002146,2026-09-30,0
002148,2026-09-30,0
002149,2026-09-30,0
002150,2026-09-30,0
002151,2026-09-30,0
002152,2026-09-30,0
002153,2026-09-30,0
002154,2026-09-30,0
002155,2026-09-30,0
002156,2026-09-30,0
002157,2026-09-30,0
002158,2026-09-30,0
002159,2026-09-30,0
002160,2026-09-30,0
002161,2026-09-30,0
002162,2026-09-30,0
002163,2026-09-30,0
002164,2026-09-30,1
002165,2026-09-30,0
002166,2026-09-30,0
002167,2026-09-30,0
002169,2026-09-30,0
002170,2026-09-30,0
002171,2026-09-30,0
002172,2026-09-30,0
002173,2026-09-30,0
002174,2026-09-30,0
002176,2026-09-30,0
002177,2026-09-30,0
002178,2026-09-30,0
002179,2026-09-30,0
002180,2026-09-30,0
002181,2026-09-30,0
002182,2026-09-30,0
002183,2026-09-30,0
002184,2026-09-30,0
002185,2026-09-30,0
002186,2026-09-30,0
002187,2026-09-30,0
002188,2026-09-30,1
002189,2026-09-30,0
002190,2026-09-30,0
002191,2026-09-30,0
002192,2026-09-30,0
002194,2026-09-30,0
002195,2026-09-30,0
002196,2026-09-30,0
002197,2026-09-30,0
002199,2026-09-30,0
002200,2026-09-30,0
002201,2026-09-30,0
002202,2026-09-30,0
002203,2026-09-30,0
002204,2026-09-30,0
002205,2026-09-30,0
002206,2026-09-30,0
002208,2026-09-30,0
002209,2026-09-30,0
002210,2026-09-30,0
002212,2026-09-30,0
002213,2026-09-30,0
002215,2026-09-30,0
002216,2026-09-30,0
002218,2026-09-30,0
002219,2026-09-30,0
002221,2026-09-30,0
002222,2026-09-30,0
002223,2026-09-30,0
002224,2026-09-30,0
002225,2026-09-30,0
002226,2026-09-30,1
002228,2026-09-30,0
002229,2026-09-30,0
002230,2026-09-30,0
002232,2026-09-30,0
002233,2026-09-30,0
002234,2026-09-30,0
002235,2026-09-30,0
002236,2026-09-30,0
002237,2026-09-30,0
002238,2026-09-30,0
002239,2026-09-30,0
002240,2026-09-30,0
002241,2026-09-30,0
002242,2026-09-30,3
002243,2026-09-30,0
002244,2026-09-30,0
002245,2026-09-30,0
002246,2026-09-30,0
002247,2026-09-30,0
002248,2026-09-30,0
002249,2026-09-30,0
002250,2026-09-30,0
002251,2026-09-30,0
002252,2026-09-30,0
002253,2026-09-30,0
002254,2026-09-30,0
002255,2026-09-30,0
002256,2026-09-30,0
002258,2026-09-30,0
002259,2026-09-30,0
002261,2026-09-30,0
002262,2026-09-30,0
002263,2026-09-30,0
002264,2026-09-30,0
002265,2026-09-30,0
002266,2026-09-30,0
002267,2026-09-30,0
002268,2026-09-30,0
002269,2026-09-30,0
002270,2026-09-30,0
002271,2026-09-30,0
002272,2026-09-30,0
002273,2026-09-30,0
002274,2026-09-30,0
002275,2026-09-30,0
002276,2026-09-30,0
002277,2026-09-30,0
002278,2026-09-30,0
002279,2026-09-30,0
002281,2026-09-30,0
002282,2026-09-30,0
002283,2026-09-30,0
002284,2026-09-30,0
002285,2026-09-30,0
002286,2026-09-30,0
002287,2026-09-30,0
002289,2026-09-30,0
002290,2026-09-30,0
002291,2026-09-30,0
002292,2026-09-30,0
002293,2026-09-30,0
002294,2026-09-30,0
002295,2026-09-30,0
002296,2026-09-30,0
002297,2026-09-30,0
002298,2026-09-30,0
002299,2026-09-30,0
002300,2026-09-30,0
002301,2026-09-30,0
002302,2026-09-30,0
002303,2026-09-30,0
002304,2026-09-30,0
002307,2026-09-30,0
002309,2026-09-30,0
002310,2026-09-30,0
002311,2026-09-30,0
002312,2026-09-30,0
002313,2026-09-30,0
002314,2026-09-30,0
002315,2026-09-30,0
002316,2026-09-30,1
002317,2026-09-30,0
002318,2026-09-30,0
002319,2026-09-30,0
002320,2026-09-30,0
002321,2026-09-30,0
002322,2026-09-30,0
002324,2026-09-30,0
002326,2026-09-30,0
002327,2026-09-30,0
002328,2026-09-30,0
002329,2026-09-30,0
002330,2026-09-30,0
002331,2026-09-30,0
002332,2026-09-30,0
002333,2026-09-30,0
002334,2026-09-30,0
002335,2026-09-30,0
002337,2026-09-30,0
002338,2026-09-30,0
002339,2026-09-30,0
002340,2026-09-30,0
002342,2026-09-30,0
002343,2026-09-30,0
002344,2026-09-30,0
002345,2026-09-30,0
002346,2026-09-30,0
002347,2026-09-30,0
002348,2026-09-30,0
002349,2026-09-30,0
002350,2026-09-30,0
002351,2026-09-30,0
002352,2026-09-30,0
002353,2026-09-30,0
002354,2026-09-30,0
002355,2026-09-30,0
002356,2026-09-30,0
002357,2026-09-30,0
002358,2026-09-30,0
002361,2026-09-30,0
002362,2026-09-30,0
002363,2026-09-30,0
002364,2026-09-30,0
002365,2026-09-30,0
002366,2026-09-30,0
002367,2026-09-30,0
002368,2026-09-30,0
002369,2026-09-30,0
002370,2026-09-30,0
002371,2026-09-30,0
002372,2026-09-30,0
002373,2026-09-30,0
002374,2026-09-30,0
002375,2026-09-30,0
002376,2026-09-30,0
002377,2026-09-30,0
002378,2026-09-30,0
002379,2026-09-30,0
002380,2026-09-30,0
002381,2026-09-30,0
002382,2026-09-30,0
002383,2026-09-30,0
002384,2026-09-30,0
002385,2026-09-30,0
002386,2026-09-30,0
002387,2026-09-30,0
002388,2026-09-30,1
002389,2026-09-30,0
002390,2026-09-30,0
002391,2026-09-30,0
002392,2026-09-30,0
002393,2026-09-30,0
002394,2026-09-30,0
002395,2026-09-30,0
002396,2026-09-30,0
002397,2026-09-30,0
002398,2026-09-30,0
002399,2026-09-30,0
002400,2026-09-30,0
002401,2026-09-30,0
002402,2026-09-30,0
002403,2026-09-30,0
002404,2026-09-30,0
002405,2026-09-30,0
002406,2026-09-30,0
002407,2026-09-30,0
002408,2026-09-30,0
002409,2026-09-30,0
002410,2026-09-30,0
002412,2026-09-30,0
002413,2026-09-30,0
002414,2026-09-30,0
002415,2026-09-30,0
002416,2026-09-30,0
002418,2026-09-30,0
002419,2026-09-30,1
002420,2026-09-30,0
002421,2026-09-30,0
002422,2026-09-30,0
002423,2026-09-30,0
002425,2026-09-30,0
002426,2026-09-30,0
002427,2026-09-30,0
002428,2026-09-30,0
002429,2026-09-30,0
002430,2026-09-30,0
002432,2026-09-30,0
002434,2026-09-30,0
002436,2026-09-30,0
002437,2026-09-30,0
002438,2026-09-30,0
002439,2026-09-30,0
002440,2026-09-30,0
002441,2026-09-30,0
002442,2026-09-30,0
002443,2026-09-30,0
002444,2026-09-30,0
002445,2026-09-30,0
002446,2026-09-30,0
002448,2026-09-30,0
002449,2026-09-30,0
002451,2026-09-30,0
002452,2026-09-30,0
002453,2026-09-30,0
002454,2026-09-30,1
002455,2026-09-30,0
002456,2026-09-30,0
002457,2026-09-30,0
002458,2026-09-30,0
002459,2026-09-30,0
002460,2026-09-30,0
002461,2026-09-30,0
002462,2026-09-30,0
002463,2026-09-30,0
002465,2026-09-30,0
002466,2026-09-30,0
002467,2026-09-30,0
002468,2026-09-30,0
002469,2026-09-30,0
002470,2026-09-30,0
002471,2026-09-30,0
002472,2026-09-30,0
002474,2026-09-30,0
002475,2026-09-30,0
002476,2026-09-30,0
002478,2026-09-30,0
002479,2026-09-30,0
002480,2026-09-30,0
002481,2026-09-30,0
002482,2026-09-30,0
002483,2026-09-30,0
002484,2026-09-30,0
002486,2026-09-30,0
002487,2026-09-30,0
002488,2026-09-30,0
002489,2026-09-30,0
002490,2026-09-30,0
002491,2026-09-30,0
002492,2026-09-30,0
002493,2026-09-30,0
002494,2026-09-30,0
002495,2026-09-30,0
002496,2026-09-30,0
002497,2026-09-30,0
002498,2026-09-30,0
002500,2026-09-30,0
002506,2026-09-30,0
002507,2026-09-30,0
002508,2026-09-30,0
002510,2026-09-30,0
002511,2026-09-30,0
002513,2026-09-30,0
002515,2026-09-30,0
002516,2026-09-30,0
002517,2026-09-30,0
002518,2026-09-30,0
002519,2026-09-30,0
002520,2026-09-30,0
002521,2026-09-30,0
002522,2026-09-30,0
002523,2026-09-30,0
002524,2026-09-30,0
002526,2026-09-30,0
002527,2026-09-30,0
002529,2026-09-30,0
002530,2026-09-30,0
002531,2026-09-30,0
002532,2026-09-30,0
002533,2026-09-30,0
002534,2026-09-30,0
002535,2026-09-30,0
002536,2026-09-30,0
002537,2026-09-30,0
002539,2026-09-30,0
002540,2026-09-30,0
002541,2026-09-30,0
002543,2026-09-30,0
002544,2026-09-30,0
002545,2026-09-30,0
002546,2026-09-30,0
002548,2026-09-30,0
002549,2026-09-30,0
002550,2026-09-30,0
002551,2026-09-30,0
002552,2026-09-30,0
002553,2026-09-30,0
002554,2026-09-30,0
002555,2026-09-30,0
002556,2026-09-30,0
002557,2026-09-30,0
002558,2026-09-30,0
002559,2026-09-30,0
002560,2026-09-30,0
002561,2026-09-30,0
002562,2026-09-30,0
002563,2026-09-30,0
002564,2026-09-30,0
002565,2026-09-30,0
002566,2026-09-30,0
002567,2026-09-30,0
002568,2026-09-30,0
002570,2026-09-30,0
002571,2026-09-30,0
002572,2026-09-30,0
002573,2026-09-30,0
002574,2026-09-30,0
002575,2026-09-30,0
002576,2026-09-30,0
002577,2026-09-30,0
002578,2026-09-30,0
002579,2026-09-30,0
002580,2026-09-30,0
002582,2026-09-30,0
002583,2026-09-30,0
002584,2026-09-30,0
002585,2026-09-30,0
002587,2026-09-30,0
002588,2026-09-30,0
002589,2026-09-30,0
002590,2026-09-30,0
002591,2026-09-30,0
002593,2026-09-30,0
002594,2026-09-30,0
002595,2026-09-30,0
002596,2026-09-30,0
002597,2026-09-30,0
002599,2026-09-30,0
002600,2026-09-30,0
002601,2026-09-30,0
002602,2026-09-30,0
002603,2026-09-30,0
002605,2026-09-30,0
002606,2026-09-30,0
002607,2026-09-30,0
002608,2026-09-30,0
002609,2026-09-30,0
002611,2026-09-30,0
002612,2026-09-30,0
002613,2026-09-30,0
002614,2026-09-30,0
002615,2026-09-30,0
002616,2026-09-30,0
002617,2026-09-30,0
002622,2026-09-30,0
002623,2026-09-30,0
002624,2026-09-30,0
002625,2026-09-30,0
002626,2026-09-30,0
002627,2026-09-30,0
002628,2026-09-30,0
002629,2026-09-30,0
002631,2026-09-30,0
002632,2026-09-30,0
002633,2026-09-30,0
002635,2026-09-30,0
002636,2026-09-30,0
002637,2026-09-30,0
002638,2026-09-30,0
002639,2026-09-30,0
002640,2026-09-30,0
002641,2026-09-30,0
002642,2026-09-30,0
002643,2026-09-30,0
002644,2026-09-30,0
002645,2026-09-30,0
002646,2026-09-30,0
002647,2026-09-30,0
002648,2026-09-30,0
002649,2026-09-30,0
002651,2026-09-30,0
002652,2026-09-30,0
002653,2026-09-30,0
002654,2026-09-30,0
002655,2026-09-30,0
002656,2026-09-30,0
002657,2026-09-30,0
002658,2026-09-30,0
002659,2026-09-30,0
002660,2026-09-30,0
002661,2026-09-30,0
002662,2026-09-30,0
002663,2026-09-30,0
002664,2026-09-30,0
002666,2026-09-30,0
002668,2026-09-30,0
002669,2026-09-30,0
002670,2026-09-30,0
002671,2026-09-30,0
002672,2026-09-30,0
002673,2026-09-30,0
002674,2026-09-30,0
002675,2026-09-30,0
002676,2026-09-30,0
002677,2026-09-30,0
002678,2026-09-30,0
002679,2026-09-30,0
002681,2026-09-30,0
002682,2026-09-30,0
002683,2026-09-30,0
002685,2026-09-30,0
002686,2026-09-30,0
002687,2026-09-30,0
002688,2026-09-30,0
002690,2026-09-30,0
002692,2026-09-30,0
002693,2026-09-30,0
002695,2026-09-30,0
002696,2026-09-30,0
002697,2026-09-30,0
002698,2026-09-30,0
002700,2026-09-30,0
002701,2026-09-30,0
002702,2026-09-30,0
002703,2026-09-30,0
002705,2026-09-30,0
002706,2026-09-30,0
002707,2026-09-30,0
002708,2026-09-30,0
002709,2026-09-30,0
002712,2026-09-30,0
002713,2026-09-30,0
002714,2026-09-30,0
002715,2026-09-30,0
002716,2026-09-30,0
002718,2026-09-30,0
002721,2026-09-30,0
002722,2026-09-30,0
002723,2026-09-30,0
002724,2026-09-30,0
002725,2026-09-30,0
002727,2026-09-30,0
002728,2026-09-30,0
002729,2026-09-30,0
002730,2026-09-30,0
002732,2026-09-30,0
002733,2026-09-30,0
002734,2026-09-30,0
002735,2026-09-30,0
002736,2026-09-30,0
002737,2026-09-30,0
002738,2026-09-30,0
002739,2026-09-30,0
002741,2026-09-30,0
002742,2026-09-30,0
002743,2026-09-30,0
002745,2026-09-30,0
002746,2026-09-30,0
002747,2026-09-30,0
002748,2026-09-30,0
002749,2026-09-30,0
002752,2026-09-30,0
002753,2026-09-30,0
002755,2026-09-30,1
002756,2026-09-30,0
002757,2026-09-30,0
002758,2026-09-30,0
002760,2026-09-30,0
002761,2026-09-30,0
002762,2026-09-30,0
002763,2026-09-30,0
002765,2026-09-30,0
002766,2026-09-30,0
002767,2026-09-30,0
002768,2026-09-30,0
002769,2026-09-30,0
002771,2026-09-30,0
002772,2026-09-30,0
002773,2026-09-30,0
002774,2026-09-30,0
002775,2026-09-30,0
002777,2026-09-30,0
002778,2026-09-30,0
002779,2026-09-30,0
002780,2026-09-30,0
002782,2026-09-30,0
002783,2026-09-30,0
002785,2026-09-30,0
002786,2026-09-30,0
002787,2026-09-30,0
002788,2026-09-30,0
002790,2026-09-30,0
002791,2026-09-30,0
002792,2026-09-30,0
002793,2026-09-30,0
002795,2026-09-30,0
002796,2026-09-30,0
002797,2026-09-30,0
002798,2026-09-30,0
002799,2026-09-30,0
002800,2026-09-30,0
002801,2026-09-30,0
002802,2026-09-30,0
002803,2026-09-30,0
002805,2026-09-30,0
002806,2026-09-30,0
002807,2026-09-30,0
002809,2026-09-30,0
002810,2026-09-30,0
002811,2026-09-30,0
002812,2026-09-30,0
002813,2026-09-30,0
002815,2026-09-30,0
002817,2026-09-30,0
002818,2026-09-30,0
002819,2026-09-30,0
002820,2026-09-30,0
002821,2026-09-30,0
002823,2026-09-30,0
002824,2026-09-30,0
002825,2026-09-30,0
002826,2026-09-30,0
002827,2026-09-30,0
002828,2026-09-30,0
002829,2026-09-30,0
002830,2026-09-30,0
002831,2026-09-30,0
002832,2026-09-30,0
002833,2026-09-30,0
002835,2026-09-30,0
002836,2026-09-30,0
002837,2026-09-30,0
002838,2026-09-30,0
002839,2026-09-30,0
002840,2026-09-30,0
002841,2026-09-30,0
002842,2026-09-30,0
002843,2026-09-30,0
002845,2026-09-30,0
002846,2026-09-30,0
002847,2026-09-30,0
002848,2026-09-30,0
002849,2026-09-30,0
002850,2026-09-30,0
002851,2026-09-30,0
002852,2026-09-30,0
002853,2026-09-30,0
002855,2026-09-30,0
002857,2026-09-30,0
002858,2026-09-30,0
002859,2026-09-30,0
002860,2026-09-30,0
002861,2026-09-30,0
002862,2026-09-30,0
002863,2026-09-30,0
002864,2026-09-30,0
002865,2026-09-30,0
002866,2026-09-30,2
002867,2026-09-30,0
002868,2026-09-30,0
002869,2026-09-30,0
002870,2026-09-30,0
002871,2026-09-30,0
002873,2026-09-30,0
002875,2026-09-30,0
002876,2026-09-30,0
002877,2026-09-30,0
002878,2026-09-30,0
002879,2026-09-30,0
002880,2026-09-30,0
002881,2026-09-30,0
002882,2026-09-30,0
002884,2026-09-30,0
002885,2026-09-30,0
002886,2026-09-30,0
002887,2026-09-30,0
002888,2026-09-30,0
002889,2026-09-30,0
002890,2026-09-30,0
002891,2026-09-30,0
002892,2026-09-30,0
002893,2026-09-30,0
002895,2026-09-30,0
002896,2026-09-30,0
002897,2026-09-30,0
002899,2026-09-30,0
002900,2026-09-30,0
002901,2026-09-30,0
002902,2026-09-30,0
002903,2026-09-30,0
002905,2026-09-30,0
002906,2026-09-30,0
002907,2026-09-30,0
002908,2026-09-30,0
002909,2026-09-30,0
002910,2026-09-30,0
002911,2026-09-30,0
002912,2026-09-30,0
002913,2026-09-30,0
002915,2026-09-30,0
002916,2026-09-30,0
002917,2026-09-30,0
002918,2026-09-30,0
002919,2026-09-30,0
002920,2026-09-30,0
002921,2026-09-30,0
002922,2026-09-30,0
002923,2026-09-30,0
002925,2026-09-30,0
002926,2026-09-30,0
002927,2026-09-30,0
002928,2026-09-30,0
002929,2026-09-30,0
002930,2026-09-30,0
002931,2026-09-30,0
002933,2026-09-30,0
002935,2026-09-30,0
002936,2026-09-30,0
002937,2026-09-30,0
002938,2026-09-30,0
002939,2026-09-30,0
002940,2026-09-30,0
002941,2026-09-30,0
002942,2026-09-30,0
002943,2026-09-30,0
002945,2026-09-30,0
002946,2026-09-30,0
002947,2026-09-30,0
002948,2026-09-30,0
002949,2026-09-30,0
002950,2026-09-30,0
002951,2026-09-30,0
002952,2026-09-30,0
002953,2026-09-30,0
002955,2026-09-30,0
002956,2026-09-30,0
002957,2026-09-30,0
002958,2026-09-30,0
002959,2026-09-30,0
002960,2026-09-30,0
002961,2026-09-30,0
002962,2026-09-30,1
002963,2026-09-30,0
002965,2026-09-30,0
002966,2026-09-30,0
002967,2026-09-30,0
002968,2026-09-30,0
002969,2026-09-30,0
002970,2026-09-30,0
002971,2026-09-30,0
002972,2026-09-30,0
002973,2026-09-30,0
002975,2026-09-30,0
002976,2026-09-30,0
002978,2026-09-30,0
002979,2026-09-30,0
002980,2026-09-30,0
002981,2026-09-30,0
002982,2026-09-30,0
002983,2026-09-30,0
002984,2026-09-30,0
002985,2026-09-30,0
002986,2026-09-30,0
002987,2026-09-30,0
002988,2026-09-30,0
002989,2026-09-30,0
002990,2026-09-30,0
002991,2026-09-30,0
002992,2026-09-30,0
002993,2026-09-30,0
002995,2026-09-30,0
002996,2026-09-30,0
002997,2026-09-30,0
002998,2026-09-30,0
002999,2026-09-30,0
003000,2026-09-30,0
003001,2026-09-30,0
003002,2026-09-30,0
003003,2026-09-30,0
003004,2026-09-30,0
003005,2026-09-30,0
003006,2026-09-30,0
003007,2026-09-30,0
003008,2026-09-30,0
003009,2026-09-30,0
003010,2026-09-30,0
003011,2026-09-30,0
003012,2026-09-30,0
003013,2026-09-30,0
003015,2026-09-30,0
003016,2026-09-30,0
003017,2026-09-30,0
003018,2026-09-30,0
003019,2026-09-30,0
003020,2026-09-30,0
003021,2026-09-30,0
003022,2026-09-30,0
003023,2026-09-30,0
003025,2026-09-30,0
003026,2026-09-30,0
003027,2026-09-30,0
003028,2026-09-30,0
003029,2026-09-30,0
003030,2026-09-30,0
003031,2026-09-30,0
003032,2026-09-30,0
003033,2026-09-30,0
003035,2026-09-30,0
003036,2026-09-30,0
003037,2026-09-30,0
003038,2026-09-30,0
003039,2026-09-30,0
003040,2026-09-30,0
003041,2026-09-30,0
003042,2026-09-30,0
003043,2026-09-30,0
003816,2026-09-30,0
300002,2026-09-30,0
300003,2026-09-30,0
300004,2026-09-30,0
300005,2026-09-30,0
300006,2026-09-30,0
300007,2026-09-30,0
300008,2026-09-30,0
300009,2026-09-30,0
300011,2026-09-30,0
300012,2026-09-30,0
300013,2026-09-30,0
300014,2026-09-30,0
300015,2026-09-30,0
300016,2026-09-30,0
300017,2026-09-30,0
300018,2026-09-30,0
300019,2026-09-30,0
300021,2026-09-30,0
300022,2026-09-30,0
300024,2026-09-30,0
300025,2026-09-30,0
300026,2026-09-30,0
300030,2026-09-30,0
300031,2026-09-30,0
300032,2026-09-30,0
300033,2026-09-30,0
300034,2026-09-30,0
300035,2026-09-30,0
300036,2026-09-30,0
300037,2026-09-30,0
300039,2026-09-30,0
300040,2026-09-30,0
300041,2026-09-30,0
300042,2026-09-30,0
300043,2026-09-30,0
300045,2026-09-30,0
300046,2026-09-30,0
300047,2026-09-30,0
300048,2026-09-30,0
300049,2026-09-30,0
300050,2026-09-30,0
300051,2026-09-30,0
300052,2026-09-30,0
300053,2026-09-30,0
300054,2026-09-30,0
300055,2026-09-30,0
300056,2026-09-30,0
300057,2026-09-30,0
300058,2026-09-30,0
300059,2026-09-30,0
300061,2026-09-30,0
300062,2026-09-30,0
300063,2026-09-30,0
300065,2026-09-30,0
300066,2026-09-30,0
300067,2026-09-30,0
300069,2026-09-30,0
300070,2026-09-30,0
300071,2026-09-30,0
300072,2026-09-30,0
300073,2026-09-30,0
300074,2026-09-30,0
300075,2026-09-30,0
300077,2026-09-30,0
300078,2026-09-30,0
300079,2026-09-30,0
300080,2026-09-30,0
300082,2026-09-30,0
300083,2026-09-30,0
300084,2026-09-30,0
300085,2026-09-30,0
300086,2026-09-30,0
300088,2026-09-30,0
300092,2026-09-30,0
300093,2026-09-30,0
300094,2026-09-30,0
300095,2026-09-30,0
300097,2026-09-30,0
300098,2026-09-30,0
300099,2026-09-30,0
300100,2026-09-30,0
300101,2026-09-30,0
300102,2026-09-30,0
300103,2026-09-30,0
300105,2026-09-30,0
300106,2026-09-30,0
300107,2026-09-30,0
300109,2026-09-30,0
300110,2026-09-30,0
300111,2026-09-30,0
300112,2026-09-30,0
300113,2026-09-30,0
300115,2026-09-30,0
300118,2026-09-30,0
300119,2026-09-30,0
300120,2026-09-30,0
300121,2026-09-30,0
300122,2026-09-30,0
300124,2026-09-30,0
300126,2026-09-30,0
300127,2026-09-30,0
300128,2026-09-30,0
300129,2026-09-30,0
300130,2026-09-30,0
300131,2026-09-30,0
300132,2026-09-30,0
300133,2026-09-30,0
300134,2026-09-30,0
300135,2026-09-30,0
300136,2026-09-30,0
300137,2026-09-30,0
300138,2026-09-30,0
300139,2026-09-30,0
300140,2026-09-30,0
300141,2026-09-30,0
300142,2026-09-30,0
300143,2026-09-30,0
300144,2026-09-30,0
300145,2026-09-30,0
300146,2026-09-30,0
300148,2026-09-30,0
300149,2026-09-30,0
300150,2026-09-30,0
300151,2026-09-30,0
300153,2026-09-30,0
300154,2026-09-30,0
300155,2026-09-30,0
300157,2026-09-30,0
300158,2026-09-30,0
300159,2026-09-30,0
300160,2026-09-30,0
300161,2026-09-30,0
300162,2026-09-30,0
300163,2026-09-30,0
300164,2026-09-30,0
300165,2026-09-30,0
300166,2026-09-30,0
300168,2026-09-30,0
300169,2026-09-30,0
300170,2026-09-30,0
300171,2026-09-30,0
300172,2026-09-30,0
300174,2026-09-30,0
300175,2026-09-30,0
300176,2026-09-30,0
300177,2026-09-30,0
300179,2026-09-30,0
300180,2026-09-30,0
300181,2026-09-30,0
300182,2026-09-30,0
300183,2026-09-30,0
300184,2026-09-30,0
300185,2026-09-30,0
300187,2026-09-30,0
300188,2026-09-30,0
300189,2026-09-30,0
300190,2026-09-30,0
300191,2026-09-30,0
300192,2026-09-30,0
300193,2026-09-30,0
300194,2026-09-30,0
300195,2026-09-30,0
300196,2026-09-30,0
300197,2026-09-30,0
300199,2026-09-30,0
300200,2026-09-30,0
300201,2026-09-30,0
300203,2026-09-30,0
300204,2026-09-30,0
300206,2026-09-30,0
300207,2026-09-30,0
300209,2026-09-30,0
300210,2026-09-30,0
300213,2026-09-30,0
300214,2026-09-30,0
300215,2026-09-30,0
300217,2026-09-30,0
300218,2026-09-30,0
300219,2026-09-30,0
300220,2026-09-30,0
300221,2026-09-30,0
300222,2026-09-30,0
300223,2026-09-30,0
300224,2026-09-30,0
300225,2026-09-30,0
300226,2026-09-30,0
300227,2026-09-30,0
300228,2026-09-30,0
300229,2026-09-30,0
300230,2026-09-30,0
300231,2026-09-30,0
300232,2026-09-30,0
300233,2026-09-30,0
300234,2026-09-30,0
300235,2026-09-30,0
300236,2026-09-30,0
300238,2026-09-30,0
300239,2026-09-30,0
300240,2026-09-30,0
300241,2026-09-30,0
300242,2026-09-30,0
300243,2026-09-30,0
300244,2026-09-30,0
300246,2026-09-30,0
300247,2026-09-30,0
300248,2026-09-30,0
300249,2026-09-30,0
300250,2026-09-30,0
300251,2026-09-30,0
300252,2026-09-30,0
300253,2026-09-30,0
300254,2026-09-30,0
300255,2026-09-30,0
300256,2026-09-30,0
300257,2026-09-30,0
300258,2026-09-30,0
300259,2026-09-30,0
300260,2026-09-30,0
300261,2026-09-30,0
300263,2026-09-30,0
300264,2026-09-30,0
300265,2026-09-30,0
300266,2026-09-30,0
300267,2026-09-30,0
300268,2026-09-30,0
300269,2026-09-30,0
300270,2026-09-30,0
300271,2026-09-30,0
300272,2026-09-30,0
300274,2026-09-30,0
300275,2026-09-30,0
300276,2026-09-30,0
300277,2026-09-30,0
300278,2026-09-30,0
300279,2026-09-30,0
300281,2026-09-30,0
300283,2026-09-30,0
300284,2026-09-30,0
300285,2026-09-30,0
300286,2026-09-30,0
300287,2026-09-30,0
300288,2026-09-30,0
300289,2026-09-30,0
300291,2026-09-30,0
300292,2026-09-30,0
300293,2026-09-30,0
300294,2026-09-30,0
300296,2026-09-30,0
300298,2026-09-30,0
300299,2026-09-30,0
300300,2026-09-30,0
300302,2026-09-30,0
300303,2026-09-30,0
300304,2026-09-30,0
300305,2026-09-30,0
300306,2026-09-30,0
300307,2026-09-30,0
300308,2026-09-30,0
300310,2026-09-30,0
300313,2026-09-30,0
300314,2026-09-30,0
300315,2026-09-30,0
300316,2026-09-30,0
300317,2026-09-30,0
300318,2026-09-30,0
300319,2026-09-30,0
300320,2026-09-30,0
300321,2026-09-30,0
300322,2026-09-30,0
300323,2026-09-30,0
300324,2026-09-30,0
300327,2026-09-30,0
300328,2026-09-30,0
300329,2026-09-30,0
300331,2026-09-30,0
300332,2026-09-30,0
300333,2026-09-30,0
300334,2026-09-30,0
300335,2026-09-30,0
300337,2026-09-30,0
300339,2026-09-30,0
300340,2026-09-30,0
300341,2026-09-30,0
300342,2026-09-30,0
300343,2026-09-30,0
300345,2026-09-30,0
300346,2026-09-30,0
300347,2026-09-30,0
300348,2026-09-30,0
300349,2026-09-30,0
300350,2026-09-30,0
300351,2026-09-30,0
300353,2026-09-30,0
300354,2026-09-30,0
300355,2026-09-30,0
300357,2026-09-30,0
300358,2026-09-30,0
300359,2026-09-30,0
300360,2026-09-30,0
300363,2026-09-30,0
300364,2026-09-30,0
300365,2026-09-30,0
300368,2026-09-30,0
300369,2026-09-30,0
300370,2026-09-30,0
300371,2026-09-30,0
300373,2026-09-30,0
300374,2026-09-30,0
300375,2026-09-30,0
300376,2026-09-30,0
300377,2026-09-30,0
300378,2026-09-30,0
300380,2026-09-30,0
300381,2026-09-30,0
300382,2026-09-30,0
300383,2026-09-30,0
300384,2026-09-30,0
300386,2026-09-30,0
300387,2026-09-30,0
300388,2026-09-30,0
300389,2026-09-30,0
300390,2026-09-30,0
300393,2026-09-30,0
300394,2026-09-30,0
300395,2026-09-30,0
300397,2026-09-30,0
300398,2026-09-30,0
300399,2026-09-30,0
300400,2026-09-30,0
300401,2026-09-30,0
300402,2026-09-30,0
300403,2026-09-30,0
300404,2026-09-30,0
300405,2026-09-30,0
300406,2026-09-30,0
300407,2026-09-30,0
300408,2026-09-30,0
300409,2026-09-30,0
300410,2026-09-30,0
300411,2026-09-30,0
300412,2026-09-30,0
300413,2026-09-30,0
300414,2026-09-30,0
300415,2026-09-30,0
300416,2026-09-30,0
300417,2026-09-30,0
300418,2026-09-30,0
300420,2026-09-30,0
300421,2026-09-30,0
300422,2026-09-30,0
300423,2026-09-30,0
300424,2026-09-30,0
300425,2026-09-30,0
300426,2026-09-30,0
300427,2026-09-30,0
300428,2026-09-30,0
300429,2026-09-30,0
300432,2026-09-30,0
300433,2026-09-30,0
300434,2026-09-30,0
300435,2026-09-30,0
300436,2026-09-30,0
300437,2026-09-30,0
300438,2026-09-30,0
300439,2026-09-30,0
300440,2026-09-30,0
300441,2026-09-30,0
300442,2026-09-30,0
300443,2026-09-30,0
300444,2026-09-30,0
300445,2026-09-30,0
300446,2026-09-30,0
300447,2026-09-30,0
300448,2026-09-30,0
300449,2026-09-30,0
300450,2026-09-30,0
300451,2026-09-30,0
300452,2026-09-30,0
300453,2026-09-30,0
300454,2026-09-30,0
300455,2026-09-30,0
300456,2026-09-30,0
300457,2026-09-30,0
300458,2026-09-30,0
300459,2026-09-30,0
300461,2026-09-30,0
300463,2026-09-30,0
300464,2026-09-30,0
300465,2026-09-30,0
300466,2026-09-30,0
300467,2026-09-30,0
300468,2026-09-30,0
300469,2026-09-30,0
300470,2026-09-30,0
300471,2026-09-30,0
300473,2026-09-30,0
300474,2026-09-30,0
300475,2026-09-30,0
300476,2026-09-30,0
300478,2026-09-30,0
300479,2026-09-30,0
300480,2026-09-30,0
300481,2026-09-30,0
300482,2026-09-30,0
300483,2026-09-30,0
300484,2026-09-30,0
300485,2026-09-30,0
300486,2026-09-30,0
300487,2026-09-30,0
300488,2026-09-30,0
300489,2026-09-30,0
300490,2026-09-30,0
300491,2026-09-30,0
300492,2026-09-30,0
300493,2026-09-30,0
300494,2026-09-30,0
300496,2026-09-30,0
300497,2026-09-30,0
300498,2026-09-30,0
300499,2026-09-30,0
300500,2026-09-30,0
300501,2026-09-30,0
300502,2026-09-30,0
300503,2026-09-30,0
300504,2026-09-30,0
300505,2026-09-30,0
300506,2026-09-30,0
300507,2026-09-30,0
300508,2026-09-30,0
300509,2026-09-30,0
300510,2026-09-30,0
300511,2026-09-30,0
300512,2026-09-30,0
300513,2026-09-30,0
300514,2026-09-30,0
300515,2026-09-30,0
300516,2026-09-30,0
300517,2026-09-30,0
300518,2026-09-30,0
300519,2026-09-30,0
300520,2026-09-30,0
300521,2026-09-30,0
300522,2026-09-30,0
300523,2026-09-30,0
300525,2026-09-30,0
300528,2026-09-30,0
300529,2026-09-30,0
300530,2026-09-30,0
300531,2026-09-30,0
300532,2026-09-30,0
300533,2026-09-30,0
300534,2026-09-30,0
300535,2026-09-30,0
300536,2026-09-30,0
300537,2026-09-30,0
300538,2026-09-30,0
300539,2026-09-30,0
300540,2026-09-30,0
300541,2026-09-30,0
300542,2026-09-30,0
300543,2026-09-30,0
300545,2026-09-30,0
300546,2026-09-30,0
300547,2026-09-30,0
300548,2026-09-30,0
300549,2026-09-30,0
300550,2026-09-30,0
300551,2026-09-30,0
300552,2026-09-30,0
300553,2026-09-30,0
300554,2026-09-30,0
300556,2026-09-30,0
300557,2026-09-30,0
300558,2026-09-30,0
300559,2026-09-30,0
300560,2026-09-30,0
300561,2026-09-30,0
300562,2026-09-30,0
300563,2026-09-30,0
300564,2026-09-30,0
300565,2026-09-30,0
300566,2026-09-30,0
300567,2026-09-30,0
300568,2026-09-30,0
300569,2026-09-30,0
300570,2026-09-30,0
300571,2026-09-30,0
300572,2026-09-30,0
300573,2026-09-30,0
300575,2026-09-30,0
300576,2026-09-30,0
300577,2026-09-30,0
300578,2026-09-30,0
300579,2026-09-30,0
300580,2026-09-30,0
300581,2026-09-30,0
300582,2026-09-30,0
300583,2026-09-30,0
300584,2026-09-30,0
300585,2026-09-30,0
300586,2026-09-30,0
300587,2026-09-30,0
300588,2026-09-30,0
300589,2026-09-30,0
300590,2026-09-30,0
300591,2026-09-30,0
300592,2026-09-30,0
300593,2026-09-30,0
300595,2026-09-30,0
300596,2026-09-30,0
300597,2026-09-30,0
300598,2026-09-30,0
300599,2026-09-30,0
300600,2026-09-30,0
300601,2026-09-30,0
300602,2026-09-30,0
300603,2026-09-30,0
300604,2026-09-30,0
300605,2026-09-30,0
300606,2026-09-30,0
300607,2026-09-30,0
300608,2026-09-30,0
300609,2026-09-30,0
300610,2026-09-30,0
300611,2026-09-30,0
300612,2026-09-30,0
300613,2026-09-30,0
300614,2026-09-30,0
300615,2026-09-30,0
300616,2026-09-30,0
300617,2026-09-30,0
300618,2026-09-30,0
300619,2026-09-30,0
300620,2026-09-30,0
300621,2026-09-30,0
300622,2026-09-30,0
300623,2026-09-30,0
300624,2026-09-30,0
300625,2026-09-30,0
300626,2026-09-30,0
300627,2026-09-30,0
300628,2026-09-30,0
300629,2026-09-30,0
300631,2026-09-30,0
300632,2026-09-30,0
300633,2026-09-30,0
300634,2026-09-30,0
300635,2026-09-30,0
300636,2026-09-30,0
300637,2026-09-30,0
300638,2026-09-30,0
300639,2026-09-30,0
300640,2026-09-30,0
300641,2026-09-30,0
300642,2026-09-30,0
300643,2026-09-30,0
300644,2026-09-30,0
300645,2026-09-30,0
300647,2026-09-30,0
300648,2026-09-30,0
300649,2026-09-30,0
300650,2026-09-30,0
300651,2026-09-30,0
300652,2026-09-30,0
300653,2026-09-30,0
300654,2026-09-30,0
300655,2026-09-30,0
300656,2026-09-30,0
300657,2026-09-30,0
300658,2026-09-30,0
300659,2026-09-30,0
300660,2026-09-30,0
300661,2026-09-30,0
300662,2026-09-30,0
300663,2026-09-30,0
300664,2026-09-30,0
300665,2026-09-30,0
300666,2026-09-30,0
300667,2026-09-30,0
300668,2026-09-30,0
300669,2026-09-30,0
300670,2026-09-30,0
300671,2026-09-30,0
300672,2026-09-30,0
300673,2026-09-30,0
300674,2026-09-30,0
300675,2026-09-30,0
300676,2026-09-30,0
300677,2026-09-30,0
300678,2026-09-30,0
300679,2026-09-30,0
300680,2026-09-30,0
300681,2026-09-30,0
300682,2026-09-30,0
300683,2026-09-30,0
300684,2026-09-30,0
300685,2026-09-30,0
300686,2026-09-30,0
300687,2026-09-30,0
300688,2026-09-30,0
300689,2026-09-30,0
300690,2026-09-30,0
300691,2026-09-30,0
300692,2026-09-30,0
300693,2026-09-30,0
300694,2026-09-30,0
300695,2026-09-30,0
300696,2026-09-30,0
300697,2026-09-30,0
300698,2026-09-30,0
300699,2026-09-30,0
300700,2026-09-30,0
300701,2026-09-30,0
300702,2026-09-30,0
300703,2026-09-30,0
300705,2026-09-30,0
300706,2026-09-30,0
300707,2026-09-30,0
300708,2026-09-30,0
300709,2026-09-30,0
300710,2026-09-30,0
300711,2026-09-30,0
300712,2026-09-30,0
300713,2026-09-30,0
300715,2026-09-30,0
300717,2026-09-30,0
300718,2026-09-30,0
300719,2026-09-30,0
300720,2026-09-30,0
300721,2026-09-30,0
300722,2026-09-30,0
300723,2026-09-30,0
300724,2026-09-30,0
300725,2026-09-30,0
300726,2026-09-30,0
300727,2026-09-30,0
300729,2026-09-30,0
300730,2026-09-30,0
300731,2026-09-30,0
300732,2026-09-30,0
300733,2026-09-30,0
300735,2026-09-30,0
300736,2026-09-30,0
300737,2026-09-30,0
300738,2026-09-30,0
300739,2026-09-30,0
300740,2026-09-30,0
300741,2026-09-30,0
300743,2026-09-30,0
300745,2026-09-30,0
300746,2026-09-30,0
300747,2026-09-30,0
300748,2026-09-30,0
300749,2026-09-30,0
300750,2026-09-30,0
300751,2026-09-30,0
300752,2026-09-30,0
300753,2026-09-30,0
300755,2026-09-30,0
300756,2026-09-30,0
300757,2026-09-30,0
300758,2026-09-30,0
300759,2026-09-30,0
300760,2026-09-30,0
300761,2026-09-30,0
300762,2026-09-30,0
300763,2026-09-30,0
300765,2026-09-30,0
300766,2026-09-30,0
300767,2026-09-30,0
300768,2026-09-30,0
300769,2026-09-30,0
300770,2026-09-30,0
300771,2026-09-30,0
300772,2026-09-30,0
300773,2026-09-30,0
300774,2026-09-30,0
300775,2026-09-30,0
300776,2026-09-30,0
300777,2026-09-30,0
300778,2026-09-30,0
300779,2026-09-30,0
300780,2026-09-30,0
300781,2026-09-30,0
300782,2026-09-30,0
300783,2026-09-30,0
300784,2026-09-30,0
300785,2026-09-30,0
300786,2026-09-30,0
300787,2026-09-30,0
300788,2026-09-30,0
300789,2026-09-30,0
300790,2026-09-30,0
300791,2026-09-30,0
300792,2026-09-30,0
300793,2026-09-30,0
300795,2026-09-30,0
300796,2026-09-30,0
300797,2026-09-30,0
300798,2026-09-30,0
300800,2026-09-30,0
300801,2026-09-30,0
300802,2026-09-30,0
300803,2026-09-30,0
300804,2026-09-30,0
300805,2026-09-30,0
300806,2026-09-30,0
300807,2026-09-30,0
300808,2026-09-30,0
300809,2026-09-30,0
300810,2026-09-30,0
300811,2026-09-30,0
300812,2026-09-30,0
300813,2026-09-30,0
300814,2026-09-30,0
300815,2026-09-30,0
300816,2026-09-30,0
300817,2026-09-30,0
300818,2026-09-30,0
300819,2026-09-30,0
300820,2026-09-30,0
300821,2026-09-30,0
300822,2026-09-30,0
300823,2026-09-30,0
300824,2026-09-30,0
300825,2026-09-30,0
300826,2026-09-30,0
300827,2026-09-30,0
300828,2026-09-30,0
300829,2026-09-30,0
300830,2026-09-30,0
300832,2026-09-30,0
300833,2026-09-30,0
300834,2026-09-30,0
300835,2026-09-30,0
300836,2026-09-30,0
300837,2026-09-30,0
300838,2026-09-30,0
300839,2026-09-30,0
300840,2026-09-30,0
300841,2026-09-30,0
300842,2026-09-30,0
300843,2026-09-30,0
300844,2026-09-30,0
300845,2026-09-30,0
300846,2026-09-30,0
300847,2026-09-30,0
300848,2026-09-30,0
300849,2026-09-30,0
300850,2026-09-30,0
300851,2026-09-30,0
300852,2026-09-30,0
300853,2026-09-30,0
300854,2026-09-30,0
300855,2026-09-30,0
300856,2026-09-30,0
300857,2026-09-30,0
300858,2026-09-30,0
300859,2026-09-30,0
300860,2026-09-30,0
300861,2026-09-30,0
300862,2026-09-30,0
300863,2026-09-30,0
300864,2026-09-30,0
300865,2026-09-30,0
300866,2026-09-30,0
300867,2026-09-30,0
300868,2026-09-30,0
300869,2026-09-30,0
300870,2026-09-30,0
300871,2026-09-30,0
300872,2026-09-30,0
300873,2026-09-30,0
300875,2026-09-30,0
300876,2026-09-30,0
300877,2026-09-30,0
300878,2026-09-30,0
300879,2026-09-30,0
300880,2026-09-30,0
300881,2026-09-30,0
300882,2026-09-30,0
300883,2026-09-30,0
300884,2026-09-30,0
300885,2026-09-30,0
300886,2026-09-30,0
300887,2026-09-30,0
300888,2026-09-30,0
300889,2026-09-30,0
300890,2026-09-30,0
300891,2026-09-30,0
300892,2026-09-30,0
300893,2026-09-30,1
300894,2026-09-30,0
300895,2026-09-30,0
300896,2026-09-30,0
300897,2026-09-30,0
300898,2026-09-30,0
300899,2026-09-30,0
300900,2026-09-30,0
300901,2026-09-30,0
300902,2026-09-30,0
300903,2026-09-30,0
300904,2026-09-30,0
300905,2026-09-30,0
300906,2026-09-30,0
300907,2026-09-30,0
300908,2026-09-30,0
300909,2026-09-30,0
300910,2026-09-30,0
300911,2026-09-30,0
300912,2026-09-30,0
300913,2026-09-30,0
300915,2026-09-30,0
300916,2026-09-30,0
300917,2026-09-30,0
300918,2026-09-30,0
300919,2026-09-30,0
300920,2026-09-30,0
300921,2026-09-30,0
300922,2026-09-30,0
300923,2026-09-30,0
300925,2026-09-30,0
300926,2026-09-30,0
300927,2026-09-30,0
300928,2026-09-30,0
300929,2026-09-30,0
300930,2026-09-30,0
300931,2026-09-30,0
300932,2026-09-30,0
300933,2026-09-30,0
300935,2026-09-30,0
300936,2026-09-30,0
300937,2026-09-30,0
300938,2026-09-30,0
300939,2026-09-30,0
300940,2026-09-30,0
300941,2026-09-30,0
300942,2026-09-30,0
300943,2026-09-30,0
300945,2026-09-30,0
300946,2026-09-30,0
300947,2026-09-30,0
300948,2026-09-30,0
300949,2026-09-30,0
300950,2026-09-30,0
300951,2026-09-30,0
300952,2026-09-30,0
300953,2026-09-30,0
300955,2026-09-30,0
300956,2026-09-30,0
300957,2026-09-30,0
300958,2026-09-30,0
300959,2026-09-30,0
300960,2026-09-30,0
300961,2026-09-30,0
300962,2026-09-30,0
300963,2026-09-30,0
300964,2026-09-30,0
300965,2026-09-30,0
300966,2026-09-30,0
300967,2026-09-30,0
300968,2026-09-30,0
300969,2026-09-30,0
300970,2026-09-30,0
300971,2026-09-30,0
300972,2026-09-30,0
300973,2026-09-30,0
300975,2026-09-30,0
300976,2026-09-30,0
300977,2026-09-30,0
300978,2026-09-30,0
300979,2026-09-30,0
300980,2026-09-30,0
300981,2026-09-30,0
300982,2026-09-30,0
300983,2026-09-30,0
300984,2026-09-30,0
300985,2026-09-30,0
300986,2026-09-30,0
300987,2026-09-30,0
300988,2026-09-30,0
300989,2026-09-30,0
300990,2026-09-30,0
300991,2026-09-30,0
300992,2026-09-30,0
300993,2026-09-30,0
300994,2026-09-30,0
300995,2026-09-30,0
300996,2026-09-30,0
300997,2026-09-30,0
300998,2026-09-30,0
300999,2026-09-30,0
301000,2026-09-30,0
301001,2026-09-30,0
301002,2026-09-30,0
301003,2026-09-30,0
301004,2026-09-30,0
301005,2026-09-30,0
301006,2026-09-30,0
301007,2026-09-30,0
301008,2026-09-30,0
301009,2026-09-30,0
301010,2026-09-30,0
301011,2026-09-30,0
301012,2026-09-30,0
301013,2026-09-30,0
301015,2026-09-30,0
301016,2026-09-30,0
301017,2026-09-30,0
301018,2026-09-30,0
301019,2026-09-30,0
301020,2026-09-30,0
301021,2026-09-30,0
301022,2026-09-30,0
301023,2026-09-30,0
301024,2026-09-30,0
301025,2026-09-30,0
301026,2026-09-30,0
301027,2026-09-30,0
301028,2026-09-30,0
301029,2026-09-30,0
301031,2026-09-30,0
301032,2026-09-30,0
301033,2026-09-30,0
301035,2026-09-30,0
301036,2026-09-30,0
301037,2026-09-30,0
301038,2026-09-30,0
301039,2026-09-30,0
301040,2026-09-30,0
301041,2026-09-30,0
301042,2026-09-30,0
301043,2026-09-30,0
301045,2026-09-30,0
301046,2026-09-30,0
301047,2026-09-30,0
301048,2026-09-30,0
301049,2026-09-30,0
301050,2026-09-30,0
301051,2026-09-30,0
301052,2026-09-30,0
301053,2026-09-30,0
301055,2026-09-30,0
301056,2026-09-30,0
301057,2026-09-30,0
301058,2026-09-30,0
301059,2026-09-30,0
301060,2026-09-30,0
301061,2026-09-30,0
301062,2026-09-30,0
301063,2026-09-30,0
301065,2026-09-30,0
301066,2026-09-30,0
301067,2026-09-30,0
301068,2026-09-30,0
301069,2026-09-30,0
301070,2026-09-30,0
301071,2026-09-30,0
301072,2026-09-30,0
301073,2026-09-30,0
301075,2026-09-30,0
301076,2026-09-30,0
301077,2026-09-30,0
301078,2026-09-30,0
301079,2026-09-30,0
301080,2026-09-30,0
301081,2026-09-30,0
301082,2026-09-30,0
301083,2026-09-30,0
301085,2026-09-30,0
301086,2026-09-30,0
301087,2026-09-30,0
301088,2026-09-30,0
301089,2026-09-30,0
301090,2026-09-30,0
301091,2026-09-30,0
301092,2026-09-30,0
301093,2026-09-30,0
301095,2026-09-30,0
301096,2026-09-30,0
301097,2026-09-30,0
301098,2026-09-30,0
301099,2026-09-30,0
301100,2026-09-30,0
301101,2026-09-30,0
301102,2026-09-30,0
301103,2026-09-30,0
301105,2026-09-30,0
301106,2026-09-30,0
301107,2026-09-30,0
301108,2026-09-30,0
301109,2026-09-30,0
301110,2026-09-30,0
301111,2026-09-30,0
301112,2026-09-30,0
301113,2026-09-30,0
301115,2026-09-30,0
301116,2026-09-30,0
301117,2026-09-30,0
301118,2026-09-30,0
301119,2026-09-30,0
301120,2026-09-30,0
301121,2026-09-30,0
301122,2026-09-30,0
301123,2026-09-30,0
301125,2026-09-30,0
301126,2026-09-30,0
301127,2026-09-30,0
301128,2026-09-30,0
301129,2026-09-30,0
301130,2026-09-30,0
301131,2026-09-30,0
301132,2026-09-30,0
301133,2026-09-30,0
301135,2026-09-30,0
301136,2026-09-30,0
301137,2026-09-30,0
301138,2026-09-30,0
301141,2026-09-30,0
301148,2026-09-30,0
301149,2026-09-30,0
301150,2026-09-30,0
301151,2026-09-30,0
301152,2026-09-30,0
301153,2026-09-30,0
301155,2026-09-30,0
301156,2026-09-30,0
301157,2026-09-30,0
301158,2026-09-30,0
301159,2026-09-30,0
301160,2026-09-30,0
301161,2026-09-30,0
301162,2026-09-30,0
301163,2026-09-30,0
301165,2026-09-30,0
301166,2026-09-30,0
301167,2026-09-30,0
301168,2026-09-30,0
301169,2026-09-30,0
301170,2026-09-30,0
301171,2026-09-30,0
301172,2026-09-30,0
301173,2026-09-30,0
301175,2026-09-30,0
301176,2026-09-30,0
301177,2026-09-30,0
301178,2026-09-30,0
301179,2026-09-30,0
301180,2026-09-30,0
301181,2026-09-30,0
301182,2026-09-30,0
301183,2026-09-30,0
301185,2026-09-30,0
301186,2026-09-30,0
301187,2026-09-30,0
301188,2026-09-30,0
301189,2026-09-30,0
301190,2026-09-30,3
301191,2026-09-30,0
301192,2026-09-30,0
301193,2026-09-30,0
301195,2026-09-30,0
301196,2026-09-30,0
301197,2026-09-30,0
301198,2026-09-30,0
301199,2026-09-30,0
301200,2026-09-30,0
301201,2026-09-30,0
301202,2026-09-30,0
301203,2026-09-30,0
301205,2026-09-30,0
301206,2026-09-30,0
301207,2026-09-30,0
301208,2026-09-30,0
301209,2026-09-30,0
301210,2026-09-30,0
301211,2026-09-30,0
301212,2026-09-30,0
301213,2026-09-30,0
301215,2026-09-30,0
301216,2026-09-30,0
301217,2026-09-30,0
301218,2026-09-30,0
301219,2026-09-30,0
301220,2026-09-30,0
301221,2026-09-30,0
301222,2026-09-30,0
301223,2026-09-30,0
301225,2026-09-30,0
301226,2026-09-30,0
301227,2026-09-30,0
301228,2026-09-30,0
301229,2026-09-30,0
301230,2026-09-30,0
301231,2026-09-30,0
301232,2026-09-30,0
301233,2026-09-30,0
301234,2026-09-30,0
301235,2026-09-30,0
301236,2026-09-30,0
301237,2026-09-30,0
301238,2026-09-30,0
301239,2026-09-30,0
301246,2026-09-30,0
301248,2026-09-30,0
301251,2026-09-30,0
301252,2026-09-30,0
301255,2026-09-30,0
301256,2026-09-30,0
301257,2026-09-30,0
301258,2026-09-30,0
301259,2026-09-30,0
301260,2026-09-30,0
301261,2026-09-30,0
301262,2026-09-30,0
301263,2026-09-30,0
301265,2026-09-30,0
301266,2026-09-30,0
301267,2026-09-30,0
301268,2026-09-30,0
301269,2026-09-30,0
301270,2026-09-30,0
301272,2026-09-30,0
301273,2026-09-30,0
301275,2026-09-30,0
301276,2026-09-30,0
301277,2026-09-30,0
301278,2026-09-30,0
301279,2026-09-30,0
301280,2026-09-30,0
301281,2026-09-30,0
301282,2026-09-30,0
301283,2026-09-30,0
301285,2026-09-30,0
301286,2026-09-30,0
301287,2026-09-30,0
301288,2026-09-30,0
301289,2026-09-30,0
301290,2026-09-30,0
301291,2026-09-30,0
301292,2026-09-30,0
301293,2026-09-30,0
301295,2026-09-30,0
301296,2026-09-30,0
301297,2026-09-30,0
301298,2026-09-30,0
301299,2026-09-30,0
301300,2026-09-30,0
301301,2026-09-30,0
301302,2026-09-30,0
301303,2026-09-30,0
301305,2026-09-30,0
301306,2026-09-30,0
301307,2026-09-30,0
301308,2026-09-30,0
301309,2026-09-30,0
301310,2026-09-30,0
301311,2026-09-30,0
301312,2026-09-30,0
301313,2026-09-30,0
301314,2026-09-30,0
301315,2026-09-30,0
301316,2026-09-30,0
301317,2026-09-30,0
301318,2026-09-30,0
301319,2026-09-30,0
301320,2026-09-30,0
301321,2026-09-30,0
301322,2026-09-30,0
301323,2026-09-30,0
301325,2026-09-30,0
301326,2026-09-30,0
301327,2026-09-30,0
301328,2026-09-30,0
301329,2026-09-30,0
301330,2026-09-30,0
301331,2026-09-30,0
301332,2026-09-30,0
301333,2026-09-30,0
301335,2026-09-30,0
301336,2026-09-30,0
301337,2026-09-30,0
301338,2026-09-30,0
301339,2026-09-30,0
301345,2026-09-30,0
301348,2026-09-30,0
301349,2026-09-30,0
301353,2026-09-30,0
301355,2026-09-30,0
301356,2026-09-30,0
301357,2026-09-30,0
301358,2026-09-30,0
301359,2026-09-30,0
301360,2026-09-30,0
301361,2026-09-30,0
301362,2026-09-30,0
301363,2026-09-30,0
301365,2026-09-30,0
301366,2026-09-30,0
301367,2026-09-30,0
301368,2026-09-30,0
301369,2026-09-30,0
301370,2026-09-30,0
301371,2026-09-30,0
301372,2026-09-30,0
301373,2026-09-30,0
301376,2026-09-30,0
301377,2026-09-30,0
301378,2026-09-30,0
301379,2026-09-30,0
301380,2026-09-30,0
301381,2026-09-30,0
301382,2026-09-30,0
301383,2026-09-30,0
301386,2026-09-30,0
301387,2026-09-30,0
301388,2026-09-30,0
301389,2026-09-30,0
301390,2026-09-30,0
301391,2026-09-30,0
301392,2026-09-30,0
301393,2026-09-30,0
301395,2026-09-30,0
301396,2026-09-30,0
301397,2026-09-30,0
301398,2026-09-30,0
301399,2026-09-30,0
301408,2026-09-30,0
301413,2026-09-30,0
301418,2026-09-30,0
301419,2026-09-30,0
301421,2026-09-30,0
301428,2026-09-30,0
301429,2026-09-30,0
301439,2026-09-30,0
301446,2026-09-30,0
301448,2026-09-30,0
301449,2026-09-30,0
301456,2026-09-30,0
301458,2026-09-30,0
301459,2026-09-30,0
301468,2026-09-30,0
301469,2026-09-30,0
301479,2026-09-30,0
301486,2026-09-30,0
301487,2026-09-30,0
301488,2026-09-30,0
301489,2026-09-30,0
301491,2026-09-30,0
301498,2026-09-30,0
301499,2026-09-30,0
301500,2026-09-30,0
301501,2026-09-30,0
301502,2026-09-30,0
301503,2026-09-30,0
301505,2026-09-30,0
301507,2026-09-30,0
301508,2026-09-30,0
301509,2026-09-30,0
301510,2026-09-30,0
301511,2026-09-30,0
301512,2026-09-30,0
301513,2026-09-30,0
301515,2026-09-30,0
301516,2026-09-30,0
301517,2026-09-30,0
301518,2026-09-30,0
301519,2026-09-30,0
301520,2026-09-30,0
301522,2026-09-30,0
301525,2026-09-30,0
301526,2026-09-30,0
301528,2026-09-30,0
301529,2026-09-30,0
301531,2026-09-30,0
301533,2026-09-30,0
301535,2026-09-30,0
301536,2026-09-30,0
301538,2026-09-30,0
301539,2026-09-30,0
301548,2026-09-30,0
301550,2026-09-30,0
301551,2026-09-30,0
301552,2026-09-30,0
301555,2026-09-30,0
301556,2026-09-30,0
301557,2026-09-30,0
301558,2026-09-30,0
301559,2026-09-30,0
301560,2026-09-30,0
301563,2026-09-30,0
301565,2026-09-30,0
301566,2026-09-30,0
301567,2026-09-30,0
301568,2026-09-30,0
301571,2026-09-30,0
301575,2026-09-30,0
301577,2026-09-30,0
301578,2026-09-30,0
301580,2026-09-30,0
301581,2026-09-30,0
301583,2026-09-30,0
301584,2026-09-30,0
301585,2026-09-30,0
301586,2026-09-30,0
301587,2026-09-30,0
301588,2026-09-30,0
301589,2026-09-30,0
301590,2026-09-30,0
301591,2026-09-30,0
301592,2026-09-30,0
301595,2026-09-30,0
301596,2026-09-30,0
301598,2026-09-30,0
301599,2026-09-30,0
301600,2026-09-30,0
301601,2026-09-30,0
301602,2026-09-30,0
301603,2026-09-30,0
301606,2026-09-30,0
301607,2026-09-30,0
301608,2026-09-30,0
301609,2026-09-30,0
301611,2026-09-30,0
301613,2026-09-30,0
301616,2026-09-30,0
301617,2026-09-30,0
301618,2026-09-30,0
301622,2026-09-30,0
301626,2026-09-30,0
301628,2026-09-30,0
301629,2026-09-30,0
301630,2026-09-30,0
301631,2026-09-30,0
301632,2026-09-30,0
301633,2026-09-30,0
301636,2026-09-30,0
301638,2026-09-30,0
301656,2026-09-30,0
301658,2026-09-30,0
301662,2026-09-30,0
301665,2026-09-30,0
301666,2026-09-30,0
301667,2026-09-30,0
301668,2026-09-30,0
301669,2026-09-30,0
301677,2026-09-30,0
301678,2026-09-30,0
301680,2026-09-30,0
301682,2026-09-30,0
301683,2026-09-30,0
301687,2026-09-30,0
301696,2026-09-30,0
302132,2026-09-30,0
600004,2026-09-30,0
600006,2026-09-30,0
600007,2026-09-30,0
600008,2026-09-30,0
600009,2026-09-30,0
600010,2026-09-30,0
600011,2026-09-30,0
600012,2026-09-30,0
600015,2026-09-30,0
600016,2026-09-30,0
600017,2026-09-30,0
600018,2026-09-30,0
600019,2026-09-30,0
600020,2026-09-30,0
600021,2026-09-30,0
600022,2026-09-30,0
600023,2026-09-30,0
600025,2026-09-30,0
600026,2026-09-30,0
600027,2026-09-30,0
600028,2026-09-30,0
600029,2026-09-30,0
600030,2026-09-30,0
600031,2026-09-30,0
600032,2026-09-30,0
600033,2026-09-30,0
600035,2026-09-30,0
600036,2026-09-30,0
600037,2026-09-30,0
600038,2026-09-30,0
600039,2026-09-30,0
600048,2026-09-30,0
600050,2026-09-30,0
600051,2026-09-30,0
600052,2026-09-30,0
600054,2026-09-30,0
600055,2026-09-30,0
600056,2026-09-30,0
600057,2026-09-30,0
600058,2026-09-30,0
600059,2026-09-30,1
600060,2026-09-30,0
600061,2026-09-30,0
600062,2026-09-30,0
600063,2026-09-30,0
600064,2026-09-30,0
600066,2026-09-30,0
600067,2026-09-30,0
600071,2026-09-30,0
600072,2026-09-30,1
600073,2026-09-30,0
600075,2026-09-30,0
600076,2026-09-30,0
600078,2026-09-30,0
600081,2026-09-30,1
600085,2026-09-30,0
600088,2026-09-30,0
600089,2026-09-30,0
600094,2026-09-30,0
600095,2026-09-30,0
600096,2026-09-30,0
600097,2026-09-30,0
600098,2026-09-30,0
600099,2026-09-30,0
600100,2026-09-30,0
600101,2026-09-30,0
600103,2026-09-30,0
600104,2026-09-30,0
600105,2026-09-30,0
600106,2026-09-30,0
600108,2026-09-30,0
600109,2026-09-30,0
600110,2026-09-30,0
600111,2026-09-30,0
600113,2026-09-30,0
600114,2026-09-30,0
600115,2026-09-30,0
600116,2026-09-30,0
600117,2026-09-30,0
600118,2026-09-30,0
600120,2026-09-30,0
600121,2026-09-30,0
600123,2026-09-30,0
600125,2026-09-30,0
600126,2026-09-30,0
600127,2026-09-30,0
600128,2026-09-30,0
600129,2026-09-30,0
600130,2026-09-30,0
600131,2026-09-30,1
600132,2026-09-30,0
600133,2026-09-30,0
600135,2026-09-30,0
600137,2026-09-30,0
600138,2026-09-30,0
600141,2026-09-30,0
600143,2026-09-30,0
600148,2026-09-30,0
600149,2026-09-30,0
600150,2026-09-30,0
600151,2026-09-30,0
600152,2026-09-30,0
600153,2026-09-30,0
600155,2026-09-30,0
600156,2026-09-30,0
600157,2026-09-30,0
600158,2026-09-30,0
600159,2026-09-30,0
600160,2026-09-30,0
600161,2026-09-30,0
600162,2026-09-30,0
600163,2026-09-30,0
600166,2026-09-30,0
600167,2026-09-30,0
600168,2026-09-30,0
600170,2026-09-30,0
600171,2026-09-30,0
600172,2026-09-30,0
600173,2026-09-30,0
600176,2026-09-30,0
600177,2026-09-30,0
600178,2026-09-30,0
600179,2026-09-30,0
600182,2026-09-30,0
600183,2026-09-30,0
600184,2026-09-30,0
600185,2026-09-30,0
600186,2026-09-30,0
600188,2026-09-30,0
600189,2026-09-30,0
600191,2026-09-30,0
600192,2026-09-30,0
600195,2026-09-30,0
600196,2026-09-30,0
600197,2026-09-30,0
600198,2026-09-30,0
600199,2026-09-30,0
600201,2026-09-30,0
600202,2026-09-30,0
600203,2026-09-30,0
600206,2026-09-30,0
600207,2026-09-30,0
600208,2026-09-30,0
600210,2026-09-30,0
600211,2026-09-30,0
600212,2026-09-30,0
600215,2026-09-30,0
600216,2026-09-30,0
600217,2026-09-30,0
600218,2026-09-30,0
600219,2026-09-30,0
600221,2026-09-30,0
600222,2026-09-30,0
600223,2026-09-30,0
600226,2026-09-30,0
600227,2026-09-30,0
600228,2026-09-30,0
600229,2026-09-30,0
600230,2026-09-30,0
600231,2026-09-30,0
600232,2026-09-30,0
600233,2026-09-30,0
600234,2026-09-30,0
600235,2026-09-30,0
600236,2026-09-30,0
600237,2026-09-30,0
600241,2026-09-30,3
600246,2026-09-30,0
600248,2026-09-30,0
600249,2026-09-30,0
600250,2026-09-30,0
600251,2026-09-30,0
600252,2026-09-30,0
600255,2026-09-30,0
600256,2026-09-30,0
600257,2026-09-30,0
600258,2026-09-30,0
600259,2026-09-30,0
600261,2026-09-30,0
600262,2026-09-30,0
600266,2026-09-30,0
600267,2026-09-30,0
600268,2026-09-30,0
600269,2026-09-30,0
600271,2026-09-30,0
600272,2026-09-30,0
600273,2026-09-30,0
600276,2026-09-30,0
600278,2026-09-30,0
600279,2026-09-30,0
600280,2026-09-30,0
600281,2026-09-30,0
600282,2026-09-30,0
600283,2026-09-30,0
600284,2026-09-30,0
600285,2026-09-30,0
600287,2026-09-30,0
600288,2026-09-30,0
600292,2026-09-30,0
600293,2026-09-30,0
600295,2026-09-30,0
600298,2026-09-30,0
600299,2026-09-30,0
600300,2026-09-30,0
600301,2026-09-30,0
600303,2026-09-30,0
600305,2026-09-30,0
600307,2026-09-30,0
600308,2026-09-30,0
600309,2026-09-30,0
600310,2026-09-30,0
600312,2026-09-30,0
600313,2026-09-30,0
600315,2026-09-30,0
600316,2026-09-30,0
600318,2026-09-30,0
600319,2026-09-30,0
600320,2026-09-30,0
600322,2026-09-30,0
600323,2026-09-30,0
600325,2026-09-30,0
600326,2026-09-30,0
600327,2026-09-30,0
600328,2026-09-30,0
600329,2026-09-30,0
600330,2026-09-30,0
600331,2026-09-30,0
600332,2026-09-30,0
600333,2026-09-30,0
600335,2026-09-30,0
600336,2026-09-30,0
600338,2026-09-30,0
600339,2026-09-30,0
600343,2026-09-30,0
600345,2026-09-30,0
600346,2026-09-30,0
600348,2026-09-30,0
600350,2026-09-30,0
600351,2026-09-30,0
600352,2026-09-30,0
600353,2026-09-30,0
600354,2026-09-30,0
600356,2026-09-30,1
600358,2026-09-30,0
600359,2026-09-30,0
600360,2026-09-30,0
600361,2026-09-30,0
600362,2026-09-30,0
600363,2026-09-30,0
600366,2026-09-30,0
600367,2026-09-30,0
600368,2026-09-30,0
600369,2026-09-30,0
600371,2026-09-30,0
600372,2026-09-30,0
600373,2026-09-30,0
600375,2026-09-30,0
600376,2026-09-30,0
600377,2026-09-30,0
600378,2026-09-30,0
600379,2026-09-30,0
600380,2026-09-30,0
600382,2026-09-30,0
600383,2026-09-30,0
600386,2026-09-30,0
600388,2026-09-30,0
600389,2026-09-30,0
600390,2026-09-30,0
600391,2026-09-30,0
600392,2026-09-30,0
600395,2026-09-30,0
600396,2026-09-30,0
600397,2026-09-30,0
600398,2026-09-30,0
600399,2026-09-30,0
600400,2026-09-30,0
600403,2026-09-30,0
600405,2026-09-30,0
600406,2026-09-30,0
600408,2026-09-30,0
600409,2026-09-30,0
600410,2026-09-30,0
600415,2026-09-30,0
600416,2026-09-30,0
600418,2026-09-30,0
600419,2026-09-30,0
600420,2026-09-30,0
600422,2026-09-30,0
600425,2026-09-30,0
600426,2026-09-30,0
600428,2026-09-30,0
600429,2026-09-30,0
600433,2026-09-30,0
600435,2026-09-30,0
600436,2026-09-30,0
600438,2026-09-30,0
600439,2026-09-30,0
600444,2026-09-30,0
600446,2026-09-30,0
600448,2026-09-30,0
600449,2026-09-30,0
600452,2026-09-30,0
600455,2026-09-30,0
600456,2026-09-30,0
600458,2026-09-30,0
600459,2026-09-30,0
600460,2026-09-30,0
600461,2026-09-30,0
600463,2026-09-30,0
600467,2026-09-30,0
600468,2026-09-30,0
600469,2026-09-30,0
600470,2026-09-30,0
600475,2026-09-30,0
600477,2026-09-30,0
600478,2026-09-30,0
600479,2026-09-30,0
600480,2026-09-30,0
600481,2026-09-30,0
600482,2026-09-30,0
600483,2026-09-30,0
600486,2026-09-30,0
600487,2026-09-30,0
600488,2026-09-30,0
600489,2026-09-30,0
600490,2026-09-30,0
600493,2026-09-30,0
600495,2026-09-30,0
600496,2026-09-30,0
600497,2026-09-30,0
600498,2026-09-30,0
600499,2026-09-30,0
600500,2026-09-30,0
600501,2026-09-30,0
600502,2026-09-30,0
600503,2026-09-30,0
600505,2026-09-30,0
600506,2026-09-30,0
600507,2026-09-30,0
600508,2026-09-30,0
600509,2026-09-30,0
600510,2026-09-30,0
600511,2026-09-30,0
600512,2026-09-30,0
600513,2026-09-30,0
600515,2026-09-30,0
600516,2026-09-30,0
600517,2026-09-30,0
600518,2026-09-30,0
600519,2026-09-30,0
600520,2026-09-30,0
600521,2026-09-30,0
600522,2026-09-30,0
600523,2026-09-30,0
600526,2026-09-30,0
600527,2026-09-30,0
600528,2026-09-30,0
600529,2026-09-30,0
600530,2026-09-30,0
600531,2026-09-30,0
600533,2026-09-30,0
600535,2026-09-30,0
600536,2026-09-30,0
600538,2026-09-30,0
600539,2026-09-30,0
600540,2026-09-30,0
600545,2026-09-30,0
600546,2026-09-30,0
600547,2026-09-30,0
600548,2026-09-30,0
600549,2026-09-30,0
600550,2026-09-30,0
600551,2026-09-30,0
600552,2026-09-30,0
600556,2026-09-30,0
600557,2026-09-30,0
600558,2026-09-30,0
600559,2026-09-30,0
600560,2026-09-30,0
600561,2026-09-30,0
600562,2026-09-30,0
600563,2026-09-30,0
600566,2026-09-30,0
600567,2026-09-30,0
600569,2026-09-30,0
600570,2026-09-30,0
600571,2026-09-30,0
600572,2026-09-30,0
600573,2026-09-30,0
600575,2026-09-30,0
600576,2026-09-30,0
600577,2026-09-30,0
600578,2026-09-30,0
600579,2026-09-30,0
600580,2026-09-30,0
600582,2026-09-30,0
600583,2026-09-30,0
600584,2026-09-30,0
600585,2026-09-30,0
600586,2026-09-30,0
600587,2026-09-30,0
600588,2026-09-30,0
600589,2026-09-30,0
600590,2026-09-30,0
600592,2026-09-30,1
600593,2026-09-30,0
600594,2026-09-30,0
600595,2026-09-30,0
600596,2026-09-30,0
600597,2026-09-30,0
600598,2026-09-30,0
600600,2026-09-30,0
600601,2026-09-30,0
600602,2026-09-30,0
600603,2026-09-30,0
600604,2026-09-30,0
600605,2026-09-30,0
600606,2026-09-30,0
600609,2026-09-30,0
600610,2026-09-30,0
600611,2026-09-30,0
600612,2026-09-30,0
600613,2026-09-30,0
600615,2026-09-30,0
600616,2026-09-30,0
600617,2026-09-30,0
600618,2026-09-30,0
600619,2026-09-30,0
600620,2026-09-30,0
600621,2026-09-30,0
600622,2026-09-30,0
600623,2026-09-30,0
600626,2026-09-30,0
600628,2026-09-30,0
600629,2026-09-30,0
600630,2026-09-30,0
600633,2026-09-30,0
600635,2026-09-30,0
600637,2026-09-30,0
600638,2026-09-30,0
600639,2026-09-30,0
600640,2026-09-30,0
600641,2026-09-30,0
600642,2026-09-30,0
600643,2026-09-30,0
600644,2026-09-30,0
600645,2026-09-30,0
600648,2026-09-30,0
600649,2026-09-30,0
600650,2026-09-30,0
600651,2026-09-30,0
600653,2026-09-30,0
600654,2026-09-30,0
600655,2026-09-30,0
600657,2026-09-30,0
600658,2026-09-30,0
600660,2026-09-30,0
600661,2026-09-30,0
600662,2026-09-30,0
600663,2026-09-30,1
600664,2026-09-30,0
600665,2026-09-30,0
600666,2026-09-30,0
600667,2026-09-30,0
600668,2026-09-30,0
600671,2026-09-30,0
600673,2026-09-30,0
600674,2026-09-30,0
600675,2026-09-30,0
600676,2026-09-30,0
600679,2026-09-30,0
600681,2026-09-30,0
600682,2026-09-30,0
600683,2026-09-30,0
600684,2026-09-30,0
600685,2026-09-30,0
600686,2026-09-30,0
600688,2026-09-30,0
600689,2026-09-30,0
600690,2026-09-30,0
600691,2026-09-30,0
600692,2026-09-30,0
600693,2026-09-30,0
600694,2026-09-30,0
600697,2026-09-30,0
600698,2026-09-30,0
600699,2026-09-30,0
600702,2026-09-30,0
600703,2026-09-30,0
600704,2026-09-30,0
600706,2026-09-30,0
600707,2026-09-30,0
600708,2026-09-30,0
600710,2026-09-30,0
600711,2026-09-30,0
600712,2026-09-30,0
600713,2026-09-30,0
600714,2026-09-30,0
600715,2026-09-30,0
600716,2026-09-30,0
600717,2026-09-30,0
600718,2026-09-30,0
600719,2026-09-30,0
600720,2026-09-30,0
600721,2026-09-30,0
600722,2026-09-30,0
600724,2026-09-30,0
600725,2026-09-30,0
600726,2026-09-30,0
600727,2026-09-30,0
600728,2026-09-30,0
600729,2026-09-30,0
600731,2026-09-30,0
600732,2026-09-30,0
600733,2026-09-30,0
600736,2026-09-30,0
600737,2026-09-30,0
600738,2026-09-30,0
600739,2026-09-30,0
600740,2026-09-30,0
600741,2026-09-30,0
600742,2026-09-30,0
600743,2026-09-30,0
600744,2026-09-30,0
600746,2026-09-30,0
600748,2026-09-30,0
600749,2026-09-30,0
600750,2026-09-30,0
600751,2026-09-30,0
600754,2026-09-30,0
600755,2026-09-30,0
600756,2026-09-30,0
600757,2026-09-30,0
600758,2026-09-30,0
600760,2026-09-30,0
600761,2026-09-30,0
600763,2026-09-30,0
600764,2026-09-30,0
600765,2026-09-30,0
600768,2026-09-30,0
600769,2026-09-30,0
600770,2026-09-30,0
600771,2026-09-30,0
600773,2026-09-30,0
600774,2026-09-30,0
600775,2026-09-30,0
600776,2026-09-30,0
600777,2026-09-30,0
600778,2026-09-30,0
600779,2026-09-30,0
600780,2026-09-30,0
600782,2026-09-30,0
600783,2026-09-30,0
600784,2026-09-30,0
600785,2026-09-30,0
600787,2026-09-30,0
600789,2026-09-30,0
600790,2026-09-30,0
600791,2026-09-30,0
600792,2026-09-30,0
600793,2026-09-30,0
600794,2026-09-30,0
600795,2026-09-30,0
600796,2026-09-30,0
600797,2026-09-30,0
600798,2026-09-30,0
600800,2026-09-30,0
600801,2026-09-30,0
600802,2026-09-30,0
600803,2026-09-30,0
600805,2026-09-30,0
600807,2026-09-30,0
600808,2026-09-30,0
600809,2026-09-30,0
600810,2026-09-30,0
600812,2026-09-30,0
600814,2026-09-30,0
600815,2026-09-30,0
600816,2026-09-30,0
600817,2026-09-30,0
600819,2026-09-30,0
600820,2026-09-30,0
600821,2026-09-30,0
600822,2026-09-30,0
600824,2026-09-30,0
600825,2026-09-30,7
600826,2026-09-30,0
600827,2026-09-30,0
600828,2026-09-30,0
600829,2026-09-30,0
600830,2026-09-30,0
600831,2026-09-30,0
600833,2026-09-30,0
600834,2026-09-30,0
600835,2026-09-30,0
600838,2026-09-30,0
600839,2026-09-30,0
600841,2026-09-30,0
600843,2026-09-30,0
600844,2026-09-30,0
600845,2026-09-30,0
600846,2026-09-30,0
600847,2026-09-30,0
600848,2026-09-30,0
600850,2026-09-30,0
600851,2026-09-30,0
600853,2026-09-30,0
600854,2026-09-30,0
600855,2026-09-30,0
600857,2026-09-30,0
600858,2026-09-30,0
600859,2026-09-30,0
600860,2026-09-30,0
600861,2026-09-30,0
600862,2026-09-30,0
600863,2026-09-30,0
600864,2026-09-30,0
600865,2026-09-30,0
600866,2026-09-30,0
600867,2026-09-30,0
600868,2026-09-30,0
600869,2026-09-30,0
600871,2026-09-30,0
600872,2026-09-30,0
600873,2026-09-30,0
600874,2026-09-30,0
600875,2026-09-30,0
600876,2026-09-30,0
600877,2026-09-30,0
600879,2026-09-30,0
600880,2026-09-30,0
600881,2026-09-30,0
600882,2026-09-30,0
600883,2026-09-30,0
600884,2026-09-30,0
600885,2026-09-30,0
600886,2026-09-30,0
600887,2026-09-30,0
600888,2026-09-30,0
600892,2026-09-30,0
600893,2026-09-30,0
600894,2026-09-30,0
600895,2026-09-30,0
600897,2026-09-30,0
600900,2026-09-30,0
600901,2026-09-30,0
600903,2026-09-30,0
600905,2026-09-30,0
600906,2026-09-30,0
600908,2026-09-30,0
600909,2026-09-30,0
600916,2026-09-30,0
600917,2026-09-30,0
600918,2026-09-30,0
600919,2026-09-30,0
600925,2026-09-30,0
600926,2026-09-30,0
600927,2026-09-30,0
600928,2026-09-30,0
600929,2026-09-30,0
600930,2026-09-30,0
600933,2026-09-30,0
600935,2026-09-30,0
600936,2026-09-30,0
600938,2026-09-30,0
600939,2026-09-30,0
600941,2026-09-30,0
600955,2026-09-30,0
600956,2026-09-30,0
600958,2026-09-30,0
600959,2026-09-30,0
600960,2026-09-30,0
600961,2026-09-30,0
600962,2026-09-30,0
600963,2026-09-30,0
600966,2026-09-30,0
600967,2026-09-30,0
600968,2026-09-30,0
600969,2026-09-30,0
600970,2026-09-30,0
600971,2026-09-30,0
600973,2026-09-30,0
600975,2026-09-30,0
600976,2026-09-30,0
600977,2026-09-30,0
600979,2026-09-30,0
600980,2026-09-30,0
600981,2026-09-30,0
600982,2026-09-30,0
600983,2026-09-30,0
600984,2026-09-30,0
600985,2026-09-30,0
600986,2026-09-30,0
600987,2026-09-30,0
600988,2026-09-30,0
600989,2026-09-30,0
600990,2026-09-30,0
600992,2026-09-30,0
600993,2026-09-30,0
600995,2026-09-30,0
600996,2026-09-30,0
600997,2026-09-30,0
600998,2026-09-30,0
600999,2026-09-30,0
601000,2026-09-30,0
601001,2026-09-30,0
601002,2026-09-30,0
601003,2026-09-30,0
601005,2026-09-30,0
601006,2026-09-30,0
601007,2026-09-30,0
601008,2026-09-30,0
601009,2026-09-30,0
601011,2026-09-30,0
601012,2026-09-30,0
601015,2026-09-30,0
601016,2026-09-30,0
601018,2026-09-30,0
601019,2026-09-30,0
601020,2026-09-30,0
601021,2026-09-30,0
601022,2026-09-30,0
601026,2026-09-30,0
601033,2026-09-30,0
601038,2026-09-30,0
601058,2026-09-30,0
601059,2026-09-30,0
601061,2026-09-30,0
601065,2026-09-30,0
601066,2026-09-30,0
601068,2026-09-30,0
601069,2026-09-30,0
601077,2026-09-30,0
601083,2026-09-30,0
601086,2026-09-30,0
601088,2026-09-30,0
601089,2026-09-30,0
601096,2026-09-30,0
601098,2026-09-30,0
601099,2026-09-30,0
601100,2026-09-30,0
601101,2026-09-30,0
601106,2026-09-30,0
601107,2026-09-30,0
601108,2026-09-30,0
601111,2026-09-30,0
601112,2026-09-30,0
601113,2026-09-30,0
601116,2026-09-30,0
601117,2026-09-30,0
601118,2026-09-30,1
601121,2026-09-30,0
601126,2026-09-30,0
601127,2026-09-30,0
601128,2026-09-30,0
601133,2026-09-30,0
601136,2026-09-30,0
601137,2026-09-30,0
601138,2026-09-30,0
601139,2026-09-30,0
601155,2026-09-30,0
601156,2026-09-30,0
601158,2026-09-30,0
601162,2026-09-30,0
601163,2026-09-30,0
601166,2026-09-30,0
601168,2026-09-30,0
601169,2026-09-30,0
601177,2026-09-30,0
601179,2026-09-30,0
601186,2026-09-30,0
601187,2026-09-30,0
601188,2026-09-30,0
601198,2026-09-30,0
601199,2026-09-30,0
601200,2026-09-30,0
601208,2026-09-30,0
601211,2026-09-30,0
601212,2026-09-30,0
601216,2026-09-30,0
601218,2026-09-30,0
601222,2026-09-30,0
601225,2026-09-30,0
601226,2026-09-30,0
601228,2026-09-30,0
601229,2026-09-30,0
601231,2026-09-30,0
601233,2026-09-30,0
601236,2026-09-30,0
601238,2026-09-30,0
601279,2026-09-30,0
601288,2026-09-30,0
601298,2026-09-30,0
601311,2026-09-30,0
601318,2026-09-30,0
601319,2026-09-30,0
601326,2026-09-30,0
601328,2026-09-30,0
601330,2026-09-30,0
601333,2026-09-30,0
601336,2026-09-30,0
601339,2026-09-30,0
601360,2026-09-30,0
601366,2026-09-30,0
601368,2026-09-30,0
601369,2026-09-30,0
601375,2026-09-30,0
601377,2026-09-30,0
601388,2026-09-30,0
601390,2026-09-30,0
601398,2026-09-30,0
601399,2026-09-30,0
601456,2026-09-30,0
601500,2026-09-30,0
601512,2026-09-30,0
601515,2026-09-30,0
601518,2026-09-30,0
601519,2026-09-30,0
601528,2026-09-30,0
601555,2026-09-30,0
601566,2026-09-30,0
601567,2026-09-30,0
601568,2026-09-30,0
601577,2026-09-30,0
601579,2026-09-30,0
601588,2026-09-30,0
601595,2026-09-30,0
601598,2026-09-30,0
601599,2026-09-30,0
601600,2026-09-30,0
601601,2026-09-30,0
601606,2026-09-30,0
601607,2026-09-30,0
601608,2026-09-30,0
601609,2026-09-30,0
601611,2026-09-30,0
601615,2026-09-30,0
601616,2026-09-30,0
601618,2026-09-30,0
601619,2026-09-30,0
601628,2026-09-30,0
601633,2026-09-30,0
601636,2026-09-30,0
601658,2026-09-30,0
601665,2026-09-30,0
601666,2026-09-30,0
601668,2026-09-30,0
601669,2026-09-30,0
601677,2026-09-30,0
601678,2026-09-30,0
601686,2026-09-30,0
601688,2026-09-30,0
601689,2026-09-30,0
601696,2026-09-30,0
601698,2026-09-30,0
601699,2026-09-30,0
601700,2026-09-30,0
601702,2026-09-30,0
601717,2026-09-30,0
601727,2026-09-30,0
601728,2026-09-30,0
601766,2026-09-30,0
601777,2026-09-30,0
601778,2026-09-30,0
601788,2026-09-30,0
601789,2026-09-30,0
601798,2026-09-30,0
601799,2026-09-30,0
601800,2026-09-30,0
601801,2026-09-30,0
601808,2026-09-30,0
601811,2026-09-30,0
601816,2026-09-30,0
601818,2026-09-30,0
601825,2026-09-30,0
601827,2026-09-30,0
601828,2026-09-30,0
601838,2026-09-30,0
601857,2026-09-30,0
601858,2026-09-30,0
601860,2026-09-30,0
601865,2026-09-30,0
601866,2026-09-30,0
601868,2026-09-30,0
601869,2026-09-30,0
601872,2026-09-30,0
601877,2026-09-30,0
601878,2026-09-30,0
601880,2026-09-30,0
601881,2026-09-30,0
601882,2026-09-30,0
601886,2026-09-30,0
601888,2026-09-30,0
601890,2026-09-30,0
601898,2026-09-30,0
601899,2026-09-30,0
601900,2026-09-30,0
601901,2026-09-30,0
601908,2026-09-30,0
601916,2026-09-30,0
601918,2026-09-30,0
601919,2026-09-30,0
601921,2026-09-30,0
601928,2026-09-30,0
601929,2026-09-30,0
601933,2026-09-30,0
601939,2026-09-30,0
601949,2026-09-30,0
601952,2026-09-30,0
601956,2026-09-30,0
601958,2026-09-30,0
601963,2026-09-30,0
601965,2026-09-30,0
601966,2026-09-30,0
601968,2026-09-30,0
601969,2026-09-30,0
601975,2026-09-30,0
601985,2026-09-30,0
601988,2026-09-30,0
601990,2026-09-30,0
601991,2026-09-30,0
601992,2026-09-30,0
601995,2026-09-30,0
601996,2026-09-30,0
601997,2026-09-30,0
601998,2026-09-30,0
601999,2026-09-30,0
603000,2026-09-30,0
603001,2026-09-30,0
603002,2026-09-30,0
603004,2026-09-30,0
603005,2026-09-30,0
603006,2026-09-30,0
603007,2026-09-30,0
603009,2026-09-30,0
603010,2026-09-30,0
603011,2026-09-30,0
603012,2026-09-30,0
603013,2026-09-30,0
603014,2026-09-30,0
603015,2026-09-30,0
603016,2026-09-30,0
603017,2026-09-30,0
603018,2026-09-30,0
603019,2026-09-30,0
603020,2026-09-30,0
603022,2026-09-30,0
603023,2026-09-30,0
603025,2026-09-30,0
603026,2026-09-30,0
603027,2026-09-30,0
603028,2026-09-30,0
603029,2026-09-30,0
603030,2026-09-30,0
603031,2026-09-30,0
603032,2026-09-30,0
603033,2026-09-30,0
603035,2026-09-30,0
603036,2026-09-30,0
603037,2026-09-30,0
603038,2026-09-30,0
603039,2026-09-30,0
603040,2026-09-30,0
603041,2026-09-30,0
603042,2026-09-30,0
603043,2026-09-30,0
603045,2026-09-30,0
603048,2026-09-30,0
603049,2026-09-30,0
603050,2026-09-30,0
603051,2026-09-30,0
603052,2026-09-30,0
603053,2026-09-30,0
603055,2026-09-30,0
603057,2026-09-30,0
603058,2026-09-30,0
603059,2026-09-30,0
603060,2026-09-30,0
603061,2026-09-30,0
603062,2026-09-30,0
603063,2026-09-30,0
603065,2026-09-30,0
603066,2026-09-30,0
603067,2026-09-30,0
603068,2026-09-30,0
603069,2026-09-30,0
603070,2026-09-30,0
603071,2026-09-30,0
603072,2026-09-30,0
603073,2026-09-30,0
603075,2026-09-30,0
603076,2026-09-30,0
603077,2026-09-30,0
603078,2026-09-30,0
603079,2026-09-30,0
603080,2026-09-30,0
603081,2026-09-30,0
603082,2026-09-30,0
603083,2026-09-30,0
603085,2026-09-30,0
603086,2026-09-30,0
603087,2026-09-30,0
603088,2026-09-30,0
603089,2026-09-30,0
603090,2026-09-30,0
603091,2026-09-30,0
603092,2026-09-30,0
603093,2026-09-30,0
603095,2026-09-30,0
603096,2026-09-30,0
603097,2026-09-30,0
603098,2026-09-30,0
603099,2026-09-30,0
603100,2026-09-30,0
603101,2026-09-30,0
603102,2026-09-30,0
603103,2026-09-30,0
603105,2026-09-30,0
603106,2026-09-30,0
603107,2026-09-30,0
603108,2026-09-30,0
603109,2026-09-30,0
603110,2026-09-30,0
603111,2026-09-30,0
603112,2026-09-30,0
603113,2026-09-30,0
603115,2026-09-30,0
603116,2026-09-30,0
603117,2026-09-30,0
603118,2026-09-30,0
603119,2026-09-30,0
603120,2026-09-30,0
603121,2026-09-30,0
603122,2026-09-30,0
603123,2026-09-30,0
603124,2026-09-30,0
603125,2026-09-30,0
603126,2026-09-30,0
603127,2026-09-30,1
603128,2026-09-30,0
603129,2026-09-30,0
603130,2026-09-30,0
603131,2026-09-30,0
603132,2026-09-30,0
603135,2026-09-30,0
603136,2026-09-30,0
603137,2026-09-30,0
603138,2026-09-30,0
603139,2026-09-30,0
603150,2026-09-30,0
603151,2026-09-30,0
603153,2026-09-30,0
603155,2026-09-30,0
603156,2026-09-30,0
603158,2026-09-30,0
603159,2026-09-30,0
603160,2026-09-30,0
603161,2026-09-30,0
603162,2026-09-30,0
603163,2026-09-30,0
603165,2026-09-30,0
603166,2026-09-30,0
603167,2026-09-30,0
603168,2026-09-30,0
603169,2026-09-30,0
603170,2026-09-30,0
603171,2026-09-30,0
603172,2026-09-30,0
603173,2026-09-30,0
603175,2026-09-30,0
603176,2026-09-30,0
603177,2026-09-30,0
603178,2026-09-30,0
603179,2026-09-30,0
603180,2026-09-30,0
603181,2026-09-30,0
603182,2026-09-30,0
603183,2026-09-30,0
603185,2026-09-30,1
603186,2026-09-30,0
603187,2026-09-30,0
603188,2026-09-30,2
603190,2026-09-30,0
603191,2026-09-30,0
603192,2026-09-30,0
603193,2026-09-30,0
603194,2026-09-30,0
603195,2026-09-30,0
603196,2026-09-30,0
603197,2026-09-30,0
603198,2026-09-30,0
603199,2026-09-30,0
603200,2026-09-30,2
603201,2026-09-30,0
603202,2026-09-30,0
603203,2026-09-30,0
603205,2026-09-30,0
603206,2026-09-30,0
603207,2026-09-30,0
603208,2026-09-30,0
603209,2026-09-30,0
603210,2026-09-30,0
603211,2026-09-30,0
603212,2026-09-30,0
603213,2026-09-30,0
603214,2026-09-30,0
603215,2026-09-30,0
603216,2026-09-30,0
603217,2026-09-30,0
603218,2026-09-30,0
603219,2026-09-30,0
603220,2026-09-30,0
603221,2026-09-30,0
603222,2026-09-30,0
603223,2026-09-30,0
603225,2026-09-30,0
603226,2026-09-30,0
603227,2026-09-30,0
603228,2026-09-30,0
603229,2026-09-30,0
603230,2026-09-30,0
603231,2026-09-30,0
603232,2026-09-30,0
603233,2026-09-30,0
603235,2026-09-30,0
603236,2026-09-30,0
603237,2026-09-30,0
603238,2026-09-30,0
603239,2026-09-30,0
603248,2026-09-30,0
603255,2026-09-30,0
603256,2026-09-30,0
603257,2026-09-30,0
603258,2026-09-30,0
603259,2026-09-30,0
603260,2026-09-30,0
603261,2026-09-30,0
603262,2026-09-30,0
603266,2026-09-30,0
603267,2026-09-30,0
603268,2026-09-30,0
603269,2026-09-30,0
603270,2026-09-30,0
603271,2026-09-30,0
603273,2026-09-30,0
603275,2026-09-30,0
603276,2026-09-30,0
603277,2026-09-30,0
603278,2026-09-30,0
603279,2026-09-30,0
603280,2026-09-30,0
603281,2026-09-30,0
603282,2026-09-30,0
603283,2026-09-30,0
603284,2026-09-30,0
603285,2026-09-30,0
603286,2026-09-30,0
603288,2026-09-30,0
603289,2026-09-30,0
603290,2026-09-30,0
603291,2026-09-30,0
603293,2026-09-30,0
603296,2026-09-30,0
603297,2026-09-30,0
603298,2026-09-30,0
603299,2026-09-30,0
603300,2026-09-30,0
603301,2026-09-30,0
603303,2026-09-30,0
603305,2026-09-30,0
603306,2026-09-30,0
603307,2026-09-30,0
603308,2026-09-30,0
603309,2026-09-30,0
603310,2026-09-30,0
603311,2026-09-30,0
603312,2026-09-30,0
603313,2026-09-30,0
603315,2026-09-30,0
603316,2026-09-30,0
603317,2026-09-30,0
603318,2026-09-30,0
603319,2026-09-30,0
603320,2026-09-30,0
603321,2026-09-30,0
603322,2026-09-30,0
603323,2026-09-30,0
603324,2026-09-30,0
603325,2026-09-30,0
603326,2026-09-30,0
603327,2026-09-30,0
603328,2026-09-30,0
603329,2026-09-30,0
603330,2026-09-30,0
603331,2026-09-30,0
603332,2026-09-30,0
603333,2026-09-30,0
603334,2026-09-30,0
603335,2026-09-30,0
603336,2026-09-30,0
603337,2026-09-30,0
603338,2026-09-30,0
603339,2026-09-30,0
603341,2026-09-30,0
603344,2026-09-30,0
603345,2026-09-30,0
603348,2026-09-30,0
603350,2026-09-30,0
603351,2026-09-30,0
603352,2026-09-30,0
603353,2026-09-30,0
603355,2026-09-30,0
603356,2026-09-30,0
603357,2026-09-30,0
603358,2026-09-30,0
603360,2026-09-30,0
603363,2026-09-30,0
603365,2026-09-30,0
603366,2026-09-30,0
603367,2026-09-30,0
603368,2026-09-30,0
603369,2026-09-30,0
603370,2026-09-30,0
603373,2026-09-30,0
603375,2026-09-30,0
603376,2026-09-30,0
603379,2026-09-30,0
603380,2026-09-30,0
603381,2026-09-30,0
603382,2026-09-30,0
603383,2026-09-30,0
603385,2026-09-30,0
603386,2026-09-30,0
603387,2026-09-30,0
603389,2026-09-30,0
603390,2026-09-30,0
603391,2026-09-30,0
603392,2026-09-30,0
603393,2026-09-30,0
603395,2026-09-30,0
603396,2026-09-30,0
603399,2026-09-30,0
603400,2026-09-30,0
603402,2026-09-30,0
603406,2026-09-30,0
603407,2026-09-30,0
603408,2026-09-30,0
603409,2026-09-30,0
603416,2026-09-30,0
603418,2026-09-30,0
603421,2026-09-30,0
603435,2026-09-30,0
603439,2026-09-30,0
603444,2026-09-30,0
603456,2026-09-30,0
603458,2026-09-30,0
603459,2026-09-30,0
603466,2026-09-30,0
603477,2026-09-30,0
603486,2026-09-30,0
603488,2026-09-30,0
603489,2026-09-30,0
603496,2026-09-30,0
603499,2026-09-30,0
603500,2026-09-30,0
603501,2026-09-30,0
603505,2026-09-30,0
603506,2026-09-30,0
603507,2026-09-30,0
603508,2026-09-30,0
603511,2026-09-30,0
603515,2026-09-30,0
603516,2026-09-30,0
603518,2026-09-30,0
603519,2026-09-30,0
603520,2026-09-30,0
603527,2026-09-30,0
603528,2026-09-30,0
603529,2026-09-30,0
603530,2026-09-30,0
603533,2026-09-30,0
603535,2026-09-30,0
603536,2026-09-30,0
603538,2026-09-30,1
603551,2026-09-30,0
603556,2026-09-30,0
603558,2026-09-30,0
603559,2026-09-30,0
603565,2026-09-30,0
603566,2026-09-30,0
603567,2026-09-30,0
603568,2026-09-30,0
603569,2026-09-30,0
603577,2026-09-30,0
603578,2026-09-30,0
603579,2026-09-30,0
603580,2026-09-30,0
603583,2026-09-30,0
603585,2026-09-30,0
603586,2026-09-30,0
603587,2026-09-30,0
603588,2026-09-30,0
603589,2026-09-30,0
603590,2026-09-30,1
603596,2026-09-30,0
603598,2026-09-30,0
603599,2026-09-30,0
603600,2026-09-30,0
603601,2026-09-30,0
603602,2026-09-30,0
603605,2026-09-30,0
603606,2026-09-30,0
603607,2026-09-30,0
603608,2026-09-30,0
603609,2026-09-30,0
603610,2026-09-30,0
603611,2026-09-30,0
603612,2026-09-30,0
603613,2026-09-30,0
603615,2026-09-30,0
603616,2026-09-30,0
603617,2026-09-30,0
603618,2026-09-30,0
603619,2026-09-30,0
603626,2026-09-30,0
603628,2026-09-30,0
603629,2026-09-30,0
603630,2026-09-30,0
603633,2026-09-30,0
603636,2026-09-30,0
603637,2026-09-30,0
603638,2026-09-30,0
603639,2026-09-30,0
603648,2026-09-30,0
603650,2026-09-30,0
603655,2026-09-30,0
603656,2026-09-30,0
603657,2026-09-30,0
603658,2026-09-30,0
603659,2026-09-30,0
603660,2026-09-30,0
603661,2026-09-30,0
603662,2026-09-30,0
603663,2026-09-30,0
603665,2026-09-30,0
603666,2026-09-30,0
603667,2026-09-30,0
603668,2026-09-30,0
603669,2026-09-30,0
603676,2026-09-30,0
603677,2026-09-30,0
603678,2026-09-30,0
603679,2026-09-30,0
603680,2026-09-30,0
603681,2026-09-30,0
603682,2026-09-30,0
603683,2026-09-30,0
603685,2026-09-30,0
603686,2026-09-30,0
603687,2026-09-30,0
603688,2026-09-30,0
603689,2026-09-30,0
603690,2026-09-30,0
603693,2026-09-30,0
603696,2026-09-30,0
603697,2026-09-30,0
603698,2026-09-30,0
603699,2026-09-30,0
603700,2026-09-30,0
603701,2026-09-30,0
603703,2026-09-30,0
603706,2026-09-30,0
603707,2026-09-30,0
603708,2026-09-30,0
603709,2026-09-30,0
603711,2026-09-30,0
603712,2026-09-30,0
603713,2026-09-30,0
603716,2026-09-30,0
603717,2026-09-30,0
603719,2026-09-30,0
603721,2026-09-30,0
603722,2026-09-30,0
603725,2026-09-30,0
603726,2026-09-30,0
603727,2026-09-30,0
603728,2026-09-30,0
603730,2026-09-30,0
603733,2026-09-30,0
603737,2026-09-30,0
603738,2026-09-30,0
603739,2026-09-30,1
603755,2026-09-30,0
603757,2026-09-30,0
603758,2026-09-30,0
603759,2026-09-30,0
603766,2026-09-30,0
603767,2026-09-30,0
603768,2026-09-30,0
603773,2026-09-30,0
603776,2026-09-30,0
603777,2026-09-30,0
603778,2026-09-30,0
603779,2026-09-30,0
603786,2026-09-30,0
603787,2026-09-30,0
603788,2026-09-30,0
603790,2026-09-30,0
603797,2026-09-30,0
603798,2026-09-30,0
603799,2026-09-30,0
603800,2026-09-30,0
603801,2026-09-30,0
603803,2026-09-30,0
603806,2026-09-30,0
603808,2026-09-30,0
603809,2026-09-30,0
603810,2026-09-30,0
603811,2026-09-30,0
603813,2026-09-30,0
603815,2026-09-30,0
603816,2026-09-30,0
603817,2026-09-30,0
603818,2026-09-30,0
603819,2026-09-30,0
603823,2026-09-30,0
603826,2026-09-30,0
603829,2026-09-30,0
603833,2026-09-30,0
603836,2026-09-30,0
603839,2026-09-30,0
603848,2026-09-30,0
603855,2026-09-30,0
603856,2026-09-30,0
603858,2026-09-30,0
603859,2026-09-30,0
603860,2026-09-30,0
603861,2026-09-30,0
603863,2026-09-30,0
603866,2026-09-30,0
603867,2026-09-30,0
603868,2026-09-30,0
603871,2026-09-30,0
603876,2026-09-30,0
603877,2026-09-30,0
603878,2026-09-30,0
603879,2026-09-30,0
603880,2026-09-30,0
603881,2026-09-30,0
603882,2026-09-30,0
603883,2026-09-30,0
603885,2026-09-30,0
603886,2026-09-30,0
603887,2026-09-30,0
603888,2026-09-30,0
603889,2026-09-30,0
603890,2026-09-30,0
603893,2026-09-30,0
603895,2026-09-30,0
603896,2026-09-30,0
603897,2026-09-30,0
603898,2026-09-30,0
603899,2026-09-30,0
603900,2026-09-30,0
603901,2026-09-30,0
603903,2026-09-30,0
603906,2026-09-30,1
603908,2026-09-30,0
603909,2026-09-30,0
603912,2026-09-30,0
603915,2026-09-30,0
603916,2026-09-30,0
603917,2026-09-30,0
603918,2026-09-30,0
603919,2026-09-30,1
603920,2026-09-30,0
603926,2026-09-30,0
603927,2026-09-30,0
603928,2026-09-30,1
603929,2026-09-30,0
603931,2026-09-30,0
603933,2026-09-30,0
603936,2026-09-30,0
603937,2026-09-30,0
603938,2026-09-30,0
603939,2026-09-30,0
603948,2026-09-30,1
603949,2026-09-30,0
603950,2026-09-30,0
603955,2026-09-30,0
603956,2026-09-30,0
603958,2026-09-30,0
603960,2026-09-30,0
603966,2026-09-30,0
603967,2026-09-30,0
603968,2026-09-30,0
603969,2026-09-30,0
603970,2026-09-30,0
603976,2026-09-30,0
603977,2026-09-30,0
603978,2026-09-30,0
603979,2026-09-30,0
603980,2026-09-30,0
603982,2026-09-30,0
603983,2026-09-30,0
603985,2026-09-30,0
603986,2026-09-30,0
603987,2026-09-30,0
603988,2026-09-30,0
603989,2026-09-30,0
603990,2026-09-30,0
603991,2026-09-30,0
603992,2026-09-30,0
603993,2026-09-30,0
603995,2026-09-30,0
603997,2026-09-30,0
603998,2026-09-30,0
603999,2026-09-30,0
605001,2026-09-30,0
605003,2026-09-30,0
605005,2026-09-30,0
605006,2026-09-30,0
605007,2026-09-30,0
605008,2026-09-30,0
605009,2026-09-30,0
605011,2026-09-30,1
605016,2026-09-30,0
605018,2026-09-30,0
605020,2026-09-30,0
605028,2026-09-30,0
605033,2026-09-30,0
605050,2026-09-30,0
605055,2026-09-30,0
605056,2026-09-30,0
605058,2026-09-30,0
605060,2026-09-30,0
605066,2026-09-30,0
605068,2026-09-30,0
605069,2026-09-30,0
605077,2026-09-30,0
605080,2026-09-30,0
605086,2026-09-30,0
605088,2026-09-30,0
605089,2026-09-30,0
605090,2026-09-30,0
605098,2026-09-30,0
605099,2026-09-30,0
605100,2026-09-30,0
605108,2026-09-30,0
605111,2026-09-30,0
605116,2026-09-30,0
605117,2026-09-30,0
605118,2026-09-30,0
605122,2026-09-30,0
605123,2026-09-30,0
605128,2026-09-30,0
605133,2026-09-30,0
605136,2026-09-30,0
605138,2026-09-30,0
605151,2026-09-30,0
605155,2026-09-30,0
605158,2026-09-30,0
605162,2026-09-30,0
605166,2026-09-30,0
605167,2026-09-30,0
605168,2026-09-30,0
605169,2026-09-30,0
605177,2026-09-30,0
605178,2026-09-30,0
605179,2026-09-30,0
605180,2026-09-30,0
605183,2026-09-30,0
605186,2026-09-30,0
605188,2026-09-30,0
605189,2026-09-30,0
605196,2026-09-30,0
605198,2026-09-30,0
605208,2026-09-30,0
605218,2026-09-30,0
605222,2026-09-30,0
605228,2026-09-30,0
605255,2026-09-30,0
605258,2026-09-30,0
605259,2026-09-30,0
605266,2026-09-30,0
605268,2026-09-30,0
605277,2026-09-30,0
605286,2026-09-30,0
605287,2026-09-30,1
605288,2026-09-30,1
605289,2026-09-30,0
605296,2026-09-30,0
605298,2026-09-30,0
605299,2026-09-30,0
605300,2026-09-30,0
605303,2026-09-30,2
605305,2026-09-30,0
605318,2026-09-30,0
605319,2026-09-30,0
605333,2026-09-30,0
605337,2026-09-30,0
605338,2026-09-30,0
605339,2026-09-30,0
605358,2026-09-30,0
605365,2026-09-30,0
605366,2026-09-30,0
605368,2026-09-30,0
605369,2026-09-30,0
605376,2026-09-30,0
605377,2026-09-30,0
605378,2026-09-30,0
605388,2026-09-30,2
605389,2026-09-30,0
605398,2026-09-30,0
605399,2026-09-30,0
605488,2026-09-30,0
605499,2026-09-30,0
605500,2026-09-30,0
605507,2026-09-30,0
605555,2026-09-30,0
605566,2026-09-30,0
605567,2026-09-30,0
605577,2026-09-30,1
605580,2026-09-30,0
605588,2026-09-30,0
605589,2026-09-30,0
605598,2026-09-30,0
605599,2026-09-30,0
